あい,阿井
あい,愛
あい,曾
あい,相
あい,藍
あい,會
あいい,相井
あいうち,四十内
あいうち,相内
あいうら,相浦
あいえ,阿江
あいえ,相江
あいお,合尾
あいおい,相生
あいか,秋鹿
あいか,相賀
あいかた,相方
あいかみ,相上
あいかみ,相神
あいかわ,阿井川
あいかわ,愛川
あいかわ,鮎川
あいかわ,会川
あいかわ,合川
あいかわ,四十川
あいかわ,相河
あいかわ,相川
あいかわ,淡川
あいかわ,藍川
あいが,相賀
あいがき,愛垣
あいがき,相垣
あいがさ,相笠
あいがせ,相ヶ瀬
あいがみ,相上
あいがみ,相神
あいき,愛木
あいき,会木
あいき,合木
あいき,四十木
あいき,相木
あいき,藍木
あいきょう,愛敬
あいきょう,鮎京
あいきょう,相京
あいきょう,相亰
あいくら,相倉
あいぐち,合口
あいぐち,藍口
あいこ,相子
あいこう,愛甲
あいこし,相越
あいごし,相越
あいさか,逢坂
あいさか,合阪
あいさか,相坂
あいさか,相阪
あいさわ,逢沢
あいさわ,相沢
あいざ,相座
あいざき,合崎
あいざき,四十崎
あいざき,相崎
あいざわ,愛沢
あいざわ,愛澤
あいざわ,逢沢
あいざわ,逢澤
あいざわ,鮎沢
あいざわ,鮎澤
あいざわ,会沢
あいざわ,会澤
あいざわ,合沢
あいざわ,合澤
あいざわ,四十沢
あいざわ,四十澤
あいざわ,相沢
あいざわ,相澤
あいざわ,藍沢
あいざわ,藍澤
あいざわ,會沢
あいざわ,會澤
あいした,愛下
あいしま,相島
あいじ,合路
あいじま,相島
あいじま,相嶋
あいす,愛洲
あいす,愛須
あいす,相須
あいず,會津
あいずみ,四十住
あいずみ,相墨
あいせ,相瀬
あいぜき,相関
あいぜん,愛染
あいそ,相磯
あいそ,相曾
あいそ,相曽
あいそ,相蘇
あいそう,相宗
あいた,会田
あいた,相多
あいた,相田
あいた,會田
あいたけ,四十竹
あいたに,合谷
あいたに,四十谷
あいたに,相谷
あいたに,藍谷
あいだ,愛田
あいだ,会田
あいだ,間
あいだ,合田
あいだ,四十田
あいだ,相田
あいだ,藍田
あいだ,會田
あいだに,間谷
あいち,愛知
あいち,愛智
あいち,相地
あいちゃ,相茶
あいつき,合月
あいつき,相築
あいつぼ,合坪
あいづ,会津
あいづ,合津
あいづ,相津
あいづ,會津
あいづき,合月
あいと,合戸
あいと,相戸
あいとう,相当
あいとう,相藤
あいとく,相徳
あいど,合戸
あいない,相内
あいの,愛野
あいの,相野
あいの,藍野
あいのだ,相野田
あいのや,相野谷
あいはた,間畠
あいはた,相畑
あいはた,藍畑
あいはら,愛原
あいはら,粟飯原
あいはら,合原
あいはら,相原
あいはら,藍原
あいはら,會原
あいば,愛場
あいば,愛波
あいば,愛葉
あいば,会場
あいば,間場
あいば,間馬
あいば,饗場
あいば,饗庭
あいば,合場
あいば,合庭
あいば,餐場
あいば,相羽
あいば,相場
あいば,相庭
あいば,相波
あいば,相葉
あいば,藍場
あいば,藍葉
あいばら,粟飯原
あいばら,相原
あいびき,相引
あいべ,相部
あいぼし,相星
あいまつ,相松
あいみ,会見
あいみ,相見
あいみ,會見
あいみや,相宮
あいむ,相武
あいもと,相本
あいもの,四十物
あいものや,四十物谷
あいや,愛屋
あいやま,愛山
あいやま,四十山
あいやま,相山
あいよし,相吉
あいよしざわ,相吉沢
あいよしざわ,相吉澤
あいら,姶良
あいろく,合六
あうち,阿内
あえ,阿江
あえば,饗場
あえば,饗庭
あお,阿尾
あお,粟生
あお,青
あおあい,青合
あおい,青井
あおいけ,青池
あおいし,青石
あおいだ,葵田
あおいで,青出
あおう,粟生
あおうだ,粟生田
あおうめ,青梅
あおえ,青栄
あおえ,青江
あおえ,青枝
あおえだ,青枝
あおお,青尾
あおか,青鹿
あおかげ,青陰
あおかげ,青影
あおかげ,青景
あおかた,青方
あおかわ,青川
あおがい,青海
あおがい,青貝
あおがき,青垣
あおがき,青柿
あおき,青黄
あおき,青鬼
あおき,青樹
あおき,青城
あおき,青木
あおぎ,青儀
あおくさ,青草
あおぐも,青雲
あおさ,青佐
あおさか,青坂
あおさき,（山の下に奇）
あおさき,青崎
あおささ,青笹
あおさわ,青澤
あおざき,青崎
あおざさ,青笹
あおし,青枝
あおしか,青鹿
あおしば,青柴
あおしま,青島
あおしま,青嶋
あおじ,青地
あおぞの,青園
あおぞら,青空
あおた,粟生田
あおた,青田
あおたか,青高
あおたけ,青竹
あおたに,青谷
あおち,青地
あおぢ,青地
あおつか,青（土へんに冢）
あおつか,青塚
あおつか,青墳
あおづか,青塚
あおてき,青手木
あおと,青戸
あおと,青砥
あおとう,青藤
あおなし,青梨
あおなみ,青波
あおにし,青西
あおぬき,青貫
あおぬま,青沼
あおね,青根
あおの,青野
あおば,青羽
あおば,青葉
あおぶち,青淵
あおまつ,青松
あおまめ,青豆
あおみ,青海
あおみ,青見
あおみ,青水
あおみ,碧海
あおみね,青峰
あおむら,青村
あおめ,青目
あおもと,青本
あおもり,青森
あおもり,青盛
あおもり,蒼森
あおや,青屋
あおや,青谷
あおや,青矢
あおやぎ,青（木へんに夘）
あおやぎ,青柳
あおやど,青宿
あおやなぎ,青柳
あおやま,青山
あおやま,碧山
あおり,阿折
あか,阿嘉
あかあな,赤穴
あかい,赤井
あかい,赤居
あかい,明井
あかい,閼伽井
あかいけ,赤池
あかいざわ,赤井沢
あかいし,赤石
あかいし,明石
あかいしざわ,赤石沢
あかいだ,赤井田
あかいでがわ,赤出川
あかいはた,赤井畑
あかいわ,赤岩
あかうし,赤牛
あかえ,赤江
あかえだ,赤枝
あかお,赤尾
あかおか,赤岡
あかおぎ,赤荻
あかおぜき,赤尾関
あかかべ,赤家部
あかかべ,赤壁
あかがき,赤垣
あかがし,赤樫
あかがね,赤金
あかがね,銅
あかがみ,赤上
あかがみ,赤神
あかがりやま,赤狩山
あかがわ,赤川
あかき,赤木
あかぎ,赤城
あかぎ,赤木
あかぎし,赤岸
あかぎり,赤桐
あかくぼ,赤久保
あかくま,赤熊
あかくら,赤倉
あかぐま,赤熊
あかぐり,赤栗
あかげ,赤毛
あかさか,赤坂
あかさか,赤阪
あかさき,赤（崎の大が立）
あかさき,赤崎
あかさこ,赤窄
あかさこ,赤迫
あかさわ,赤沢
あかさわ,赤澤
あかざ,赤座
あかざき,赤（崎の大が立）
あかざき,赤崎
あかざわ,赤沢
あかざわ,赤澤
あかし,紅
あかし,赤司
あかし,朋石
あかし,明石
あかしお,赤塩
あかしか,赤鹿
あかしげ,赤繁
あかした,赤下
あかしば,赤柴
あかしば,赤芝
あかしま,赤島
あかしろ,赤城
あかじ,赤地
あかじ,赤路
あかす,赤須
あかせ,赤瀬
あかせ,明瀬
あかせがわ,赤瀬川
あかそ,赤楚
あかそふ,赤祖父
あかぞめ,赤染
あかた,赤田
あかたき,赤滝
あかたに,赤谷
あかだ,赤田
あかち,赤地
あかち,明智
あかつ,吾勝
あかつ,赤津
あかつか,赤（土へんに冢）
あかつか,赤塚
あかつき,暁
あかつき,曉
あかつち,赤土
あかとう,赤塔
あかど,赤土
あかどまり,赤泊
あかな,赤穴
あかな,赤名
あかにし,赤西
あかぬま,赤沼
あかね,茜
あかね,赤根
あかねがくぼ,茜ヶ久保
あかねや,茜谷
あかねや,赤根谷
あかの,赤野
あかは,赤羽
あかはぎ,赤萩
あかはた,赤畑
あかはた,赤畠
あかはな,赤花
あかはに,赤埴
あかはね,赤羽
あかはね,赤羽根
あかはね,赤波根
あかはま,赤浜
あかはら,赤原
あかば,赤羽
あかばえ,赤波江
あかばたけ,赤畠
あかばね,赤羽
あかばね,赤羽根
あかばね,赤刎
あかばめ,赤羽目
あかばやし,赤林
あかひげ,赤髭
あかひで,赤秀
あかひら,赤平
あかふじ,赤藤
あかふち,赤渕
あかぶち,赤淵
あかべ,赤部
あかほ,赤保
あかほ,赤穂
あかほ,赤穗
あかほし,赤星
あかほり,赤堀
あかぼし,赤星
あかぼり,赤堀
あかま,赤間
あかま,赤真
あかまた,赤股
あかまつ,赤松
あかまる,赤丸
あかみ,赤見
あかみず,赤水
あかみない,赤見内
あかみね,阿嘉嶺
あかみね,赤峰
あかみね,赤峯
あかみね,赤嶺
あかむね,赤宗
あかむら,赤村
あかもと,赤本
あかもり,赤森
あかや,赤谷
あかやま,赤山
あかり,亜厂
あかり,明里
あかる,耀
あが,阿河
あが,阿賀
あがおか,阿賀岡
あがき,阿垣
あがけ,安掛
あがた,阿形
あがた,阿縣
あがた,安形
あがた,県
あがた,縣
あがたはま,阿潟浜
あがつま,我妻
あがつま,吾妻
あがつま,上妻
あがの,上野
あがり,上利
あがり,上里
あがりえ,東江
あがりお,上尾
あがりかなぐすく,東金城
あがりた,上里田
あがりた,揚田
あがりはま,上り浜
あがわ,阿河
あがわ,阿川
あがわ,安川
あき,阿木
あき,安喜
あき,安岐
あき,安芸
あき,安藝
あき,秋
あきいけ,秋池
あきいずみ,秋泉
あきう,秋生
あきう,秋保
あきえ,秋江
あきえだ,穐枝
あきえだ,秋枝
あきお,秋尾
あきおか,穐岡
あきおか,秋岡
あきかぜ,秋風
あきかわ,秋川
あきがわ,秋川
あきくさ,秋草
あきくに,秋國
あきくぼ,秋久保
あきぐさ,秋草
あきぐち,秋口
あきぐち,明口
あきさか,秋坂
あきさか,明坂
あきさだ,秋貞
あきさだ,秋定
あきさと,秋里
あきさわ,秋沢
あきさわ,秋澤
あきざき,秋崎
あきざと,秋里
あきざわ,穐澤
あきざわ,秋沢
あきざわ,秋澤
あきしか,秋鹿
あきしげ,秋重
あきした,秋下
あきしの,秋篠
あきしま,秋島
あきしろ,秋城
あきすえ,秋末
あきずき,秋月
あきずみ,秋炭
あきせ,明瀬
あきぞの,秋園
あきた,穐田
あきた,秋田
あきた,飽田
あきた,明田
あきた,龝田
あきたけ,秋竹
あきたに,秋谷
あきたや,秋田谷
あきだ,明田
あきちか,穐近
あきつ,秋津
あきつね,秋常
あきづえ,明杖
あきづか,秋塚
あきづき,秋月
あきづき,秋槻
あきづき,明月
あきづき,明槻
あきとみ,秋富
あきとみ,秋冨
あきとも,秋友
あきどみ,秋冨
あきなか,八月十五日
あきなが,秋永
あきなが,秋長
あきなり,秋成
あきにわ,秋庭
あきね,秋根
あきの,秋濃
あきの,秋野
あきのう,秋濃
あきのぶ,秋信
あきはた,秋畑
あきはま,秋浜
あきはら,穐原
あきはら,秋原
あきば,穐葉
あきば,秋場
あきば,秋庭
あきば,秋馬
あきば,秋葉
あきばやし,秋林
あきばやし,昭林
あきひさ,秋久
あきひろ,秋廣
あきふさ,秋房
あきふじ,秋藤
あきほ,秋保
あきほ,秋穂
あきま,秋間
あきまさ,秋政
あきまつ,秋松
あきまる,秋丸
あきみず,秋水
あきみち,秋道
あきみつ,秋光
あきみつ,秋満
あきみね,秋峯
あきみね,秋嶺
あきむね,秋宗
あきむら,穐村
あきむら,秋村
あきもと,穐元
あきもと,穐本
あきもと,秋元
あきもと,秋本
あきもと,飽本
あきもと,明元
あきもと,龝本
あきもり,秋森
あきや,秋家
あきや,秋谷
あきやす,秋安
あきやま,穐山
あきやま,暁山
あきやま,秋山
あきやま,明山
あきやま,龝山
あきよし,穐吉
あきよし,秋（吉の士が土）
あきよし,秋吉
あきよし,秋好
あきよし,明吉
あきよし,龝吉
あきら,秋楽
あきら,晶
あきら,審
あきら,審良
あきら,明
あきら,明楽
あきら,明樂
あきわ,秋和
あぎし,阿岸
あく,安久
あくい,阿久井
あくい,安久井
あくさわ,阿久沢
あくさわ,阿久澤
あくざわ,阿久沢
あくざわ,阿久澤
あくしち,悪七
あくた,芥
あくた,芥田
あくた,飽田
あくたがわ,芥川
あくたや,芥屋
あくつ,阿久津
あくつ,安久津
あくつ,堆
あくつ,圷
あくと,阿久戸
あくと,肥土
あくと,飽戸
あくど,阿久戸
あくね,阿久根
あくむし,悪虫
あぐ,安久
あぐい,阿久井
あぐい,安居
あぐい,安居院
あぐい,安喰
あぐい,日外
あぐいん,安居院
あぐさ,阿草
あぐち,阿口
あぐに,粟国
あぐね,阿具根
あぐね,莫根
あぐら,安倉
あぐり,安久利
あぐろ,阿黒
あぐろ,安黒
あけ,朱
あけ,明
あけい,明井
あけうち,明内
あけお,明尾
あけがみ,明上
あけがらす,暁烏
あけぎ,明木
あけさか,明坂
あけさだ,明定
あけしま,明島
あけしろ,明代
あけじま,明島
あけずみ,明隅
あけた,緋田
あけた,明田
あけたがわ,明田川
あけたに,明谷
あけだ,緋田
あけだ,明田
あけち,明知
あけち,明地
あけち,明智
あけち,明致
あけづま,明妻
あけと,明戸
あけど,明渡
あけな,安慶名
あけなが,明永
あけにわ,明庭
あけの,明野
あけはし,明橋
あけはた,明畠
あけばやし,明林
あけひ,明日
あけひ,明比
あけび,明比
あけべ,明部
あけほ,明穂
あけほし,明星
あけぼし,明星
あけぼの,明保能
あけま,明間
あけまさ,明政
あけまつ,明松
あけみ,明海
あけみ,明見
あけみつ,明光
あけみね,明峯
あけむら,明村
あけもと,明元
あけもと,明本
あけや,明谷
あけやま,朱山
あけやま,明山
あけよし,明吉
あけら,明楽
あけら,明樂
あけり,明里
あげ,揚
あげい,揚井
あげいし,上石
あげいし,揚石
あげいわ,揚岩
あげさわ,上沢
あげしお,揚塩
あげじ,上路
あげた,安慶田
あげた,上田
あげた,明田
あげた,揚田
あげだ,安慶田
あげつま,上妻
あげつま,揚妻
あげと,揚戸
あげな,安慶名
あげの,揚野
あげのその,上之園
あげはま,上濱
あげはら,揚原
あげまつ,上松
あげみ,上見
あげみず,上水
あげむら,揚村
あげもと,上本
あこ,阿古
あこ,阿児
あこ,吾子
あこう,赤穂
あこう,赤廣
あこう,赤穗
あこうだに,赤穂谷
あこした,阿古下
あこしま,阿子島
あこじま,阿子島
あごう,阿郷
あごう,吾郷
あさ,阿佐
あさ,浅
あさ,朝
あさ,麻
あさい,旭井
あさい,浅井
あさい,朝位
あさい,朝井
あさい,朝居
あさい,麻井
あさい,淺井
あさいし,浅石
あさいね,朝稲
あさう,朝鵜
あさうえ,麻植
あさうち,朝内
あさうみ,浅海
あさうら,浅浦
あさうら,朝浦
あさえ,浅江
あさえ,朝栄
あさえ,朝江
あさえだ,浅枝
あさえだ,朝枝
あさえだ,淺枝
あさお,浅黄
あさお,浅生
あさお,浅尾
あさお,浅雄
あさお,旦尾
あさお,朝生
あさお,朝尾
あさお,麻生
あさお,麻尾
あさおか,浅岡
あさおか,朝岡
あさおか,麻岡
あさか,阿坂
あさか,安坂
あさか,安積
あさか,浅加
あさか,浅賀
あさか,浅香
あさか,朝賀
あさか,朝香
あさか,淺香
あさかい,浅海
あさかい,浅貝
あさかい,朝海
あさかい,朝貝
あさかげ,浅蔭
あさかげ,朝蔭
あさかみ,浅上
あさかわ,浅川
あさかわ,朝河
あさかわ,朝川
あさかわ,麻河
あさかわ,麻川
あさかわ,淺川
あさが,浅賀
あさが,朝賀
あさが,麻賀
あさがい,浅貝
あさがい,朝貝
あさがお,朝顔
あさがみ,浅上
あさがみ,麻上
あさがわ,浅川
あさき,浅木
あさき,朝喜
あさき,朝樹
あさき,朝木
あさき,朝来
あさき,麻喜
あさき,麻木
あさきもり,浅木森
あさぎ,浅黄
あさぎ,浅木
あさぎ,淺木
あさぎり,浅桐
あさぎり,浅霧
あさぎり,淺桐
あさくさ,浅草
あさくに,朝国
あさくの,朝久野
あさくの,朝来野
あさくぼ,浅窪
あさくま,朝熊
あさくま,朝隈
あさくら,浅倉
あさくら,浅蔵
あさくら,朝倉
あさくろ,朝倉
あさげ,阿佐慶
あさこ,浅古
あさこ,浅子
あさこ,朝子
あさこし,浅越
あさこし,淺越
あさごえ,浅越
あさごし,浅越
あささか,浅坂
あさざわ,浅沢
あさざわ,浅澤
あさざわ,朝澤
あさざわ,淺澤
あさしば,浅芝
あさしま,浅島
あさじ,浅地
あさじ,淺治
あさじま,浅島
あさじま,浅嶋
あさじま,麻島
あさずま,浅妻
あさずま,朝妻
あさたに,浅谷
あさたに,麻谷
あさたに,淺谷
あさだ,阿早田
あさだ,浅田
あさだ,朝田
あさだ,麻田
あさだ,淺田
あさぢ,浅地
あさつ,浅津
あさつか,朝塚
あさつけ,朝付
あさつま,浅妻
あさつま,朝妻
あさづ,浅津
あさづき,朝月
あさづま,浅妻
あさづま,朝妻
あさづま,麻妻
あさと,安里
あさと,朝戸
あさとみ,浅富
あさとみ,浅冨
あさど,朝戸
あさな,浅名
あさなか,朝中
あさなか,麻中
あさなが,浅長
あさなぎ,麻薙
あさなべ,朝鍋
あさなみ,浅並
あさなみ,朝波
あさなり,浅成
あさにし,朝西
あさぬま,浅沼
あさぬま,浅湫
あさぬま,淺沼
あさの,浅埜
あさの,浅野
あさの,朝野
あさの,麻野
あさの,淺野
あさのい,浅野井
あさのい,麻野井
あさのま,浅野間
あさのみ,浅海
あさのめ,浅野目
あさは,浅葉
あさはた,浅畑
あさはた,麻畑
あさはた,麻畠
あさはら,浅原
あさはら,朝原
あさはら,麻原
あさはら,淺原
あさば,浅羽
あさば,浅場
あさば,浅葉
あさば,麻場
あさば,淺羽
あさばたけ,麻畠
あさばやし,浅林
あさひ,旭
あさひ,朝火
あさひ,朝日
あさひ,朝比
あさひ,朝飛
あさひおか,旭岡
あさひだ,旭田
あさひな,朝夷
あさひな,朝比奈
あさひや,旭谷
あさひろ,朝広
あさひろ,朝廣
あさふじ,朝藤
あさぶ,朝生
あさぶ,麻生
あさぶき,朝吹
あさぶし,朝武士
あさべ,阿佐部
あさべ,浅部
あさべ,朝部
あさほ,朝穂
あさほ,朝穗
あさほり,浅堀
あさほり,朝堀
あさま,浅間
あさま,朝間
あさま,朝馬
あさま,淺間
あさまち,朝町
あさまつ,浅松
あさまつ,淺松
あさみ,阿佐見
あさみ,阿佐美
あさみ,阿左見
あさみ,阿左美
あさみ,浅海
あさみ,浅見
あさみ,浅美
あさみ,朝海
あさみ,朝見
あさみ,朝民
あさみず,浅水
あさみつ,朝光
あさみどり,朝緑
あさむら,浅村
あさむら,淺村
あさめん,浅面
あさもと,浅本
あさもと,朝元
あさもと,朝本
あさもと,麻元
あさもり,浅森
あさもり,朝森
あさや,浅谷
あさやま,浅山
あさやま,朝山
あさやま,淺山
あさり,浅利
あさり,浅里
あさり,麻里
あさわ,浅輪
あさわ,浅和
あさわか,浅若
あざかみ,阿座上
あざかみ,呰上
あざがみ,安座上
あざごえ,浅越
あざま,阿座間
あざま,安座間
あざみ,阿佐美
あざみ,阿左美
あざみ,浅見
あざみ,莇
あざみ,薊
あざみた,莇田
あし,芦
あしあらい,足洗
あしうち,芦内
あしお,芦生
あしお,芦尾
あしお,足尾
あしおい,芦生
あしおか,芦岡
あしか,足駕
あしかい,芦界
あしかが,足利
あしかり,葦苅
あしかり,芦刈
あしかわ,芦川
あしかわ,蘆川
あしが,阿志賀
あしがき,芦垣
あしがき,足垣
あしがや,芦ヶ谷
あしき,足木
あしきた,芦北
あしくぼ,芦久保
あしぐち,芦口
あしさき,芦崎
あしさこ,芦硲
あしざき,芦崎
あしざわ,葦沢
あしざわ,葦澤
あしざわ,芦沢
あしざわ,芦澤
あしざわ,足沢
あしざわ,蘆沢
あしざわ,蘆澤
あしずみ,芦住
あした,芦田
あしたか,芦高
あしたか,足高
あしたがわ,芦田川
あしたて,芦立
あしたに,葦谷
あしたに,芦谷
あしたに,足谷
あしたに,蘆谷
あしだ,葦田
あしだ,芦田
あしだ,足田
あしだ,蘆田
あしだて,芦立
あしだて,蘆立
あしつ,葦津
あしづ,葦津
あしづ,芦津
あしづか,芦塚
あしとみ,安次富
あしな,葦名
あしな,芦名
あしなか,芦中
あしなざわ,芦名澤
あしぬま,芦沼
あしの,葦埜
あしの,芦野
あしはら,悪原
あしはら,芦原
あしはら,足原
あしはら,蘆原
あしば,芦葉
あしば,足羽
あしばやし,芦林
あしばら,芦原
あしぶ,芦部
あしべ,芦部
あしべ,芦辺
あしべ,蘆邉
あしま,芦間
あしみね,安次嶺
あしむら,芦村
あしむら,蘆村
あしもと,芦本
あしもり,芦森
あしもり,足森
あしや,芦谷
あしやま,芦山
あしわ,足羽
あしわけ,芦分
あしわら,芦原
あじ,阿字
あじ,安治
あじおか,味岡
あじか,味香
あじかた,味方
あじかわ,阿路川
あじかわ,安治川
あじかわ,庵治川
あじき,阿式
あじき,安喰
あじき,安食
あじき,味木
あじぐち,味口
あじさか,鯵坂
あじさか,鰺坂
あじさわ,味沢
あじさわ,味澤
あじし,味志
あじた,味田
あじたに,味谷
あじち,阿字地
あじち,阿慈知
あじち,阿慈地
あじち,味地
あじつ,安室
あじと,味戸
あじとみ,安次富
あじとみ,安次冨
あじな,阿品
あじま,阿島
あじま,安島
あじま,安嶋
あじみ,安心院
あじみね,安次嶺
あじむ,安心院
あじむら,味村
あじもと,味本
あじゃり,阿舎利
あじやま,味山
あじろ,安代
あじろ,足代
あじろ,網代
あすか,安宿
あすか,飛鳥
あすかい,飛鳥井
あすかた,飛鳥田
あすかた,飛鳥方
あすかま,飛鳥間
あすけ,足助
あすま,飛鳥間
あすま,飛鳥馬
あすま,遊馬
あすみ,阿隅
あすやま,明日山
あすわ,阿諏訪
あずい,安随
あずき,小豆
あずきさわ,小豆沢
あずきさわ,小豆澤
あずきざわ,小豆沢
あずきざわ,小豆澤
あずきの,小豆野
あずせ,東瀬
あずはた,小豆畑
あずま,阿妻
あずま,阿萬
あずま,我妻
あずま,吾妻
あずま,四阿
あずま,東
あずま,東妻
あずまい,東井
あずまいし,東石
あずまうち,東内
あずまかわ,東川
あずまがいと,東垣外
あずまだ,東田
あずまね,東根
あずまの,東野
あずまみ,東見
あずまや,東屋
あずまや,東谷
あずみ,阿住
あずみ,阿澄
あずみ,阿曇
あずみ,安海
あずみ,安住
あずみ,安積
あせ,阿瀬
あせち,阿世知
あせち,阿瀬知
あせみ,阿瀬見
あぜ,畦
あぜうら,畦浦
あぜかわ,畔川
あぜがみ,畔上
あぜくら,畦倉
あぜこし,畔越
あぜざき,畔崎
あぜた,畦田
あぜた,畝田
あぜた,畔田
あぜたか,畔高
あぜち,阿世知
あぜち,畦地
あぜち,畔地
あぜち,疇地
あぜつ,畔津
あぜはら,畦原
あぜはら,畔原
あぜまち,畦町
あぜもと,畦元
あぜもと,畦本
あぜもと,畝本
あぜやなぎ,畦柳
あぜやなぎ,畔柳
あそ,阿曾
あそ,阿曽
あそ,阿蘇
あそ,阿蘓
あそ,安曽
あそ,安蘇
あそ,安蘓
あそ,麻生
あそう,阿宗
あそう,阿相
あそう,浅生
あそう,朝生
あそう,麻生
あそう,淺生
あそがわ,麻生川
あそたに,阿蘇谷
あそだ,阿曽田
あそだ,安曽田
あそだ,遊田
あそぬま,阿曽沼
あそべ,遊部
あそや,安蘇谷
あそん,阿孫
あた,阿多
あたいがわ,安宅川
あたえ,与
あたえ,與
あたか,阿高
あたか,安高
あたか,安宅
あたかやま,安宅山
あたがわ,阿田川
あたぎ,安宅
あたぎ,能木
あたく,阿宅
あたぐち,阿多口
あたけ,阿竹
あたけ,阿武
あたけ,安宅
あたご,愛宕
あたち,足立
あたみ,熱海
あたら,新
あたらし,新
あたらし,新子
あたらしや,新屋
あたり,阿多利
あたり,中
あたり,当
あたり,當
あだがわ,阿田川
あだち,阿達
あだち,芦達
あだち,芦立
あだち,安達
あだち,安立
あだち,安逹
あだち,足達
あだち,足立
あだち,明立
あだちはら,足立原
あだにや,安谷屋
あちおく,東奥
あちは,阿知波
あちは,阿知葉
あちば,阿知葉
あちゃ,阿茶
あちら,阿知羅
あちら,阿知良
あちわ,阿知波
あちわ,阿知和
あぢき,安食
あぢさか,鰺坂
あっそ,且来
あっぱり,遖
あつ,阿津
あつ,厚
あつい,厚井
あつうみ,厚海
あつうら,厚浦
あつかわ,阿津川
あつかわ,厚川
あつがせ,厚ケ瀬
あつがせ,厚ヶ瀬
あつき,安月
あつき,厚木
あつぎ,厚木
あつさわ,敦澤
あつざわ,厚沢
あつざわ,厚澤
あつし,厚
あつし,篤
あつしば,厚芝
あつじ,阿辻
あつじ,阿閉
あつじ,厚地
あつた,厚田
あつた,敦田
あつた,熱田
あつち,圧地
あつち,厚地
あつぢ,厚地
あつはた,安津畑
あつみ,渥見
あつみ,渥美
あつみ,安海
あつみ,厚海
あつみ,厚見
あつみ,厚美
あつみ,厚味
あつみ,敦見
あつみ,熱海
あつむら,厚村
あつめ,厚目
あつも,厚母
あつや,厚谷
あつわた,厚綿
あづ,阿津
あづきざわ,小豆澤
あづた,吾田
あづち,阿津地
あづち,安土
あづち,足土
あづま,阿妻
あづま,安妻
あづま,我妻
あづま,吾妻
あづま,四阿
あづま,東
あづま,東生
あづま,東都
あづみ,安海
あづみ,安積
あてんぼう,阿天坊
あでかわ,阿出川
あでがわ,阿出川
あと,阿戸
あといで,後出
あとう,阿藤
あとうだ,阿刀田
あとがみ,後上
あとがみ,後神
あとがみ,跡上
あとぐち,後口
あとじ,阿閉
あとじ,跡治
あとじ,跡地
あとだ,阿刀田
あとの,後野
あとはら,後原
あとべ,跡部
あとべ,跡辺
あとべ,跡邊
あとみ,跡見
あとやま,後山
あとろ,後路
あど,阿戸
あどう,網頭
あない,穴井
あなお,穴生
あなお,穴太
あなおり,穴織
あなかぜ,穴風
あながま,穴竈
あながわ,穴川
あなくぼ,穴久保
あなくら,穴倉
あなくら,穴蔵
あなぐち,穴口
あなぐら,穴蔵
あなざわ,穴沢
あなざわ,穴澤
あなしげ,穴繁
あなせ,穴瀬
あなた,英
あなたに,穴谷
あなだ,穴田
あなち,穴地
あなとり,穴鳥
あなはら,穴原
あなばら,穴原
あなぶき,穴吹
あなほ,穴穂
あなほ,穴穗
あなみ,阿南
あなみ,穴見
あなみず,穴水
あなみつ,穴光
あなもと,穴本
あなやま,穴山
あなん,阿南
あなん,穴南
あにい,兄井
あにや,安仁屋
あにや,喜友名
あねかわ,姉川
あねがわ,姉川
あねさき,姉崎
あねざき,姉崎
あねたい,姉帯
あねは,姉歯
あの,阿野
あの,吾野
あのう,阿納
あのたに,安野谷
あのだ,安濃田
あはごん,阿波根
あはら,阿原
あはれん,阿波連
あば,阿波
あばさき,阿波嵜
あひこ,阿彦
あひこ,安彦
あびき,網引
あびくら,阿比倉
あびこ,阿彦
あびこ,安孫子
あびこ,安彦
あびこ,我孫子
あびこ,吾孫子
あびの,阿比野
あびる,阿比留
あびる,阿蒜
あびる,畔蒜
あふそ,安富祖
あふそ,安冨祖
あぶ,阿武
あぶ,安封
あぶえ,虻江
あぶかわ,虻川
あぶき,阿吹
あぶき,阿武木
あぶく,安福
あぶつか,鐙塚
あぶの,阿武野
あぶみ,阿踏
あぶみ,鎧
あぶみ,鐙
あぶみや,鐙屋
あぶみや,鐙谷
あぶら,油
あぶらい,油井
あぶらいし,油石
あぶらかわ,油川
あぶらき,油木
あぶらざ,油座
あぶらた,油田
あぶらたに,油谷
あぶらだ,油田
あぶらの,油野
あぶらもと,油本
あぶらや,油屋
あぶらや,油家
あぶらや,油谷
あべ,阿武
あべ,阿部
あべ,阿閉
あべ,阿辺
あべ,安倍
あべ,安部
あべ,安辺
あべい,安部井
あべかわ,阿部川
あべかわ,安部川
あべき,（木へんに青）木
あべくら,阿部倉
あべくら,安部倉
あべた,阿部田
あべた,安部田
あべまつ,（木へんに青）松
あべまつ,（木へんに青の月が円）松
あべまつ,棈松
あべやま,阿辺山
あべやま,安部山
あぼ,阿保
あぼ,安保
あぼ,英保
あぼう,阿保
あぼう,安保
あぼし,網干
あぼたに,阿保谷
あぽ,阿保
あま,阿万
あま,阿萬
あま,安満
あまい,天井
あまいけ,雨池
あまいけ,天池
あまいざわ,天井澤
あまいし,天石
あまいわ,天岩
あまう,天羽
あまう,天雨
あまうち,雨内
あまえ,天江
あまお,天尾
あまおおの,天王野
あまおか,天岡
あまおか,天岳
あまおか,尼岡
あまかい,雨海
あまかす,甘粕
あまかす,天春
あまかす,天粕
あまかた,天方
あまかわ,雨川
あまかわ,天河
あまかわ,天川
あまかわ,尼川
あまかわや,天川谷
あまが,天賀
あまがい,雨海
あまがい,雨貝
あまがい,雨甲斐
あまがい,雨谷
あまがい,天下井
あまがい,天海
あまがい,天貝
あまがい,天谷
あまがさ,天笠
あまがさき,尼崎
あまがす,甘粕
あまがす,天春
あまがせ,天ヶ瀬
あまがた,天形
あまがた,天方
あまがや,天賀谷
あまがわ,天川
あまき,雨木
あまき,甘木
あまき,天城
あまき,天木
あまき,尼木
あまき,味木
あまぎ,天城
あまぎ,天木
あまぎし,天岸
あまくさ,甘草
あまくさ,甘艸
あまくさ,天草
あまくに,天國
あまくら,天倉
あまこ,天児
あまこ,尼子
あまこし,雨越
あまごおり,雨郡
あまさ,甘佐
あまさか,天坂
あまさき,甘崎
あまさき,天崎
あまさき,尼崎
あまざき,甘崎
あまざき,天崎
あまざわ,天沢
あました,天下
あませ,天（瀬の頁が刀の下に貝）
あませ,天瀬
あまた,阿万田
あまた,阿萬田
あまた,天田
あまた,尼田
あまたけ,甘竹
あまたけ,天竹
あまたつ,天達
あまたつ,天辰
あまたに,天谷
あまたに,尼谷
あまだ,甘田
あまだ,天田
あまだ,尼田
あまだつ,天達
あまち,雨知
あまち,天知
あまち,天地
あまちょう,尼丁
あまつ,天津
あまつ,天都
あまつかわ,天津川
あまつじ,天辻
あまつち,天土
あまつつ,天筒
あまつつみ,天堤
あまつづみ,雨堤
あまづつみ,雨堤
あまとみ,天富
あまとみ,天冨
あまどめ,尼留
あまない,天内
あまなか,甘中
あまぬま,雨沼
あまぬま,天沼
あまね,天根
あまの,雨野
あまの,甘濃
あまの,天野
あまの,尼野
あまのめ,天生目
あまのや,天宅
あまは,天羽
あまはた,天畠
あまはや,天早
あまひろ,天弘
あまふじ,天藤
あまべ,天辺
あまべ,余部
あまほり,天堀
あまみ,天見
あまみず,雨水
あまみず,甘水
あまみつ,天光
あまみつ,天満
あまみや,雨宮
あまみや,天宮
あまみや,天都
あまむら,天村
あまめいし,天目石
あまもと,天本
あまもり,雨森
あまや,雨谷
あまや,雨夜
あまや,雨矢
あまや,甘谷
あまや,天宅
あまや,天谷
あまや,天矢
あまやす,天保
あまり,甘利
あまり,天利
あまわし,天鷲
あまん,阿万
あまん,阿萬
あみ,阿見
あみ,阿美
あみ,阿彌
あみ,安見
あみ,網
あみい,網井
あみいえ,網家
あみえ,網江
あみおか,網岡
あみかわ,網川
あみき,網木
あみくら,網倉
あみくら,網蔵
あみさき,網（崎の大が立）
あみさき,網崎
あみしま,綱島
あみしま,網島
あみしま,網嶋
あみしろ,網城
あみしろ,網代
あみじ,網治
あみじま,網島
あみた,網田
あみたに,真鍋
あみたに,網谷
あみだ,編田
あみつか,網塚
あみづか,網塚
あみと,網戸
あみなか,網中
あみなか,網仲
あみなが,網永
あみの,阿比野
あみの,網野
あみはま,網浜
あみふじ,網藤
あみほし,網干
あみむら,網村
あみもと,網元
あみもと,網本
あみもり,網守
あみや,阿宮
あみや,阿見弥
あみや,網屋
あみや,網谷
あみや,網矢
あめ,（餉の向が台）
あめ,飴
あめい,飴井
あめかわ,飴川
あめかわ,雨川
あめく,天久
あめくら,雨倉
あめさか,雨坂
あめざわ,雨沢
あめざわ,雨澤
あめしま,雨島
あめじま,雨嶋
あめた,雨田
あめたに,飴谷
あめたに,雨谷
あめだ,雨田
あめつじ,雨辻
あめつつみ,雨堤
あめづつみ,雨堤
あめの,飴野
あめのみや,雨之宮
あめのもり,雨森
あめま,雨間
あめまつ,雨松
あめみや,雨宮
あめむら,飴村
あめもり,雨森
あめや,飴家
あめや,飴谷
あめや,飴矢
あめやま,飴山
あめやま,雨山
あもう,天羽
あもせ,阿茂瀬
あもり,阿守
あや,阿野
あや,綾
あや,漢
あやい,綾井
あやおり,綾織
あやき,綾城
あやき,綾木
あやき,漢城
あやこうじ,綾小路
あやさか,綾坂
あやしろ,綾城
あやじき,安屋敷
あやせ,綾瀬
あやた,綾田
あやだ,綾田
あやと,綾戸
あやとう,綾塔
あやど,綾戸
あやに,綾仁
あやの,綾野
あやべ,綾部
あやま,阿山
あやむら,綾村
あやめ,綾女
あやめ,綾目
あやめ,菖蒲
あやもと,綾本
あやもり,綾森
あゆかい,鮎貝
あゆかわ,鮎川
あゆかわ,行川
あゆがい,鮎貝
あゆがせ,鮎ヶ瀬
あゆさわ,鮎沢
あゆさわ,鮎澤
あゆざわ,鮎沢
あゆざわ,鮎澤
あゆせ,鮎瀬
あゆた,鮎田
あゆは,阿由葉
あゆば,阿由葉
あら,阿羅
あら,阿良
あら,荒
あら,新
あら,新良
あらあけ,荒明
あらい,荒井
あらい,荒居
あらい,新井
あらい,新居
あらい,洗
あらい,洗井
あらいえ,荒家
あらいえ,新家
あらいかわ,洗川
あらいけ,荒池
あらいし,荒石
あらいずみ,荒泉
あらいだ,新井田
あらいだい,洗平
あらいば,新井場
あらいや,新井谷
あらうち,荒内
あらうみ,荒海
あらえ,荒栄
あらえ,荒江
あらえ,新江
あらえだ,荒枝
あらお,荒生
あらお,荒尾
あらおか,安良岡
あらおか,荒岡
あらかき,新垣
あらかど,荒角
あらかど,新門
あらかね,荒金
あらかわ,荒河
あらかわ,荒川
あらかわ,新川
あらかわ,洗川
あらが,荒賀
あらがい,荒貝
あらがき,新垣
あらがね,荒金
あらがね,鑛
あらがみ,荒神
あらき,阿良木
あらき,安良城
あらき,荒記
あらき,荒城
あらき,荒木
あらき,新城
あらき,新木
あらきだ,荒木田
あらぎ,蘭
あらぎし,荒岸
あらくだ,荒久田
あらくま,荒熊
あらくら,荒倉
あらくら,新倉
あらくら,嵐倉
あらぐち,荒口
あらけ,荒毛
あらこ,荒古
あらこ,荒子
あらこま,荒駒
あらこも,荒薦
あらさき,荒（崎の大が立）
あらさき,荒崎
あらさき,新崎
あらさわ,荒沢
あらさわ,荒澤
あらし,嵐
あらしか,荒鹿
あらしかわ,嵐川
あらしき,新鋪
あらした,新下
あらしだ,嵐田
あらしだに,嵐谷
あらしま,荒島
あらしやま,嵐山
あらしろ,安良城
あらしろ,荒城
あらしろ,新城
あらすな,荒砂
あらせ,荒瀬
あらせ,荒勢
あらせき,荒関
あらぜき,荒関
あらぜに,荒銭
あらた,安良田
あらた,荒田
あらた,新
あらた,新タ
あらた,新多
あらた,新田
あらたがわ,荒田川
あらたき,荒瀧
あらたけ,荒竹
あらたけ,荒武
あらたけ,荒嶽
あらたし,新
あらたて,荒舘
あらたに,顕谷
あらたに,荒谷
あらたの,（余の下に田）野
あらたま,新玉
あらため,新田目
あらため,新目
あらだち,荒舘
あらち,荒地
あらつ,荒津
あらと,荒戸
あらと,荒砥
あらとう,荒当
あらとの,荒殿
あらどの,荒殿
あらない,荒内
あらなが,荒永
あらなみ,荒浪
あらなみ,荒濤
あらにし,荒西
あらの,荒納
あらの,荒野
あらの,新野
あらのう,荒能
あらはし,荒橋
あらはた,荒幡
あらはた,荒畑
あらはた,荒畠
あらはた,新幡
あらはま,荒浜
あらはら,荒原
あらはり,荒張
あらはる,新治
あらはん,荒幡
あらば,荒場
あらひ,荒樋
あらひら,荒平
あらびき,荒引
あらふか,荒深
あらふね,荒船
あらふね,荒舩
あらふね,新舟
あらふね,新船
あらほり,荒堀
あらぼり,荒堀
あらま,荒間
あらまき,荒巻
あらまき,荒蒔
あらまき,荒牧
あらまき,新巻
あらまき,新牧
あらまき,新槙
あらまさ,新正
あらます,荒益
あらまた,荒俣
あらまた,荒又
あらまち,荒町
あらまつ,荒松
あらみ,荒見
あらみ,荒美
あらみ,新見
あらみず,荒水
あらみや,新宮
あらめ,荒目
あらめ,新目
あらもと,荒元
あらもと,荒本
あらもと,新本
あらもみ,荒籾
あらもみ,新籾
あらもり,荒森
あらや,顕谷
あらや,荒屋
あらや,荒谷
あらや,荒矢
あらや,新屋
あらや,新家
あらや,新谷
あらやしき,荒屋敷
あらやしき,新屋敷
あらやち,荒谷地
あらやま,荒山
あらやま,新山
あらゆう,新夕
あららぎ,蘭
あららぎ,檪
あらわか,荒若
あり,有
ありあけ,有明
ありい,蟻井
ありい,有井
ありい,有居
ありいえ,有家
ありいずみ,有泉
ありいそ,有磯
ありうえ,有上
ありうし,有牛
ありうち,有内
ありうね,有采
ありうみ,有海
ありうら,有浦
ありえ,有恵
ありえ,有江
ありお,有尾
ありおか,有岡
ありか,有可
ありか,有家
ありかい,有海
ありかた,有方
ありかど,有門
ありかべ,有壁
ありかわ,蟻川
ありかわ,有川
ありが,有我
ありが,有賀
ありがい,有貝
ありがね,有金
ありがみ,有上
ありがや,有ヶ谷
ありき,在木
ありき,有木
ありきよ,有清
ありくに,有国
ありくに,有國
ありくら,有倉
ありけ,有家
ありこう,有光
ありさ,有佐
ありさか,蟻坂
ありさか,有坂
ありさか,有阪
ありさきはら,東崎原
ありさこ,有迫
ありさだ,有定
ありさと,在里
ありさと,有里
ありさわ,在澤
ありさわ,有沢
ありさわ,有澤
ありざ,有座
ありしげ,有重
ありしば,蟻芝
ありしま,有島
ありしま,有嶋
ありしろ,有城
ありじ,有路
ありす,有栖
ありすえ,蟻末
ありすえ,有末
ありすが,有菅
ありすみ,有隅
ありすみ,有住
ありずみ,有住
ありせ,有瀬
ありせ,有生
ありそ,有生
ありぞの,有園
ありぞの,有薗
ありた,蟻田
ありた,在田
ありた,有田
ありたか,有（はしご高）
ありたか,有高
ありたき,有滝
ありたき,有瀧
ありたけ,有竹
ありたに,有谷
ありち,有地
ありちか,有近
ありぢ,有地
ありつ,有津
ありつか,在塚
ありつぎ,有次
ありつけ,有附
ありつぼ,有坪
ありづか,蟻（土へんに冢）
ありづか,蟻塚
ありづか,在塚
ありづか,有塚
ありとう,有藤
ありとき,有時
ありとく,有得
ありとし,蟻通
ありとし,有年
ありとし,有利
ありとみ,有富
ありとみ,有冨
ありとめ,有留
ありとも,有友
ありどみ,有富
ありどみ,有冨
ありどめ,有留
ありなか,有中
ありなが,在永
ありなが,有永
ありなが,有長
ありなみ,有南
ありなみ,有波
ありにし,有西
ありの,有埜
ありの,有野
ありのき,有ノ木
ありのぶ,有延
ありのぶ,有信
ありはま,東浜
ありはら,在原
ありはら,有原
ありば,有場
ありひら,有平
ありひろ,有広
ありひろ,有廣
ありふく,有福
ありふじ,在藤
ありふじ,有藤
ありべ,有邊
ありほり,有堀
ありま,蟻馬
ありま,有馬
ありま,有麻
ありまさ,有政
ありまつ,有松
ありみ,有海
ありみず,有水
ありみち,有道
ありみつ,有光
ありみつ,有満
ありむね,有宗
ありむら,有村
ありめ,有銘
ありもち,有持
ありもと,在本
ありもと,有元
ありもと,有本
ありもり,有森
ありや,有谷
ありやす,有安
ありやた,有屋田
ありやだ,有屋田
ありやま,有山
ありよし,蟻義
ありよし,有吉
ありわ,有輪
ありわか,有若
あるか,有賀
あるが,有賀
あるじ,有路
あろう,阿良
あろう,荒生
あわ,阿波
あわ,粟
あわ,安房
あわ,安和
あわ,淡
あわい,粟井
あわい,淡井
あわい,淡居
あわいはら,粟飯原
あわいばら,粟飯原
あわお,粟生
あわか,阿波加
あわかく,阿波角
あわかわ,淡川
あわが,阿波賀
あわが,粟賀
あわき,粟木
あわくに,粟国
あわくら,粟倉
あわくら,粟蔵
あわぐち,淡口
あわごん,阿波根
あわさ,淡佐
あわさき,粟崎
あわさわ,粟沢
あわざわ,粟澤
あわしま,阿波嶋
あわしま,粟嶋
あわしま,淡島
あわしま,淡嶋
あわじ,阿波治
あわじ,淡路
あわじや,淡路屋
あわず,粟津
あわた,阿波田
あわた,粟田
あわた,安房田
あわた,淡田
あわたぐち,粟田口
あわたけ,粟竹
あわたに,粟谷
あわたに,淡谷
あわち,粟地
あわつ,粟津
あわつじ,粟辻
あわつはら,粟津原
あわづ,粟津
あわづはら,粟津原
あわと,粟戸
あわね,粟根
あわね,粱根
あわの,阿波野
あわの,粟野
あわの,淡野
あわのはら,粟野原
あわはら,粟原
あわぶち,泡渕
あわむら,阿波村
あわむら,粟村
あわもと,粟本
あわもり,粟森
あわや,阿波屋
あわや,阿波谷
あわや,粟屋
あわや,粟家
あわや,淡谷
あわやま,粟山
あわら,阿原
あわら,湶
あん,安
あんえい,安栄
あんかい,安海
あんきゅう,安久
あんきょ,安居
あんけい,安慶
あんけい,安渓
あんけい,安溪
あんさい,安細
あんざい,安済
あんざい,安斎
あんざい,安細
あんざい,安在
あんざい,安西
あんざい,安斉
あんざい,安濟
あんざい,安齋
あんざい,安齊
あんざい,案西
あんざき,安（崎の大が立）
あんざき,安崎
あんざこ,庵逧
あんざわ,安沢
あんざわ,安澤
あんした,庵下
あんじき,安喰
あんじき,安食
あんじゅう,安重
あんじょう,安生
あんぜい,安西
あんそ,安曽
あんそう,安荘
あんぞう,安蔵
あんぞう,安藏
あんだ,按田
あんだ,案田
あんだい,安代
あんだち,安達
あんだち,安立
あんち,安地
あんち,庵地
あんづえ,安杖
あんづち,安土
あんとく,安（徳の心の上に一）
あんとく,安徳
あんとこ,庵床
あんど,安堵
あんど,安渡
あんど,安土
あんど,庵戸
あんどう,安東
あんどう,安藤
あんどう,安堂
あんどう,安道
あんどしろ,安堵城
あんなか,安中
あんなか,安仲
あんねん,安念
あんの,阿武
あんの,安濃
あんの,安野
あんの,案野
あんのう,安濃
あんのう,安納
あんのう,案納
あんのうら,案浦
あんのき,菴木
あんばい,安倍
あんばい,塩梅
あんばし,安橋
あんびる,安昼
あんびる,安蒜
あんびる,安晝
あんぶつ,安佛
あんぷく,安福
あんべ,安倍
あんべ,安部
あんぺいじ,安平次
あんぼ,安保
あんぽ,安保
あんま,安間
あんまえ,庵前
あんみ,安味
あんめ,安梅
あんも,安茂
あんよう,安養
あんようじ,安用寺
あんようじ,安養寺
あんらく,安楽
あんらく,安樂
あんりゅう,安立
あんりょう,安陵
あんるい,安類
い,井
い,李
いあい,井合
いあい,居合
いあい,居相
いい,伊井
いい,井
いい,井伊
いい,猪井
いい,飯
いい,飯井
いいいずみ,飯泉
いいお,飯尾
いいおか,飯岡
いいかい,飯貝
いいかわ,飯河
いいかわ,飯川
いいがい,飯貝
いいがき,飯垣
いいがはま,飯ヶ浜
いいがみ,飯上
いいがや,飯ヶ谷
いいき,井城
いいくに,飯国
いいくに,飯國
いいくぼ,飯久保
いいくぼ,飯窪
いいくま,飯隈
いいくら,飯倉
いいぐさ,飯草
いいぐち,飯口
いいぐに,飯国
いいぐに,飯國
いいごう,飯郷
いいさか,飯坂
いいさか,飯阪
いいさく,飯作
いいさこ,飯迫
いいざか,飯坂
いいざこ,飯迫
いいざさ,笹
いいざさ,飯笹
いいざと,飯里
いいざわ,伊井澤
いいざわ,飯沢
いいざわ,飯澤
いいし,井石
いいし,居石
いいし,飯石
いいしば,飯柴
いいしま,伊井島
いいじ,飯地
いいじま,飯島
いいじま,飯嶋
いいじま,飯嶌
いいずか,飯（土へんに冢）
いいずか,飯塚
いいずみ,飯住
いいずみ,飯泉
いいた,井板
いいた,飯田
いいたか,飯高
いいたけ,飯竹
いいたに,飯谷
いいだ,伊井田
いいだ,飯田
いいだ,良田
いいだか,飯高
いいつか,飯塚
いいづか,飯塚
いいで,飯出
いいとう,飯藤
いいとみ,飯富
いいとみ,飯冨
いいとよ,飯豊
いいどみ,飯冨
いいな,飯名
いいなが,飯永
いいにし,飯西
いいぬま,飯沼
いいの,伊井野
いいの,飯野
いいのう,飯生
いいはた,飯畑
いいはま,飯浜
いいはま,飯濱
いいはら,飯原
いいば,飯場
いいぶち,飯渕
いいべ,飯部
いいほし,飯干
いいほし,飯星
いいぼし,飯干
いいぼし,飯星
いいま,飯間
いいみ,飯海
いいみ,飯味
いいむら,飯村
いいむれ,飯牟礼
いいむれ,飯牟禮
いいむろ,飯室
いいめん,飯面
いいもと,飯本
いいもり,飯守
いいもり,飯森
いいもり,飯盛
いいや,井伊谷
いいやま,飯山
いいよし,飯（吉の士が土）
いいよし,飯吉
いいり,井入
いいり,飯利
いうえ,井植
いうち,伊内
いうち,井内
いうち,居内
いうめ,井梅
いうら,井浦
いえ,伊江
いえ,伊得
いえ,井江
いえ,家
いえい,家井
いえいり,家入
いえうじ,家宇治
いえうじ,家氏
いえかめ,家亀
いえがき,家垣
いえき,家喜
いえき,家城
いえき,家木
いえくし,家串
いえくも,家雲
いえくら,家倉
いえぐち,家口
いえぐま,家熊
いえこ,家子
いえごう,家郷
いえさか,家坂
いえさき,家崎
いえさこ,家迫
いえさと,家郷
いえさと,家里
いえざき,家崎
いえしげ,家重
いえした,家下
いえしま,家島
いえしま,家嶋
いえじ,家治
いえじま,家島
いえたか,家高
いえたに,家谷
いえだ,家田
いえちか,家近
いえつか,家塚
いえつぐ,家次
いえつぐ,家接
いえつね,家常
いえづか,家（土へんに冢）
いえづか,家塚
いえとみ,家富
いえどころ,家所
いえなか,家中
いえなが,家永
いえなが,家長
いえにし,家西
いえの,家野
いえはら,家原
いえひさ,家久
いえひら,家平
いえふじ,家藤
いえまさ,家政
いえまた,家亦
いえみつ,家光
いえみや,家宮
いえむら,家村
いえもと,家元
いえもと,家本
いえもり,家森
いえやま,家山
いえよし,家吉
いえわき,家脇
いお,伊尾
いお,井生
いお,井尾
いお,猪尾
いおい,井生
いおい,五十井
いおい,五百井
いおい,藺生
いおう,井生
いおお,五百尾
いおおち,伊大知
いおか,井岡
いおか,猪岡
いおかわ,五百川
いおがわ,五百川
いおき,井沖
いおき,井置
いおき,五百城
いおき,五百木
いおきと,五百旗頭
いおきべ,五十旗頭
いおきべ,五百旗頭
いおきべ,五百籏頭
いおぎ,五百扇
いおく,井奥
いおく,猪奥
いおくら,五百蔵
いおさき,庵崎
いおざき,五百崎
いおざわ,五百沢
いおざわ,五百澤
いおじ,五百路
いおずみ,五十棲
いおずみ,五百住
いおた,五百田
いおたけ,五百竹
いおたに,庵谷
いおち,伊大知
いおち,射落
いおはら,庵原
いおはら,菴原
いおもり,五百森
いおや,菴谷
いおり,庵
いおり,伊織
いおり,伊折
いおり,井折
いおりざき,庵崎
いおりすぎ,庵杉
いおりだに,庵谷
いおりや,庵谷
いおろい,五百蔵
いおろい,五百藏
いか,伊加
いか,伊香
いか,烏賊
いかい,伊加井
いかい,伊介
いかい,伊海
いかい,伊飼
いかい,井海
いかい,井開
いかい,井階
いかい,井貝
いかい,五十井
いかい,猪飼
いかが,伊香賀
いかがわ,五十川
いかくら,猪鹿倉
いかけ,伊掛
いかけやま,鋳山
いかご,五十子
いかさき,伊ヶ崎
いかざき,伊ヶ崎
いかざき,伊賀崎
いかざき,五十崎
いかしま,五十嶋
いかずち,雷
いかだ,伊加田
いかだ,井加田
いかだ,五十田
いかだ,筏
いかだい,筏井
いかだつ,筏津
いかつ,井勝
いかど,井門
いかの,居家野
いかはた,五十畑
いかみ,伊神
いかみ,井上
いかみ,井神
いかみ,居上
いかみ,居神
いかめ,井亀
いからし,五十嵐
いかり,伊狩
いかり,井狩
いかり,五十里
いかり,錠
いかり,猪刈
いかり,猪狩
いかり,碇
いかりいし,碇石
いかりがわ,碇川
いかりたけ,碇武
いかりの,碇野
いかりもと,碇元
いかりもと,碇本
いかりや,碇屋
いかりや,碇谷
いかりやま,碇山
いかるが,鵤
いかるぎ,鵤木
いかわ,伊香輪
いかわ,伊川
いかわ,井河
いかわ,井川
いかわ,亥川
いかわ,猪川
いが,伊加
いが,伊賀
いがい,伊賀井
いがい,井貝
いがい,井街
いがい,亥飼
いがうえ,伊賀上
いがき,伊垣
いがき,井垣
いがき,居垣
いがくら,伊鹿倉
いがくら,猪鹿倉
いがさき,伊ケ崎
いがさき,伊ヶ崎
いがさき,伊賀崎
いがしき,伊賀敷
いがしま,五十島
いがしら,井頭
いがせ,伊賀瀬
いがた,伊形
いがた,井潟
いがた,井形
いがた,井方
いがたに,飯ヶ谷
いがっこ,五十子
いがなみ,伊賀並
いがの,伊賀野
いがま,井釜
いがみ,伊賀美
いがみ,伊神
いがみ,位上
いがみ,井神
いがみ,居神
いがみ,猪上
いがや,猪谷
いがらし,五十嵐
いがり,猪狩
いがわ,伊川
いがわ,井川
いがわ,居川
いがわはら,井川原
いき,伊木
いき,位寄
いき,井城
いき,壱岐
いき,居木
いき,生亀
いき,息
いき,壹岐
いきお,壹岐尾
いきがい,生貝
いきがみ,生神
いきがめ,生亀
いきこし,生越
いきごし,生越
いきしま,生島
いきしま,生嶋
いきす,伊規須
いきす,息栖
いきた,生田
いきたに,生谷
いきち,生地
いきつ,生津
いきつき,生月
いきなか,生中
いきなが,生永
いきなが,生長
いきぬき,生抜
いきはら,生原
いきみ,伊喜見
いきみず,生水
いきむね,生宗
いきむら,生村
いきもり,生森
いきやま,生山
いきゅう,為久
いぎ,伊木
いぎ,井木
いぎ,猪木
いぎし,井岸
いぎす,伊岐須
いぎす,伊規須
いぎた,異儀田
いぎみ,五十君
いぎり,猪切
いくい,幾井
いくい,生井
いくいな,生稲
いくいね,生稲
いくうら,生浦
いくお,生尾
いくおか,幾岡
いくかわ,幾川
いくかわ,生川
いくがわ,生川
いくき,生木
いくさ,戦
いくさか,生坂
いくさわ,生沢
いくさわ,生澤
いくざわ,生沢
いくざわ,生澤
いくしば,生芝
いくしま,郁島
いくしま,幾島
いくしま,幾嶋
いくしま,生島
いくしま,生嶋
いくしろ,生城
いくじ,生地
いくせ,幾世
いくせ,生瀬
いくた,井久田
いくた,育田
いくた,幾田
いくた,生田
いくたに,幾谷
いくたに,生谷
いくたま,生玉
いくため,生田目
いくち,生地
いくぢ,生地
いくとう,生藤
いくとも,生友
いくどめ,幾留
いくなが,生永
いくなみ,幾波
いくなみ,生南
いくなり,生成
いくにし,生西
いくの,育野
いくの,幾野
いくの,生野
いくはし,生橋
いくはら,幾原
いくはら,生原
いくび,猪首
いくべ,生部
いくぼ,井久保
いくぼ,井窪
いくぼ,猪久保
いくま,伊熊
いくま,井熊
いくま,生間
いくま,生熊
いくま,生馬
いくみ,井汲
いくみ,幾見
いくむら,育村
いくも,生雲
いくもと,生本
いくもり,生守
いくもり,生盛
いくやま,生山
いくよ,幾代
いくら,以倉
いくら,伊倉
いくら,井倉
いくら,居倉
いくる,伊久留
いくるみ,王生
いくるみ,壬生
いくろ,井黒
いぐさ,伊草
いぐさ,井草
いぐさ,蘭草
いぐさ,藺草
いぐし,伊串
いぐち,違口
いぐち,井口
いぐち,生口
いぐち,猪口
いぐま,伊熊
いぐま,猪熊
いぐみ,伊組
いぐみ,井汲
いぐみ,井組
いぐみ,居組
いぐら,伊倉
いぐら,井倉
いぐら,居藏
いぐり,井栗
いぐろ,伊黒
いぐろ,井黒
いぐろ,井畔
いけ,池
いけい,伊計
いけい,池井
いけいど,池井戸
いけうえ,池上
いけうち,池内
いけうら,池浦
いけえ,池江
いけお,池尾
いけおう,池應
いけおか,池岡
いけおく,池奥
いけかわ,池川
いけがい,生貝
いけがい,池貝
いけがき,生垣
いけがき,池垣
いけがた,池肩
いけがた,池方
いけがみ,井家上
いけがみ,池上
いけがみ,池神
いけがめ,池亀
いけがや,池ケ谷
いけがや,池ヶ谷
いけがや,池谷
いけがわ,池川
いけがわ,池側
いけきた,池北
いけぎ,池木
いけぎわ,池際
いけぐち,池口
いけさか,池坂
いけさこ,池迫
いけさわ,池澤
いけざ,池座
いけざき,池（崎の大が立）
いけざき,池崎
いけざき,池嵜
いけざわ,生沢
いけざわ,生澤
いけざわ,池沢
いけざわ,池澤
いけした,池下
いけしま,池島
いけしま,池嶋
いけしま,池嶌
いけしょう,池照
いけしょうじ,池庄司
いけしろ,池城
いけじ,池治
いけじ,池地
いけじま,池島
いけじま,池嶋
いけじょう,池条
いけじり,池尻
いけす,池須
いけすえ,池末
いけすみ,池角
いけずみ,生悦住
いけずみ,池隅
いけずみ,池住
いけぞえ,池添
いけぞの,池園
いけたか,池高
いけたき,池滝
いけたに,池ヶ谷
いけたに,池谷
いけだ,井ケ田
いけだ,井ヶ田
いけだ,活田
いけだ,池田
いけだ,溏田
いけち,池知
いけつ,池津
いけづ,池津
いけてる,池照
いけと,池戸
いけとみ,池富
いけど,池戸
いけど,池土
いけどう,池堂
いけなか,池中
いけなが,池永
いけなが,池長
いけなみ,池浪
いけなり,池成
いけにし,池西
いけにわ,池庭
いけの,池生
いけの,池埜
いけの,池野
いけのうえ,池ノ上
いけのうえ,池上
いけのうえ,池之上
いけのうえ,池野上
いけのうち,池ノ内
いけのうち,池之内
いけのさこ,池之迫
いけのた,池野田
いけのと,池ノ都
いけのぶ,池信
いけのべ,池邊
いけのぼう,池坊
いけのもと,池ノ本
いけのや,池ノ谷
いけのや,池谷
いけのや,池之谷
いけのや,池野谷
いけのやま,池之山
いけのり,池乗
いけはし,池橋
いけはた,池端
いけはた,池畑
いけはた,池畠
いけはら,池原
いけば,池羽
いけば,池場
いけばた,池端
いけばた,池幡
いけばた,池畑
いけばた,池畠
いけばやし,池林
いけひら,池平
いけひろ,池広
いけふくろ,池袋
いけふじ,生藤
いけふじ,池藤
いけふち,池渕
いけぶくろ,池袋
いけぶち,池淵
いけぶち,池渕
いけべ,生部
いけべ,池部
いけべ,池辺
いけべ,池邊
いけべ,池邉
いけま,池間
いけます,池増
いけまち,池町
いけまつ,生松
いけまつ,池松
いけまつ,池末
いけみ,池見
いけみず,池水
いけみつ,池光
いけみつ,池三津
いけみつ,池満
いけみや,池宮
いけみやぎ,池宮城
いけむら,池村
いけむら,池邑
いけむら,池邨
いけむれ,池牟禮
いけめ,池目
いけもと,池元
いけもと,池本
いけもり,池守
いけもり,池森
いけや,池谷
いけやま,池山
いける,蘇
いけろ,池呂
いけわき,池脇
いげ,位下
いげい,伊芸
いげい,伊藝
いげた,井ヶ田
いげた,井下田
いげた,井桁
いげた,井毛田
いげた,垳田
いこう,伊香
いこし,井越
いこし,井腰
いこし,射越
いこし,猪越
いこた,伊古田
いこはぎ,井小萩
いこま,井駒
いこま,居駒
いこま,生駒
いこま,生馬
いこま,田林
いこみ,伊古美
いこみ,伊故海
いご,以後
いご,井後
いごう,井合
いごう,居郷
いごう,猪郷
いごさわ,伊五澤
いごし,井越
いごし,猪越
いごた,伊吾田
いごり,伊垢離
いさ,伊佐
いさ,伊砂
いさ,井佐
いさい,以西
いさい,井齋
いさおか,伊佐岡
いさおか,砂岡
いさか,伊坂
いさか,伊阪
いさか,井坂
いさか,井阪
いさか,猪坂
いさか,猪阪
いさかり,飯盛
いさがい,飯盛
いさがわ,伊佐川
いさがわ,伊差川
いさがわ,去来川
いさがわ,砂川
いさき,伊崎
いさき,井崎
いさき,猪崎
いさぎ,井鷺
いさこ,井迫
いさこ,居迫
いさご,沙
いさご,砂金
いさござわ,砂子沢
いさござわ,砂子澤
いさごだ,砂子田
いさし,井指
いさしき,伊佐敷
いさじ,伊佐次
いさじ,伊佐治
いさじ,伊佐地
いさじ,伊左次
いさじ,伊左治
いさせり,伊佐芹
いさだ,伊佐田
いさち,伊佐地
いさぢ,伊佐地
いさづ,伊佐津
いさと,為郷
いさと,為里
いさの,伊佐野
いさの,砂野
いさはい,砂盃
いさはい,飯酒盃
いさはや,伊佐早
いさはや,諫早
いさはら,井佐原
いさま,井佐間
いさみ,伊佐見
いさみ,五老海
いさみ,勇
いさみ,勇美
いさみ,諫見
いさみやま,勇山
いさむ,勇
いさむら,勇村
いさやま,伊佐山
いさやま,諌山
いさやま,諫山
いさらい,小井
いさり,漁
いさりだ,漁田
いさわ,伊沢
いさわ,伊澤
いさわ,井沢
いさわ,井澤
いさわ,石禾
いざい,伊在井
いざいけ,居在家
いざお,井竿
いざき,伊（崎の大が立）
いざき,伊崎
いざき,伊嵜
いざき,井（崎の大が立）
いざき,井崎
いざき,猪崎
いざくら,伊桜
いざくら,伊櫻
いざさ,井篠
いざと,猪里
いざなみ,伊座並
いざまる,伊在丸
いざわ,伊沢
いざわ,伊澤
いざわ,井沢
いざわ,井澤
いざわ,射和
いざわ,猪澤
いし,伊師
いし,石
いしあい,石合
いしあら,石新
いしい,石伊
いしい,石井
いしい,石居
いしい,石射
いしいだ,石井田
いしいで,石井出
いしいやま,石井山
いしいわ,石岩
いしうち,石打
いしうち,石内
いしうみ,石海
いしうら,石浦
いしえ,石栄
いしえ,石榮
いしお,石尾
いしおう,石王
いしおうまる,石王丸
いしおか,石岡
いしおどり,石躍
いしおどり,石踊
いしおまる,石王丸
いしおろし,石下
いしかけ,石掛
いしかじ,石梶
いしかど,石角
いしかね,石金
いしかね,石兼
いしかみ,石上
いしかみ,石神
いしかめ,石亀
いしかわ,石河
いしかわ,石川
いしが,石賀
いしがい,石貝
いしがい,石外
いしがい,石谷
いしがき,石崖
いしがき,石垣
いしがけ,石掛
いしがしら,石頭
いしがね,石金
いしがね,石兼
いしがみ,階上
いしがみ,石上
いしがみ,石神
いしがめ,石亀
いしがもり,石ケ森
いしがや,石ヶ谷
いしき,伊敷
いしき,一色
いしき,居敷
いしき,石木
いしきだ,石木田
いしきど,石城戸
いしきりどころ,石切所
いしきりやま,石切山
いしくに,石國
いしくぼ,石久保
いしくぼ,石窪
いしくま,石熊
いしくま,石隈
いしくら,石倉
いしくら,石蔵
いしくら,石藏
いしくり,石栗
いしくれ,石榑
いしくろ,石黒
いしぐち,石口
いしぐま,石隈
いしぐも,石雲
いしぐり,石栗
いしぐれ,石榑
いしぐろ,石黒
いしぐろ,石畔
いしけた,石桁
いしげ,石下
いしげ,石毛
いしこ,石河
いしこ,石古
いしこ,石子
いしこ,石生
いしこう,石河
いしこう,石向
いしこそ,石社
いしご,石吾
いしごう,石郷
いしごうおか,石郷岡
いしごうり,石流
いしごおり,石氷
いしさか,石坂
いしさか,石阪
いしさき,石（崎の大が立）
いしさき,石崎
いしさだ,石定
いしざ,石座
いしざか,石坂
いしざか,石阪
いしざき,石（崎の大が立）
いしざき,石崎
いしざこ,石迫
いしざし,石指
いしざと,石里
いしざわ,石沢
いしざわ,石澤
いしし,石志
いしした,石下
いしじ,石地
いしじお,石塩
いしじま,石島
いしじま,石嶋
いしじま,石嶌
いしすぎ,石杉
いしず,石須
いしず,石津
いしず,石通
いしずえ,石末
いしずえ,礎
いしずか,石塚
いしずき,石築
いしずき,石突
いしずき,石附
いしずみ,石角
いしずみ,石住
いしずみ,石積
いしずみ,石炭
いしずみ,石墨
いしせ,石瀬
いしせこ,石迫
いしぜ,石瀬
いしぜき,石関
いしそね,石曽根
いしぞえ,石添
いしぞね,石曽根
いした,位下
いした,居下
いした,石多
いした,石田
いしたか,石高
いしたき,石瀧
いしたて,石立
いしたに,稲子谷
いしたに,石谷
いしたらい,石手洗
いしだ,石田
いしだい,石代
いしだいら,石平
いしだお,石田尾
いしだか,石高
いしだざか,石田坂
いしだて,石館
いしだて,石舘
いしだて,石立
いしだはら,石田原
いしち,石地
いしつ,石津
いしつか,石塚
いしつぼ,石坪
いしつぼ,石壷
いしづ,石津
いしづか,石（土へんに冢）
いしづか,石司
いしづか,石束
いしづか,石塚
いしづき,（折の下に心）
いしづき,（墫の土が金）
いしづき,石月
いしづき,石突
いしづき,石附
いしづち,石鎚
いしづな,石綱
いしづみ,石積
いしづや,石津谷
いしてあらい,石手洗
いしで,石出
いしでら,石寺
いしと,石戸
いしとく,石徳
いしとこ,石床
いしとび,石飛
いしとみ,石富
いしとめ,石留
いしとや,石戸谷
いしとり,石鳥
いしど,石戸
いしどう,石動
いしどう,石堂
いしどうまる,石動丸
いしどこ,石床
いしどしろ,石徹白
いしどめ,石留
いしどや,石戸谷
いしどや,石土谷
いしな,石名
いしなか,石中
いしなが,石永
いしなが,石長
いしながわ,石長川
いしなぎ,石椛
いしなざか,石名坂
いしなだ,石灘
いしなだ,石名田
いしなべ,石鍋
いしなみ,石並
いしにし,石西
いしにわ,石庭
いしぬき,石貫
いしね,石根
いしの,石之野
いしの,石埜
いしの,石野
いしのだ,石野田
いしのの,石之野
いしはた,石幡
いしはた,石畑
いしはた,石畠
いしはな,石花
いしはま,石浜
いしはま,石濱
いしはら,石原
いしはらざか,石原坂
いしはらじま,石原島
いしはらだ,石原田
いしば,石場
いしば,石庭
いしば,石破
いしば,石馬
いしば,石葉
いしばい,石灰
いしばざわ,石羽沢
いしばざわ,石羽澤
いしばし,石橋
いしばし,石槁
いしばしり,石走
いしばち,石鉢
いしばね,石羽根
いしばば,石馬場
いしびき,石引
いしびつ,石櫃
いしふく,石福
いしふね,石舟
いしふね,石船
いしぶし,石伏
いしぶち,石淵
いしぶち,石渕
いしぶみ,石文
いしぶろ,石風呂
いしべ,石部
いしま,伊島
いしま,伊嶌
いしま,井島
いしま,石間
いしまえ,石前
いしまき,石巻
いしまさ,石政
いしまさ,石正
いしますね,石増根
いしまつ,石松
いしまぶし,石間伏
いしまる,石丸
いしみ,石見
いしみず,石水
いしみつ,石光
いしみつ,石満
いしみね,伊志峰
いしみね,伊志嶺
いしみね,石峰
いしみね,石峯
いしみね,石嶺
いしみね,福仲
いしみや,石宮
いしむら,石村
いしむら,石邑
いしむら,石邨
いしむれ,石牟礼
いしむれ,石牟禮
いしむろ,石室
いしむろや,石室屋
いしもだ,石母田
いしもち,石持
いしもと,石元
いしもと,石本
いしもり,石守
いしもり,石森
いしもり,石盛
いしもり,石杜
いしゃ,井舎
いしゃどう,伊舎堂
いしや,石屋
いしやま,石山
いしゅう,伊集
いしゅういん,伊集院
いしゆき,石幸
いしろ,伊代
いしろ,井代
いしろ,井白
いしろ,居城
いしわ,石和
いしわか,石若
いしわき,石脇
いしわた,石渡
いしわた,石綿
いしわたり,石渡
いしわたりと,石渡戸
いしわだ,石和田
いしわら,石原
いしわり,石割
いじ,伊治
いじ,伊地
いじ,井地
いじがわ,井路側
いじち,伊地知
いじつ,井実
いじま,伊島
いじま,伊嶋
いじま,異島
いじま,井島
いじま,井嶋
いじま,居島
いじみの,五十公野
いじゅ,伊集
いじゅう,伊集
いじゅういん,伊集院
いじり,伊尻
いじり,井尻
いじろ,居城
いす,伊須
いす,井須
いす,猪須
いすい,井水
いすげ,伊菅
いすずがわ,五十鈴川
いすたに,熊取谷
いすだ,伊須田
いすみ,伊角
いすみ,井角
いすみ,井住
いすみ,亥角
いするぎ,岩動
いするぎ,石動
いず,伊豆
いずい,出井
いずい,泉井
いずいけ,泉池
いずいし,出石
いずうら,伊豆浦
いずうら,泉浦
いずえ,出江
いずえ,出柄
いずお,泉尾
いずお,泉雄
いずおか,出岡
いずおか,泉岡
いずかし,厳樫
いずかし,嚴樫
いずかわ,伊豆川
いずかわ,泉川
いずがわ,五十川
いずき,伊月
いずくら,伊豆倉
いずくら,伊豆蔵
いずくら,泉倉
いずさ,出佐
いずさか,泉坂
いずさか,泉阪
いずさき,泉崎
いずし,出師
いずし,出石
いずしま,伊豆島
いずた,伊豆田
いずた,出田
いずた,泉田
いずたに,出谷
いずたに,泉谷
いずち,泉池
いずつ,伊豆津
いずなか,泉中
いずなみ,泉並
いずの,伊津野
いずの,伊豆野
いずの,泉野
いずのお,泉納
いずのめ,泉妻
いずのめ,泉野目
いずは,出羽
いずはら,伊豆原
いずはら,何原
いずはら,出原
いずはら,泉原
いずばやし,泉林
いずひら,泉平
いずぶち,出渕
いずぶち,泉渕
いずほ,出穂
いずま,出間
いずま,出馬
いずまる,伊豆丸
いずみ,伊住
いずみ,伊積
いずみ,伊泉
いずみ,伊豆見
いずみ,伊豆味
いずみ,出海
いずみ,出水
いずみ,泉
いずみ,泉水
いずみ,和泉
いずみ,湶
いずみいち,泉市
いずみうら,泉浦
いずみえ,泉栄
いずみおか,泉岡
いずみかわ,泉川
いずみがわ,出水川
いずみぐち,泉口
いずみさき,泉崎
いずみさと,泉里
いずみさわ,出水沢
いずみさわ,泉沢
いずみさわ,泉澤
いずみさわ,和泉沢
いずみさわ,和泉澤
いずみざき,泉崎
いずみざわ,泉澤
いずみた,出水田
いずみた,泉田
いずみた,和泉田
いずみたに,泉谷
いずみたに,和泉谷
いずみだ,出水田
いずみだ,泉田
いずみだ,和泉田
いずみだて,泉舘
いずみち,泉地
いずみな,泉名
いずみね,五十嶺
いずみの,五十公野
いずみの,泉野
いずみはら,泉原
いずみべ,泉部
いずみむら,泉村
いずみもと,泉元
いずみもと,泉本
いずみもと,和泉元
いずみもと,和泉本
いずみもり,泉森
いずみや,出宮
いずみや,出水屋
いずみや,泉屋
いずみや,泉家
いずみや,泉宮
いずみや,泉谷
いずみや,和泉谷
いずみやま,泉山
いずむら,泉村
いずも,出雲
いずも,出茂
いずもじ,出雲路
いずもと,伊豆元
いずもと,伊豆本
いずもと,泉元
いずもと,泉本
いずもり,（けものへんに犬）
いずもり,何森
いずもり,泉森
いずもり,犹守
いずや,伊豆谷
いずやま,伊豆山
いずやま,泉山
いずるま,出間
いずわ,出羽
いずわき,泉脇
いせ,伊世
いせ,伊瀬
いせ,伊勢
いせ,伊青
いせ,威世
いせ,井瀬
いせ,井勢
いせい,為政
いせい,井清
いせい,爲政
いせがみ,伊勢上
いせがわ,伊勢川
いせき,伊関
いせき,伊勢城
いせき,伊勢木
いせき,伊關
いせき,偉関
いせき,井関
いせき,井石
いせき,居石
いせさき,伊勢崎
いせざき,伊勢崎
いせしま,伊勢島
いせじ,伊勢地
いせじま,伊勢島
いせじま,伊勢嶋
いせたに,伊勢谷
いせだ,伊勢田
いせち,伊瀬知
いせち,伊瀬地
いせの,伊勢野
いせばば,伊勢馬場
いせみ,院瀬見
いせむら,伊勢村
いせもと,伊勢本
いせや,伊勢谷
いせやま,伊勢山
いせり,井芹
いせろ,伊勢呂
いせわき,伊勢脇
いぜき,伊関
いぜき,井関
いぜき,井關
いぜな,伊是名
いそ,磯
いそ,礒
いそあい,礒合
いそい,磯井
いそい,五十井
いそい,礒井
いそいわ,磯岩
いそう,異相
いそう,井藻
いそうち,磯打
いそうち,磯内
いそうち,五十内
いそうみ,磯海
いそえ,磯江
いそえ,礒江
いそお,磯尾
いそおか,磯岡
いそかど,磯角
いそかね,磯兼
いそかわ,磯川
いそかわ,五十川
いそかわ,礒川
いそがい,磯貝
いそがい,磯谷
いそがき,礒垣
いそがみ,磯上
いそがや,磯ヶ谷
いそがや,磯谷
いそがや,礒ヶ谷
いそがわ,五十川
いそがわ,礒川
いそぎみ,五十君
いそぐち,磯口
いそぐち,礒口
いそこ,五十子
いそさか,伊早坂
いそざき,磯（崎の大が立）
いそざき,磯崎
いそざき,礒（崎の大が立）
いそざき,礒崎
いそしま,五十島
いそじま,磯島
いそじま,礒島
いそじま,礒嶋
いそす,五十洲
いそずみ,五十棲
いそた,礒田
いそたに,磯谷
いそたに,礒谷
いそだ,磯田
いそだ,五十田
いそだ,礒田
いそち,磯内
いそなが,磯永
いそなが,礒永
いそなれ,磯馴
いそにし,磯西
いそぬま,磯沼
いそぬま,礒沼
いそね,礒根
いその,磯野
いその,五十野
いその,礒野
いそはし,磯橋
いそはし,礒橋
いそはた,磯畑
いそはた,五十幡
いそはた,五十畑
いそはた,礒端
いそはら,磯原
いそばた,磯畑
いそばた,礒端
いそばやし,磯林
いそひ,磯飛
いそひ,礒干
いそひ,礒飛
いそひさ,磯久
いそぶち,磯淵
いそぶち,磯渕
いそべ,磯部
いそべ,磯辺
いそべ,磯邊
いそべ,磯邉
いそべ,五十部
いそべ,礒部
いそべ,礒辺
いそべ,礒邉
いそま,磯間
いそまえ,磯前
いそまた,磯俣
いそまつ,磯松
いそみ,磯見
いそみ,礒見
いそみち,磯道
いそみち,礒道
いそむら,磯村
いそむら,五十村
いそむら,礒村
いそめ,井染
いそめ,磯目
いそめ,居初
いそもと,磯本
いそもと,礒本
いそや,磯谷
いそや,磯矢
いそや,礒谷
いそやま,磯山
いそやま,礒山
いそゆう,磯遊
いそり,五十里
いそわ,磯輪
いそわ,磯和
いそわき,磯脇
いそわき,礒脇
いぞえ,伊添
いぞえ,井添
いた,伊多
いた,板
いたい,板井
いたいた,板井田
いたいば,市場
いたお,板生
いたお,板尾
いたか,伊高
いたか,位（はしご高）
いたか,位高
いたかわ,板川
いたがき,板垣
いたがき,板柿
いたがわ,板川
いたき,板木
いたぎだいら,板木平
いたくす,板楠
いたくら,板倉
いたこ,潮来
いたこ,板子
いたごし,板越
いたさか,板坂
いたさき,板崎
いたさわ,板沢
いたざか,板坂
いたざき,板崎
いたざわ,板沢
いたざわ,板澤
いたしき,板敷
いたじま,板嶋
いたず,板頭
いたずり,板摺
いたせ,板瀬
いたたに,板谷
いただき,戴
いただき,頂
いただに,板谷
いたちだ,井立田
いたつ,板津
いたづ,板津
いたでら,板寺
いたどこ,板床
いたどり,板取
いたなみ,板並
いたに,伊谷
いたに,井澗
いたに,井谷
いたに,居谷
いたに,猪谷
いたの,板野
いたは,板羽
いたはし,板橋
いたはな,板花
いたはな,板鼻
いたはら,板原
いたば,伊多波
いたば,板羽
いたば,板場
いたばし,板橋
いたばやし,板林
いたびさし,板庇
いたべ,板部
いたます,板舛
いたみ,伊丹
いたみ,井丹
いたみ,井民
いたみ,板見
いたみ,板美
いたみや,板宮
いたむら,板村
いたもち,板持
いたもと,板元
いたもと,板本
いたや,板屋
いたや,板谷
いたやごし,板屋越
いたやごし,板谷越
いたやす,板安
いたやま,板山
いたらしき,板良敷
いたわき,板脇
いだ,伊田
いだ,位田
いだ,依田
いだ,井田
いだ,居田
いだ,射田
いだ,猪田
いだ,怡田
いだいら,伊平
いだか,井高
いち,一
いち,市
いちあん,一庵
いちい,一井
いちい,一居
いちい,市位
いちい,市井
いちい,市居
いちい,櫟
いちいけ,市池
いちいし,一石
いちいし,市石
いちいわ,一岩
いちうじ,一氏
いちうら,市浦
いちえ,市江
いちえ,市榮
いちえだ,一枝
いちえだ,市枝
いちえん,一円
いちえん,一圓
いちお,一尾
いちお,市尾
いちおか,一岡
いちおか,市岡
いちおん,一恩
いちかく,一角
いちかたい,一方井
いちかど,一門
いちかみ,一上
いちかり,一刈
いちかわ,依知川
いちかわ,一川
いちかわ,市河
いちかわ,市川
いちかんだ,一貫田
いちがき,一柿
いちがたに,市ケ谷
いちがたに,市ヶ谷
いちがみ,一上
いちがみ,一神
いちき,一樹
いちき,一木
いちき,市木
いちき,市来
いちき,市來
いちき,市耒
いちき,檪
いちき,檪木
いちきざき,市来崎
いちくに,一國
いちくみ,一與
いちくら,一倉
いちくら,市倉
いちぐち,市口
いちぐん,一郡
いちげ,一毛
いちげ,市毛
いちこ,市古
いちこ,市子
いちこうじ,一小路
いちこし,一越
いちご,市古
いちご,市後
いちごう,一郷
いちござき,一期崎
いちごたに,苺谷
いちさか,一坂
いちさか,市坂
いちさき,壱崎
いちさき,壹崎
いちさと,市里
いちざき,壱崎
いちざき,市崎
いちざわ,一澤
いちざわ,市沢
いちざわ,市澤
いちし,一志
いちした,市下
いちしま,一島
いちしま,一嶋
いちしま,一嶌
いちしま,市島
いちしま,市嶋
いちじ,伊地知
いちじ,一次
いちじ,市地
いちじく,九
いちじま,市島
いちじゅう,一重
いちじょう,一乗
いちじょう,一条
いちじょう,一條
いちすえ,市末
いちすぎ,一杉
いちずみ,一角
いちずみ,市角
いちせ,一世
いちせ,一瀬
いちせ,市瀬
いちせき,市堰
いちぜん,一前
いちぞえ,壹添
いちぞの,市園
いちぞの,市薗
いちた,市田
いちたか,一高
いちたに,一谷
いちたに,市谷
いちたに,壹谷
いちだ,一田
いちだ,市田
いちだて,一伊達
いちだやま,市田山
いちぢ,伊知地
いちつぼ,一坪
いちつぼ,市坪
いちづ,市津
いちづか,市（土へんに冢）
いちづか,市塚
いちと,市戸
いちとう,市東
いちなか,市中
いちなり,市成
いちの,一野
いちの,市埜
いちの,市野
いちのい,一ノ井
いちのい,一井
いちのい,市野井
いちのえ,一戸
いちのかわ,市ノ川
いちのかわ,市之川
いちのかわ,市野川
いちのき,一ノ木
いちのきど,一ノ木戸
いちのきやま,市ノ木山
いちのくち,一ノ口
いちのくら,一ノ倉
いちのこ,一ノ子
いちのさわ,一ノ沢
いちのさわ,一ノ澤
いちのさわ,市ノ澤
いちのさわ,市野沢
いちのせ,一ノ瀬
いちのせ,一瀬
いちのせ,一之瀬
いちのせ,市ノ瀬
いちのせ,市瀬
いちのせ,市之瀬
いちのせ,市野瀬
いちのせき,一ノ関
いちのせき,一関
いちのたに,一ノ谷
いちのつぼ,一ノ坪
いちのは,市ノ羽
いちのへ,一戸
いちのへ,市戸
いちのほ,一廼穂
いちのみや,一ノ宮
いちのみや,一宮
いちのみや,一之宮
いちのみや,市之宮
いちのもと,一ノ本
いちのわたり,一ノ渡
いちのわたり,市ノ渡
いちはし,壱橋
いちはし,市橋
いちはな,一花
いちはな,市花
いちはま,市浜
いちはら,一原
いちはら,市原
いちはら,櫟原
いちはら,檪原
いちば,一場
いちば,市場
いちば,市坡
いちばかせ,一番ヶ瀬
いちばや,市場谷
いちばやし,一林
いちばやし,市林
いちばんがせ,一番ヶ瀬
いちばんがせ,一番合戦
いちばんがっせん,一番合戦
いちひ,一樋
いちひめ,市姫
いちひら,市平
いちひろ,一広
いちふじ,一藤
いちほうし,一法師
いちぼう,一坊
いちま,一間
いちまいだ,一枚田
いちまかせ,一番合戦
いちまさ,一政
いちます,一桝
いちまだ,一萬田
いちまち,市町
いちまつ,一松
いちまる,一丸
いちまる,市丸
いちまん,一幡
いちまんだ,一万田
いちみ,一見
いちみず,一水
いちみぞ,一溝
いちみち,市道
いちみなみ,市南
いちみや,一宮
いちむね,一棟
いちむら,一村
いちむら,市村
いちもと,一本
いちもと,市元
いちもと,市本
いちもと,檪本
いちもり,一守
いちもり,一森
いちもり,一盛
いちもり,市森
いちもんじ,一文字
いちや,一箭
いちや,一矢
いちや,市屋
いちやす,一安
いちやなぎ,一柳
いちやま,伊地山
いちやま,一山
いちやま,市山
いちやま,櫟山
いちょう,伊調
いちょう,井長
いちょう,鴨脚
いちよし,一由
いちよし,市吉
いちらく,一楽
いちらく,一樂
いちりき,一力
いちりゅう,一柳
いちろ,市呂
いちろう,一老
いちろく,市六
いちわき,市脇
いちわた,一和多
いちわら,一藁
いぢ,井地
いぢち,伊地知
いぢち,伊地智
いぢち,伊秩
いっか,一家
いっか,一花
いっかい,一海
いっかい,一階
いっかたい,一方井
いっかんだ,壹貫田
いっこう,一向
いっし,一司
いっし,一志
いっしき,一色
いっせ,一瀬
いっそう,一噌
いっそう,一湊
いっちょうだ,一丁田
いっちょうだ,一町田
いっとう,一刀
いっとう,壱東
いっとうぎ,一藤木
いっぴつ,一筆
いっぴょう,一瓢
いっぽうし,一法師
いっぽんぎ,一本木
いっぽんじま,一本嶋
いっぽんすぎ,一本杉
いっぽんまつ,一本松
いっぽんやり,一本槍
いっぽんやり,一本鎗
いつい,井対
いつい,伍井
いつか,井塚
いつか,猪塚
いつかいち,五日市
いつかげ,五影
いつかたい,一方井
いつき,伊月
いつき,一木
いつき,居附
いつき,斎
いつき,斎宮
いつき,斉宮
いつき,壹岐
いつき,齋
いつき,齋宮
いつき,齊宮
いつくしま,厳島
いつくま,五熊
いつさき,逸崎
いつざき,逸崎
いつしま,五島
いつじ,伊辻
いつじ,井辻
いつだ,厳田
いつつじ,五辻
いつの,伊津野
いつの,逸野
いつばた,井津端
いつぼ,伊坪
いつぼ,井坪
いつみ,伊津見
いつみ,逸見
いつみ,逸身
いつもと,逸本
いつもと,五本
いつわ,五輪
いつわ,五和
いづ,伊津
いづ,井津
いづえ,出江
いづおか,出岡
いづか,（土冠に猪）塚
いづか,伊塚
いづか,井（土へんに冢）
いづか,井塚
いづか,猪（土へんに冢）
いづか,猪塚
いづき,伊月
いづくり,居作
いづち,井土
いづつ,伊豆津
いづつ,井
いづつ,井筒
いづの,伊津野
いづはら,出原
いづぶち,出淵
いづま,出間
いづま,出馬
いづみ,出海
いづみ,泉
いづみかわ,泉川
いづみた,泉田
いづみや,泉谷
いづみやま,泉山
いづめ,井詰
いづめ,井爪
いづも,出雲
いづもい,出雲井
いづら,井面
いづる,居鶴
いて,井手
いてい,以手井
いてさこ,井手迫
いてぞの,射手園
いてだ,井手田
いてや,射手矢
いで,井手
いで,井出
いで,出
いでい,出井
いでい,出射
いでいし,出石
いでうえ,井手上
いでうえ,井出上
いでうえ,出上
いでうち,井手内
いでうら,出浦
いでお,井手尾
いでおか,井手岡
いでおか,出岡
いでがみ,井手上
いでがみ,井出上
いでがみ,出上
いでくぼ,井手窪
いでぐち,井手口
いでぐち,出口
いでごもり,井手篭
いでさわ,出澤
いでざお,出竿
いでざわ,井出澤
いでざわ,出澤
いでしげ,井出重
いでした,井手下
いでした,出下
いでた,井手田
いでた,出田
いでたに,井手谷
いでたに,井出谷
いでだん,井手段
いでつ,出津
いでづき,出月
いでなか,井手中
いでなが,出永
いでなわ,出縄
いでぬま,出沼
いでの,井手野
いでの,井出野
いでの,出野
いでのうえ,井手ノ上
いでのうえ,井出ノ上
いでのせ,井手ノ瀬
いではら,井手原
いではら,出原
いでばた,井手端
いでぶち,出淵
いでぶち,出渕
いでまる,出丸
いでみ,出水
いでみず,出水
いでみつ,井手光
いでみつ,出光
いでむら,井出村
いでもと,井手元
いでもと,井手本
いでもと,出本
いでもり,出森
いでやま,井手山
いでやま,出山
いでら,井寺
いでら,出良
いでりは,出利葉
いでん,伊伝
いと,伊都
いと,系
いと,糸
いと,怡土
いとい,威徳井
いとい,井樋
いとい,糸井
いとい,糸居
いといがわ,糸井川
いといがわ,糸魚川
いとう,以頭
いとう,伊東
いとう,伊藤
いとう,位藤
いとう,夷藤
いとう,井登
いとう,井東
いとう,井藤
いとう,井籐
いとう,居藤
いとう,糸藤
いとうが,井藤賀
いとうじ,糸氏
いとうづ,至到津
いとうづ,到津
いとおか,糸岡
いとかず,糸数
いとかず,糸數
いとかわ,糸川
いとが,糸我
いとが,糸賀
いとがわ,井戸川
いとがわ,糸川
いとき,糸岐
いとく,威徳
いとぐち,糸口
いとけ,糸毛
いとげ,糸毛
いとざき,井戸崎
いとざくら,糸桜
いとざわ,糸沢
いとざわ,糸澤
いとしま,糸島
いとす,糸洲
いとせ,糸瀬
いとせ,糸生
いとぞの,糸園
いとた,糸田
いとたがわ,糸田川
いとたに,糸谷
いとだ,井戸田
いとだ,糸田
いとだに,糸谷
いとつぼ,糸坪
いとなが,糸永
いとなが,糸長
いとのり,糸乗
いとはた,糸畑
いとはら,糸原
いとはら,絲原
いとばやし,糸林
いとひさ,糸久
いとひや,糸日谷
いとひら,糸平
いとふじ,糸藤
いとまん,糸満
いとみ,井富
いとみ,井冨
いとみね,糸嶺
いとむら,糸村
いともり,糸森
いとや,糸屋
いとや,糸谷
いとや,糸矢
いとやなぎ,糸柳
いとやま,系山
いとやま,糸山
いとやま,絲山
いとり,居鳥
いど,伊戸
いど,伊土
いど,井戸
いど,井土
いど,井門
いどい,井土井
いどう,伊堂
いどう,違道
いどう,井堂
いどう,井道
いどうえ,井戸上
いどうじ,伊堂寺
いどうち,井戸内
いどかわ,井戸川
いどがき,井戸垣
いどがき,井土垣
いどがわ,井戸川
いどき,井戸木
いどた,井戸田
いどつじ,井戸辻
いどぬま,井戸沼
いどね,井戸根
いどの,井殿
いどばた,井戸端
いどぶち,井戸渕
いどむかい,井戸向
いどむら,井戸村
いどもと,井戸本
いな,伊奈
いな,衣奈
いな,井奈
いな,稲
いない,井内
いない,稲井
いない,稲飯
いない,稻井
いないし,稲石
いないずみ,稲泉
いないだ,稲井田
いなうち,稲内
いなうら,稲浦
いなえ,稲江
いなお,稲生
いなお,稲尾
いなおか,稲岡
いなか,伊中
いなか,田舎
いなかがた,田舎片
いなかがた,田舎方
いなかぎ,稲鍵
いなかず,稲員
いなかつ,稲勝
いなかわ,稲川
いなが,伊永
いなが,稲賀
いながき,稲垣
いながき,稲墻
いながき,稻垣
いながけ,稲掛
いながみ,稲上
いながわ,伊奈川
いながわ,稲川
いながわ,猪名川
いなき,稲木
いなぎ,稲城
いなぎ,稲木
いなくぼ,稲久保
いなくぼ,稲窪
いなくま,稲熊
いなくら,稲倉
いなぐち,稲口
いなぐま,稲熊
いなげ,稲毛
いなげ,稻毛
いなげた,稲毛田
いなげだ,稲毛田
いなこ,稲子
いなこし,稲越
いなこだ,稲子田
いなご,稲子
いなさか,稲坂
いなさき,稲崎
いなさわ,稲澤
いなざき,稲崎
いなざと,稲里
いなざわ,稲沢
いなざわ,稲澤
いなしげ,稲重
いなしみず,稲清水
いなじ,稲次
いなじ,稲治
いなず,稲津
いなずま,稲妻
いなずみ,稲角
いなずみ,稲住
いなずみ,稲積
いなずる,稲鶴
いなせ,稲瀬
いなた,稲田
いなたに,稲谷
いなだ,伊奈田
いなだ,伊灘
いなだ,井灘
いなだ,稲多
いなだ,稲田
いなだ,稻田
いなだま,稲玉
いなつ,稲津
いなつか,稲塚
いなつき,稲月
いなつぎ,稲継
いなつぎ,稲次
いなつぐ,稲継
いなつち,稲土
いなづ,稲津
いなづか,稲塚
いなづき,稲月
いなづみ,稲積
いなて,稲手
いなで,稲手
いなでら,稲寺
いなとみ,稲臣
いなとみ,稲富
いなとみ,稲冨
いなとめ,稲留
いなどみ,稲富
いなどめ,稲留
いなな,稲名
いななが,稲永
いななみ,稲波
いななみ,稲並
いななみ,稲浪
いなにわ,稲庭
いなの,伊奈野
いなの,稲野
いなのべ,稲野辺
いなのべ,稲野邉
いなはし,稲橋
いなはた,稲畑
いなはま,稲浜
いなはら,稲原
いなば,伊名波
いなば,井奈波
いなば,稲場
いなば,稲波
いなば,稲葉
いなば,因幡
いなば,稻葉
いなばた,稲畑
いなばやし,稲林
いなふく,稲福
いなふね,稲船
いなふね,稲舩
いなぶ,稲生
いなべ,井鍋
いなべ,井邊
いなべ,稲部
いなべ,稲辺
いなべ,稲邊
いなべつ,稲別
いなほ,稲穂
いなます,稲益
いなます,稲増
いなます,稲桝
いなまた,稲又
いなまる,稲丸
いなみ,以南
いなみ,伊南
いなみ,伊波
いなみ,井波
いなみ,井並
いなみ,井浪
いなみ,稲見
いなみ,稲波
いなみ,居波
いなみず,稲水
いなみつ,稲光
いなみね,稲嶺
いなみや,稲宮
いなむら,稲村
いなむら,稲邑
いなむろ,稲室
いなめ,稲目
いなも,稲毛
いなもち,稲用
いなもと,稲元
いなもと,稲本
いなもり,稲守
いなもり,稲森
いなもり,稲盛
いなや,稲屋
いなや,稲家
いなや,稲谷
いなやす,稲安
いなやま,伊奈山
いなやま,稲山
いなよし,稲吉
いなよし,稲好
いなり,稲荷
いなり,居也
いなわか,稲若
いにし,伊西
いにし,井西
いぬい,乾
いぬい,犬井
いぬい,戌井
いぬい,戌亥
いぬいぐち,乾口
いぬいざわ,乾澤
いぬいし,犬石
いぬお,犬尾
いぬかい,狗飼
いぬかい,犬貝
いぬかい,犬飼
いぬかい,犬養
いぬかわ,狗川
いぬかわ,犬川
いぬが,犬賀
いぬがい,犬飼
いぬがみ,犬上
いぬき,井貫
いぬき,犬木
いぬき,五貫
いぬしま,犬島
いぬしま,犬嶋
いぬじま,犬島
いぬじま,犬嶋
いぬずか,犬塚
いぬたけ,犬竹
いぬだ,犬田
いぬつか,犬（土へんに冢）
いぬつか,犬塚
いぬづか,犬（土へんに冢）
いぬづか,犬束
いぬづか,犬塚
いぬどう,犬童
いぬふさ,犬房
いぬぶし,犬伏
いぬぶせ,犬伏
いぬぶち,犬渕
いぬまき,狗巻
いぬまた,犬亦
いぬまる,犬丸
いぬやま,犬山
いね,ヰ根
いね,井根
いね,稲
いねい,稲井
いねづき,稲月
いねなが,稲永
いねの,稲野
いねやま,稲山
いの,伊野
いの,井埜
いの,井野
いの,亥野
いの,猪
いの,猪野
いのい,猪井
いのいえ,井家
いのいけ,井生
いのう,伊納
いのう,伊能
いのう,井箟
いのう,稲生
いのうえ,井ノ上
いのうえ,井上
いのうえ,井植
いのうえ,井之上
いのうえ,亥上
いのうえ,猪上
いのうえ,猪上
いのうち,井ノ内
いのうち,井内
いのうち,井之内
いのうち,井濃内
いのうち,猪内
いのうら,猪浦
いのお,伊野尾
いのお,井ノ尾
いのお,井尾
いのお,稲生
いのお,猪尾
いのおか,井岡
いのおか,猪岡
いのおく,井奥
いのおく,猪之奥
いのかけ,猪掛
いのかみ,井神
いのかわ,井ノ川
いのかわ,井之川
いのかわ,井野川
いのかわ,猪川
いのき,位野木
いのき,居軒
いのき,猪木
いのきはら,猪木原
いのくち,井ノ口
いのくち,井口
いのくち,井之口
いのくち,猪ノ口
いのくち,猪口
いのくぼ,猪久保
いのくま,猪熊
いのくら,井倉
いのくら,猪倉
いのぐち,伊之口
いのぐち,井ノ口
いのぐち,井口
いのぐち,井之口
いのぐち,井野口
いのぐち,猪ノ口
いのぐち,猪口
いのけ,猪家
いのけ,猪野毛
いのこ,猪子
いのこざ,豚座
いのこし,猪越
いのこし,猪腰
いのさか,伊之坂
いのさか,井ノ阪
いのさか,猪坂
いのさか,猪阪
いのさき,井ノ崎
いのさこ,井ノ迫
いのさこ,猪砂
いのし,猪師
いのした,伊下
いのした,井ノ下
いのした,井下
いのした,井野下
いのした,猪下
いのしま,猪島
いのしま,猪嶋
いのしり,井尻
いのしろ,井城
いのせ,伊能勢
いのせ,井野瀬
いのせ,亥ノ瀬
いのせ,猪瀬
いのせ,猪野瀬
いのせ,豕瀬
いのた,井野田
いのたに,猪谷
いのだ,伊野田
いのだ,猪田
いのつか,猪塚
いのつめ,井爪
いのつめ,猪爪
いのね,井ノ根
いのね,井野根
いのは,伊野波
いのはえ,猪八重
いのはた,井ノ畑
いのはた,猪端
いのはな,位ノ花
いのはな,位野花
いのはな,猪ノ鼻
いのはな,猪之鼻
いのはな,猪鼻
いのはや,猪早
いのはや,猪隼
いのはら,井ノ原
いのはら,井之原
いのはら,猪原
いのば,井野場
いのひら,猪平
いのぶ,井延
いのべ,伊延
いのべ,伊野部
いのべ,井ノ辺
いのべ,井延
いのべ,井野辺
いのべ,井野邊
いのべ,井野邉
いのべ,射延
いのべ,猪部
いのま,猪間
いのまえ,井之前
いのまき,猪巻
いのまた,井俣
いのまた,猪岐
いのまた,猪股
いのまた,猪俣
いのまた,猪又
いのみや,伊野宮
いのめ,猪目
いのも,井面
いのもと,井
いのもと,井ノ元
いのもと,井ノ本
いのもと,井元
いのもと,井之元
いのもと,井之本
いのもと,井本
いのもと,井野元
いのもと,猪本
いのもと,猪野元
いのや,井之谷
いのやえ,猪八重
いのやま,井ノ山
いのやま,猪山
いのり,（示へんに壽）
いのり,（祷の寿が壽）
いのり,祈
いのり,祷
いのわ,井之輪
いのわき,井之脇
いのわき,井脇
いは,伊覇
いは,伊波
いはし,伊橋
いはし,井橋
いはた,井畑
いはな,井花
いはま,伊濱
いはや,井隼
いはやさか,伊早坂
いはら,庵原
いはら,伊原
いはら,井原
いはら,居原
いはら,猪原
いはらぎ,井原木
いはらだ,居原田
いば,伊場
いば,伊庭
いば,井場
いば,井波
いば,居場
いば,射場
いばた,伊場田
いばた,伊畑
いばた,井端
いばた,井幡
いばた,井畑
いばた,井畠
いばた,居畑
いばと,衣鳩
いばの,伊庭野
いばもと,井場元
いばやし,伊林
いばやし,井林
いばやし,居林
いばら,庵原
いばら,井原
いばら,猪原
いばらき,茨城
いばらき,茨木
いばらき,荊木
いばらぎ,伊原木
いばらぎ,茨木
いばらもと,茨本
いばらやま,茨山
いひ,伊比
いひょう,井表
いひら,伊平
いひら,井平
いび,伊比
いび,衣斐
いび,井比
いび,井樋
いび,揖斐
いふく,伊福
いふく,井福
いふく,居福
いふくべ,伊福部
いふくろ,衣袋
いふじ,井藤
いぶか,伊深
いぶか,井深
いぶか,生家
いぶき,伊吹
いぶき,伊夫伎
いぶきやま,伊吹山
いぶくろ,衣袋
いぶし,飯伏
いぶすき,指宿
いぶすき,揖宿
いぶち,井渕
いぶみ,井踏
いべ,伊部
いべ,井部
いべ,井辺
いべ,井邉
いほ,伊保
いほう,生宝
いほき,伊保木
いほべ,五百部
いほり,庵
いほり,井堀
いぼない,伊保内
いぼり,井堀
いま,井馬
いま,今
いまあら,今新
いまい,今伊
いまい,今井
いまいいだ,今飯田
いまいえ,今家
いまいけ,今池
いまいし,今石
いまいずみ,今泉
いまいずみ,今和泉
いまいそ,今磯
いまいだ,今井田
いまいち,今市
いまいで,今出
いまうえ,今上
いまうら,今浦
いまえ,井前
いまえ,今栄
いまえ,今江
いまえ,今榮
いまえだ,今枝
いまお,今尾
いまおおじ,今大路
いまおか,今岡
いまかど,今門
いまかわ,今川
いまがいと,今垣内
いまがき,今垣
いまがま,今釜
いまがわ,今川
いまき,伊巻
いまき,井巻
いまき,今城
いまき,今木
いまき,今来
いまきいれ,今給黎
いまきた,今北
いまきゅうれい,今給黎
いまぎ,今儀
いまぎ,今義
いまぎ,今城
いまぎれ,今給黎
いまくぼ,今久保
いまくぼ,今窪
いまくら,今倉
いまくるす,今久留主
いまくるす,今久留須
いまぐち,今口
いまこ,今子
いまこま,今駒
いまさか,今坂
いまさか,今酒
いまさき,今崎
いまさと,今里
いまさわ,今澤
いまざい,今在
いまざき,今（崎の大が立）
いまざき,今崎
いまざと,今里
いまざわ,今沢
いまざわ,今澤
いましおや,今塩屋
いましげ,今重
いました,今下
いましま,今島
いましみず,今清水
いましゅく,今宿
いましょう,今庄
いましろ,今城
いまじ,今治
いまじ,今地
いまじま,今島
いまじま,今嶋
いまじゅく,今宿
いまじょう,今庄
いまじょう,今上
いまじょう,今城
いまじょう,今荘
います,井桝
います,今須
いまず,今津
いまずみ,今住
いまずみ,今澄
いませ,今瀬
いませき,今関
いまぜき,今関
いまその,今園
いまぞの,今園
いまた,今多
いまた,今夛
いまたか,今高
いまたか,今鷹
いまたき,今滝
いまたき,今瀧
いまたけ,今竹
いまたけ,今武
いまたに,今谷
いまだ,（今のラがテ）田
いまだ,今多
いまだ,今田
いまだち,今立
いまだて,今達
いまだて,今立
いまだや,今田屋
いまち,井街
いまち,井町
いまち,今地
いまちょう,今長
いまつぐ,今次
いまつじ,今辻
いまづ,今津
いまづや,今津屋
いまづる,今水流
いまで,今出
いまでがわ,今出川
いまでら,今寺
いまと,今戸
いまとう,今任
いまとく,今徳
いまとみ,今富
いまとみ,今冨
いまとめ,今留
いまど,今戸
いまなか,今中
いまなか,今仲
いまなが,今永
いまなが,今長
いまなみ,今浪
いまなら,今奈良
いまなり,今成
いまに,今仁
いまにし,今西
いまの,今野
いまはし,今橋
いまはせ,今長谷
いまはた,今畑
いまはま,今浜
いまはま,今濱
いまはやし,今林
いまはら,（今のラがテ）原
いまはら,今原
いまばやし,今林
いまひがし,今東
いまひら,今平
いまふく,今福
いまふじ,今藤
いまぶち,今淵
いまぶち,今渕
いまべっぷ,今別府
いまほり,今堀
いまぼり,今掘
いまぼり,今堀
いままき,今牧
いまます,今増
いままつ,今松
いままる,今丸
いまみぞ,今溝
いまみち,今道
いまみね,今峰
いまみや,今宮
いまむら,今村
いまもと,今元
いまもと,今本
いまもり,今森
いまもり,今盛
いまや,今矢
いまやしき,今屋敷
いまやす,今安
いまやま,今山
いまゆき,今雪
いまよし,今（吉の士が土）
いまよし,今吉
いまる,井丸
いまるおか,伊丸岡
いまわか,今若
いまわき,今脇
いまわり,井廻
いみ,伊美
いみ,井美
いみぎ,五十右
いみず,井水
いみず,射水
いみや,井宮
いむかい,井向
いむた,伊牟田
いむた,藺牟田
いむら,伊村
いむら,井村
いむら,井邑
いむら,居村
いむろ,伊室
いむろ,飯室
いもあらい,一口
いもう,芋生
いもお,芋生
いもおか,芋岡
いもかわ,芋川
いもかわ,五百川
いもかわ,妹川
いもがわ,妹川
いもせ,妹背
いもた,芋田
いもたに,芋谷
いもと,伊元
いもと,伊本
いもと,井元
いもと,井本
いもの,鋳物
いもり,伊森
いもり,伊盛
いもり,井守
いもり,井森
いもり,居森
いもん,井門
いやえ,猪八重
いやがさこ,伊屋ヶ迫
いやがわ,袰川
いやとみ,弥富
いやとみ,彌富
いやとみ,彌冨
いやどみ,弥富
いやなが,弥永
いやなが,彌永
いやなぎ,井柳
いやの,伊谷野
いやの,伊矢野
いやま,伊山
いやま,井山
いやま,居山
いやま,猪山
いよ,伊与
いよ,伊豫
いよ,伊與
いよう,井用
いよかわ,五百川
いよぎ,五代儀
いよぎ,伍代儀
いよく,伊興久
いよく,伊能
いよく,伊与久
いよし,井吉
いよずみ,伊代住
いよた,伊与田
いよた,伊豫田
いよた,伊與田
いよた,井余田
いよたに,伊豫谷
いよだ,伊代田
いよだ,伊与田
いよだ,伊輿田
いよだ,伊豫田
いよだ,伊與田
いよだ,彌田
いよなが,伊予永
いよの,伊代野
いよべ,伊与部
いよべ,伊豫部
いよべ,伊與部
いよまさ,伊与政
いよまさ,彌政
いよもと,伊豫本
いよや,伊豫屋
いより,伊従
いより,伊從
いより,井寄
いら,伊良
いらこ,伊良子
いらさわ,井良沢
いらなみ,伊良波
いらは,伊良波
いらはら,苛原
いらぶ,伊良部
いらみな,伊良皆
いり,伊理
いり,伊里
いり,井利
いり,入
いりい,入井
いりいけはら,入池原
いりうだ,入宇田
いりうちじま,入内島
いりうべ,入宇部
いりうみ,入海
いりうめ,入梅
いりえ,煎江
いりえ,入江
いりえ,杁江
いりえだ,入枝
いりおか,入岡
いりおもて,西表
いりかね,入金
いりかわ,入川
いりがまち,入ヶ町
いりき,入木
いりき,入来
いりき,入來
いりきいん,入来院
いりきだ,入木田
いりくち,入口
いりくら,入倉
いりぐち,入口
いりけだもと,入慶田本
いりこ,入子
いりこま,入駒
いりさ,入佐
いりさこ,入迫
いりさわ,入沢
いりさわ,入澤
いりざわ,入沢
いりざわ,入澤
いりしま,入島
いりすな,入砂
いりすみ,入角
いりすみ,入住
いりせ,入瀬
いりた,入田
いりたけにし,入嵩西
いりたに,入谷
いりつ,入津
いりづき,入月
いりて,入手
いりで,入出
いりと,入戸
いりとの,入戸野
いりの,入野
いりのだ,入野田
いりはえの,入南風野
いりはら,入原
いりひ,入日
いりふね,入船
いりふね,入舩
いりべ,入部
いりぼし,入星
いりまがわ,入間川
いりまじり,入交
いりむら,入村
いりもと,井利元
いりもと,煎本
いりもと,入本
いりもと,圦本
いりもと,杁本
いりもりもと,入盛本
いりや,入屋
いりや,入谷
いりやま,入山
いりゅう,井龍
いりょう,井料
いりょう,井領
いりょうだ,井料田
いりよし,入好
いるべ,入部
いるまた,入間田
いるまだ,入間田
いるや,射矢
いれ,伊礼
いれい,伊（ネへんに豊）
いれい,伊礼
いれい,伊禮
いろかわ,色川
いろき,色木
いろくも,色雲
いろでん,飯領田
いろひら,色平
いろべ,色部
いわ,岩
いわあさ,岩浅
いわい,岩井
いわい,岩居
いわい,慶
いわい,祝
いわい,盤井
いわい,磐井
いわいけ,岩池
いわいさき,祝前
いわいさこ,祝迫
いわいさわぐち,祝井澤口
いわいざこ,祝迫
いわいし,岩石
いわいずみ,岩泉
いわいた,祝田
いわいだ,岩井田
いわいだ,祝田
いわいち,岩市
いわいで,岩出
いわいなか,岩井中
いわいはら,祝原
いわうち,岩内
いわえ,岩栄
いわお,巌
いわお,岩生
いわお,岩男
いわお,岩尾
いわお,厳
いわおおじ,岩大路
いわおか,岩岡
いわおき,岩沖
いわおく,岩奥
いわおり,岩織
いわかた,岩片
いわかべ,岩壁
いわかみ,岩上
いわかわ,岩河
いわかわ,岩川
いわがい,岩貝
いわがき,岩垣
いわがきつ,岩垣津
いわがしら,岩頭
いわがみ,岩上
いわがみ,岩神
いわがみ,石上
いわがや,岩ヶ谷
いわがわ,岩川
いわき,井脇
いわき,岩鬼
いわき,岩城
いわき,岩槻
いわき,岩木
いわき,磐城
いわきり,岩切
いわきろ,岩木呂
いわぎし,岩岸
いわく,岩久
いわくち,岩口
いわくに,巌国
いわくに,岩国
いわくに,岩國
いわくま,岩熊
いわくま,岩隈
いわくら,巌倉
いわくら,岩倉
いわくら,岩峅
いわくら,石倉
いわくら,巖倉
いわくろ,岩黒
いわくろ,岩畔
いわぐち,岩口
いわぐま,岩隈
いわぐろ,岩畔
いわこ,岩子
いわこけ,岩苔
いわこし,岩越
いわこし,岩腰
いわごう,岩郷
いわごう,岩合
いわさ,巌佐
いわさ,岩佐
いわさ,岩沙
いわさ,岩砂
いわさ,岩浅
いわさ,岩淺
いわさか,岩坂
いわさか,岩阪
いわさき,巌崎
いわさき,岩（崎の大が立）
いわさき,岩崎
いわさき,岩先
いわさき,岩嵜
いわさく,岩破
いわさこ,岩迫
いわさこ,岩峪
いわさだ,岩貞
いわさと,岩里
いわさる,岩猿
いわさわ,岩沢
いわさわ,岩澤
いわしげ,岩重
いわした,岩下
いわした,磐下
いわしな,岩科
いわしな,岩品
いわしま,岩島
いわしま,岩嶋
いわしみず,岩清水
いわしみず,石清水
いわしや,鰯谷
いわしろ,岩城
いわしろ,岩代
いわしろ,岩白
いわじま,岩島
いわす,（山かんむりに品）栖
いわす,嵓栖
いわすぎ,岩杉
いわすじ,岩筋
いわずみ,岩住
いわせ,岩瀬
いわせばり,岩瀬張
いわそ,岩曽
いわた,岩田
いわた,磐田
いわた,嵒田
いわた,巖田
いわたか,岩（はしご高）
いわたか,岩高
いわたき,岩滝
いわたき,岩瀧
いわたけ,岩竹
いわたけ,岩武
いわたて,岩楯
いわたて,岩立
いわたに,岩谷
いわたや,岩田谷
いわたれ,岩垂
いわだて,岩館
いわだて,岩舘
いわだて,岩楯
いわだて,岩達
いわだて,岩立
いわだれ,岩垂
いわだん,岩段
いわち,岩地
いわちどう,岩知道
いわつ,岩津
いわつか,岩塚
いわつき,岩月
いわつき,岩槻
いわつき,岩付
いわつき,岩附
いわつじ,岩辻
いわつぼ,岩坪
いわつめ,岩爪
いわつり,岩釣
いわづか,岩塚
いわて,岩手
いわで,岩出
いわでら,岩寺
いわと,岩戸
いわとう,岩東
いわとう,岩藤
いわど,岩戸
いわどう,岩藤
いわどう,岩堂
いわな,岩名
いわなか,岩中
いわなが,岩永
いわなぐち,岩穴口
いわなじ,岩名地
いわなで,岩撫
いわなべ,岩鍋
いわなべ,岩辺
いわなみ,岩波
いわなみ,岩並
いわなみ,岩浪
いわなり,岩成
いわにし,巌西
いわにし,岩西
いわぬま,岩沼
いわね,岩根
いわね,巖根
いわの,岩埜
いわの,岩野
いわはし,岩橋
いわはせ,磐長谷
いわはた,岩畑
いわはた,池端
いわはな,岩花
いわはな,岩鼻
いわはら,岩原
いわば,岩場
いわばやし,岩林
いわひさ,岩久
いわひら,岩平
いわひろ,岩弘
いわふじ,岩藤
いわふち,岩淵
いわふち,岩渕
いわふね,岩船
いわふね,岩舩
いわぶ,岩部
いわぶき,岩蕗
いわぶち,巌渕
いわぶち,岩淵
いわぶち,岩渕
いわぶち,巖淵
いわべ,岩部
いわべ,岩辺
いわほり,岩堀
いわま,巌真
いわま,岩間
いわまえ,岩前
いわまさ,岩政
いわまつ,岩松
いわまる,井和丸
いわまる,岩丸
いわみ,岩見
いわみ,岩味
いわみ,石見
いわみ,巖見
いわみず,岩水
いわみつ,岩光
いわみつ,岩満
いわみや,岩宮
いわむね,岩宗
いわむら,岩村
いわむら,磐村
いわむろ,岩室
いわもち,岩持
いわもと,岩元
いわもと,岩本
いわもと,厳本
いわもと,巖本
いわもり,岩森
いわや,巌谷
いわや,岩屋
いわや,岩谷
いわや,岩矢
いわやす,岩安
いわやま,岩山
いわよし,岩吉
いわら,井藁
いわわき,岩脇
いん,因
いんぎ,隠木
いんぜん,隠善
いんだ,印田
いんだ,院田
いんづか,隠塚
いんで,印出
いんでい,因泥
いんでん,位田
いんでん,因田
いんとう,印東
いんとう,引頭
いんどう,印東
いんどう,印藤
いんどう,印道
いんどう,因藤
いんどう,引頭
いんどう,犬堂
いんどう,犬童
いんなみ,印南
いんなん,院南
いんの,印野
いんの,因野
いんの,陰能
いんのう,陰能
いんば,印波
いんば,印幡
いんべ,井辺
いんべ,井邊
いんべ,印部
いんべ,忌部
いんべ,斎部
いんまる,印丸
いんまる,院丸
いんやく,印鑰
う,鵜
うい,右井
うい,宇井
うい,宇居
ういけ,鵜池
うえ,宇衛
うえ,宇恵
うえ,宇江
うえ,上
うえ,植
うえい,上井
うえいわ,上岩
うえうち,上内
うえうま,上馬
うえうんてん,上運天
うええだ,上枝
うええだ,植枝
うえお,上尾
うえお,植尾
うえおおた,上大田
うえおか,上岡
うえおか,植岡
うえおく,上奥
うえか,植家
うえかじさこ,上梶迫
うえかせだ,上加世田
うえかど,上門
うえかね,上金
うえかね,上兼
うえかま,上釜
うえかわ,上川
うえがいと,上垣内
うえがき,上垣
うえがき,上柿
うえがき,植垣
うえがきうち,上垣内
うえがた,上形
うえがね,上兼
うえがま,上釜
うえがみ,上神
うえき,上木
うえき,植木
うえきた,上北
うえきはら,植木原
うえきよ,上清
うえくさ,上草
うえくさ,植草
うえくぼ,上久保
うえくら,上倉
うえくり,殖栗
うえぐち,上口
うえこうじ,上小路
うえこば,上木場
うえこみ,上込
うえごもり,上篭
うえごもり,上籠
うえさ,上佐
うえさか,上坂
うえさか,上阪
うえさか,植坂
うえさか,植阪
うえさき,上崎
うえさこ,上迫
うえささ,上笹
うえさと,上里
うえさと,植里
うえさわ,上沢
うえさわ,上澤
うえざと,上里
うえざわ,上澤
うえしげ,上繁
うえした,上下
うえしば,上芝
うえしば,植芝
うえしま,上島
うえしま,上嶋
うえしま,植島
うえしま,植嶋
うえしも,上霜
うえしょ,上所
うえしろ,宇江城
うえしろ,上城
うえしん,上新
うえじ,上エ地
うえじ,上ヱ地
うえじ,上治
うえじ,上地
うえじ,上路
うえじ,植地
うえじま,上島
うえじま,上嶋
うえじま,植島
うえじま,植嶋
うえじゅっこく,上拾石
うえじょう,上城
うえじょう,上条
うえじょう,上門
うえじょう,植條
うえす,上江洲
うえすぎ,上杉
うえすぎ,植杉
うえず,上江州
うえず,上江洲
うえず,上江洌
うえず,植頭
うえずみ,上角
うえずみ,上住
うえせ,上勢
うえその,上園
うえそら,上空
うえぞの,上園
うえぞの,上薗
うえた,上田
うえた,植田
うえたか,上高
うえたか,植高
うえたき,上滝
うえたき,上瀧
うえたけ,上竹
うえたけ,上武
うえたけ,植竹
うえたな,上棚
うえたなか,上田中
うえたに,上谷
うえたに,植谷
うえたびら,上田平
うえたま,上玉
うえだ,宇枝
うえだ,上江田
うえだ,上枝
うえだ,上多
うえだ,上田
うえだ,植田
うえだ,殖田
うえだいら,上平
うえだん,上段
うえち,上地
うえち,植地
うえぢ,上地
うえつか,上（土へんに冢）
うえつか,上塚
うえつき,植月
うえつぎ,上續
うえつぐ,上續
うえつじ,上辻
うえつはら,上津原
うえづま,上妻
うえてら,上寺
うえで,上出
うえで,植出
うえと,上戸
うえと,植戸
うえとう,上藤
うえとう,植東
うえとこ,上床
うえとみ,上富
うえどい,上土井
うえどう,上堂
うえな,上奈
うえなか,上中
うえなか,上仲
うえなか,植中
うえなか,植仲
うえなが,上永
うえなべ,上鍋
うえなみ,上南
うえなみ,上浪
うえなみ,植南
うえに,上仁
うえにし,上西
うえにし,植西
うえぬま,上沼
うえね,上根
うえの,宇恵野
うえの,上之
うえの,上埜
うえの,上野
うえの,植野
うえのその,上ノ園
うえのその,上之園
うえのその,上之薗
うえのだ,上野田
うえのだん,上之段
うえのどう,上野堂
うえのはら,上ノ原
うえのはら,上野原
うえのはら,植之原
うえのぼり,植野堀
うえのまち,上ノ町
うえのみょう,上ノ茗
うえのや,上野谷
うえのやま,上ノ山
うえのやま,上之山
うえのやま,上野山
うえは,上羽
うえは,植波
うえはし,上橋
うえはた,上畑
うえはた,植畑
うえはま,上浜
うえはら,宇栄原
うえはら,上原
うえはら,植原
うえはる,上春
うえば,上羽
うえばやし,上林
うえばやし,植林
うえばる,宇栄原
うえばん,上番
うえばんそう,上番増
うえひがし,上東
うえひら,上平
うえひら,植平
うえひろ,植弘
うえふじ,上藤
うえふじ,植藤
うえふね,上船
うえほり,上堀
うえぼう,上坊
うえぼり,上堀
うえま,上間
うえまえ,上前
うえまえ,植前
うえまき,上牧
うえます,上枡
うえます,植益
うえまつ,上園
うえまつ,上松
うえまつ,植松
うえまる,上丸
うえみ,上見
うえみず,上水
うえみち,上道
うえみなみ,上南
うえみや,上宮
うえむかい,上向
うえむかい,上向井
うえむら,上村
うえむら,植村
うえもと,上元
うえもと,上本
うえもと,植本
うえもり,上森
うえもり,植森
うえや,植屋
うえやなぎ,上柳
うえやま,上山
うえやま,植山
うえよし,植吉
うえよなばる,上与那原
うえら,上羅
うえら,植良
うえわき,上脇
うえわだ,植和田
うえんじょう,上城
うえんだ,宇円田
うえんだん,上段
うえんびゅう,上別府
うお,卯尾
うお,鵜尾
うお,魚
うおい,魚井
うおうら,魚浦
うおおか,魚岡
うおき,魚木
うおぎし,魚岸
うおくら,魚倉
うおさき,魚崎
うおざき,宇於崎
うおざき,魚崎
うおざと,魚里
うおしま,魚島
うおしま,魚嶋
うおじ,魚路
うおず,魚津
うおずみ,魚住
うおせ,魚瀬
うおた,魚多
うおた,魚田
うおたに,魚谷
うおち,魚地
うおつ,魚津
うおつか,魚柄
うおづ,魚津
うおどめ,魚留
うおなが,魚永
うおの,宇尾野
うおの,魚野
うおのみ,魚躬
うおはし,魚橋
うおはま,魚濱
うおばやし,魚林
うおべ,魚部
うおみ,魚見
うおみ,魚躬
うおみず,魚水
うおもと,魚本
うおもり,魚森
うおや,魚屋
うおや,魚谷
うおやま,魚山
うか,宇賀
うかい,（鵜の弟が束）飼
うかい,鵜飼
うかい,鵜養
うかがみ,宇賀神
うかく,宇角
うかじ,宇加治
うかじ,宇賀治
うかじ,宇梶
うかり,鵜狩
うかわ,右川
うかわ,宇川
うかわ,鵜川
うが,宇賀
うがい,鵜飼
うがえり,魚返
うがき,宇垣
うがじん,宇賀神
うがた,宇賀田
うがたに,宇賀谷
うがち,宇賀地
うがみ,宇上
うがむら,宇賀村
うがもち,宇賀持
うがや,烏賀陽
うがやま,宇賀山
うがり,鵜狩
うがわ,右川
うがわ,宇川
うがわ,鵜川
うき,卯木
うき,浮
うき,浮気
うき,浮氣
うきあな,浮穴
うきかわ,浮川
うきがい,浮海
うきがや,浮ケ谷
うきがや,浮ヶ谷
うきがわ,浮川
うきぎ,浮気
うきくさ,浮草
うきしま,浮島
うきしま,浮嶌
うきしろ,浮城
うきす,浮洲
うきす,浮須
うきた,宇喜多
うきた,宇喜田
うきた,浮田
うきだ,浮田
うきつ,浮津
うきと,浮渡
うきはし,浮橋
うきはら,浮原
うきば,浮葉
うきふね,浮船
うきべ,浮部
うきむら,浮村
うきや,浮谷
うきょう,右京
うきょう,宇京
うきよ,浮世
うく,宇久
うくもり,鵜久森
うぐさ,宇草
うぐで,鶯出
うぐもり,（魚へんに鳥）森
うぐもり,鵜久森
うけい,宇慶
うけい,請井
うけがわ,受川
うけがわ,請川
うけがわ,有家川
うけぐち,筌口
うけしま,請島
うけぞの,請園
うけた,請田
うけだ,受田
うけだ,請田
うけな,浮穴
うけば,筌場
うけます,請舛
うけもり,請盛
うこ,宇小
うこう,右江
うこん,右近
うごもり,鵜篭
うさ,宇佐
うさか,鵜坂
うさがわ,宇佐川
うさなみ,宇佐波
うさみ,宇佐見
うさみ,宇佐美
うざ,宇座
うざき,右崎
うざき,宇（崎の大が立）
うざき,鵜崎
うざわ,宇沢
うざわ,宇澤
うざわ,雨澤
うざわ,鵜沢
うざわ,鵜澤
うし,牛
うしあま,牛尼
うしい,丑井
うしい,牛居
うしえ,牛江
うしお,丑尾
うしお,牛尾
うしお,生塩
うしお,潮
うしおか,丑岡
うしおか,牛岡
うしおぎ,潮木
うしおく,牛奥
うしおだ,潮田
うしかい,牛飼
うしかわ,牛河
うしかわ,牛川
うしがき,牛垣
うしき,宇敷
うしき,丑木
うしき,牛木
うしく,牛久
うしくさ,牛草
うしくび,牛首
うしくぼ,丑久保
うしくぼ,牛久保
うしくぼ,牛窪
うしくま,牛熊
うしぐさ,牛草
うしこし,牛越
うしごめ,牛込
うしざか,牛坂
うしざき,牛崎
うしざわ,丑沢
うしざわ,牛沢
うしざわ,牛澤
うしじま,丑嶋
うしじま,牛島
うしじま,牛嶋
うしせこ,牛迫
うしたき,牛瀧
うしたに,牛谷
うしだ,丑田
うしだ,牛田
うしつか,牛塚
うしづ,牛津
うしづか,牛塚
うしとら,艮
うしどう,牛堂
うしの,丑野
うしの,牛野
うしのはま,牛ノ濱
うしのはま,牛之浜
うしのはま,牛之濱
うしはら,牛原
うしば,牛場
うしばな,牛鼻
うしばやし,牛林
うしばり,牛尿
うしふさ,牛房
うしま,宇嶌
うしま,鵜嶋
うしまど,牛窓
うしまる,丑丸
うしまる,牛丸
うしみ,牛見
うしみち,牛道
うしむら,牛村
うしやち,牛谷内
うしやま,丑山
うしやま,牛山
うしゅう,宇秋
うしゅく,宇宿
うしろ,右城
うしろ,右代
うしろ,宇城
うしろ,卯城
うしろ,後
うしろ,後呂
うしろえびす,後夷
うしろおか,後岡
うしろかわ,後川
うしろがいと,後垣内
うしろがき,後垣
うしろがた,後潟
うしろがた,後瀉
うしろがわ,後川
うしろぎ,後木
うしろく,後宮
うしろぐち,後口
うしろこうじ,後小路
うしろごうち,後河内
うしろさこ,後迫
うしろざこ,後迫
うしろざわ,後沢
うしろしょうじ,後小路
うしろじ,後地
うしろだ,後田
うしろね,後根
うしろの,後野
うしろはま,後濱
うしろやま,後山
うしわか,牛若
うしわた,牛渡
うじ,宇治
うじ,氏
うじい,雲林院
うじい,氏居
うじいえ,氏家
うじえ,氏江
うじお,牛尾
うじかな,氏兼
うじかね,氏兼
うじかわ,宇治川
うじかわ,氏川
うじがわ,宇治川
うじけ,氏家
うじこう,宇治郷
うじごう,宇治郷
うじしま,氏島
うじた,宇治田
うじた,氏田
うじたに,宇治谷
うじとこ,宇治土公
うじなが,氏永
うじの,宇治野
うじの,氏野
うじはし,宇治橋
うじはし,氏橋
うじはら,宇治原
うじはら,宇地原
うじはら,氏原
うじばし,宇治橋
うじひら,氏平
うじふく,氏福
うじべ,氏部
うじべ,上鍋
うじま,宇嶋
うじま,鵜島
うじまさ,氏政
うじもと,氏本
うじもり,氏森
うじやま,宇治山
うじやま,有子山
うすい,宇吹
うすい,碓井
うすい,碓水
うすい,碓氷
うすい,臼意
うすい,臼井
うすい,臼居
うすい,臼射
うすい,笛吹
うすい,薄井
うすい,磨井
うすい,有水
うすかわ,薄川
うすがみ,薄上
うすき,宇宿
うすき,臼杵
うすき,臼木
うすき,薄
うすき,薄木
うすぎ,宇杉
うすぎ,薄衣
うすぎぬ,薄衣
うすく,宇宿
うすくぼ,薄窪
うすくら,臼倉
うすくら,薄倉
うすざか,臼坂
うすざわ,臼澤
うすずき,宇薄
うすたに,臼谷
うすたに,薄谷
うすだ,碓田
うすだ,臼田
うすだ,薄田
うすだ,磨田
うすだいら,薄平
うすなが,薄永
うすなみ,薄波
うすね,薄根
うすば,薄羽
うすば,薄葉
うすぶち,臼渕
うすむら,臼村
うすもと,臼本
うすやま,臼山
うず,宇須
うずい,宇随
うずい,宇隨
うずお,宇津尾
うずおか,渦岡
うずこ,渦古
うずなみ,渦波
うずの,鶉野
うずはし,埋橋
うずはら,渦原
うずまき,渦巻
うずまき,太巻
うずまさ,太秦
うずらはし,鶉橋
うずらばし,鶉橋
うずんべ,埋樋
うぜん,卯善
うそ,宇曽
うた,宇多
うた,鵜足
うた,雅樂
うたいせ,宇対瀬
うたか,宇（はしご高）
うたか,宇高
うたか,宇鷹
うたか,鵜鷹
うたかわ,雅楽川
うたがき,歌書
うたがわ,宇田川
うたがわ,歌川
うたがわ,哥川
うたぐち,謡口
うたこうじ,宇多小路
うたこぢ,宇多小路
うたしろ,歌代
うたた,轉
うたたに,歌谷
うただ,歌田
うたつ,卯辰
うたつ,歌津
うたづ,歌津
うたに,宇谷
うたの,歌野
うたのはら,歌野原
うたはし,歌橋
うたはら,歌原
うたまる,歌丸
うたみ,宇民
うたむら,宇多村
うだ,宇多
うだ,宇陀
うだ,宇田
うだ,烏田
うだ,卯田
うだ,兎田
うだか,宇（はしご高）
うだか,宇高
うだか,鵜（はしご高）
うだか,鵜高
うだが,宇（はしご高）
うだがわ,宇多川
うだがわ,宇田川
うだつ,宇田津
うち,内
うちあけ,打明
うちあげ,打揚
うちいけ,内池
うちいで,打出
うちいで,内出
うちいと,内糸
うちうぞ,内生蔵
うちうぞう,内生蔵
うちうだ,内宇田
うちうみ,内海
うちうら,内浦
うちお,打尾
うちお,内尾
うちおくら,内生蔵
うちおけ,内桶
うちおぞう,内生蔵
うちかた,内潟
うちかた,内形
うちかた,内片
うちかど,内門
うちかわ,打川
うちかわ,内河
うちかわ,内川
うちがいと,打垣内
うちがいと,内垣内
うちがさき,内ケ崎
うちがさき,内ヶ（崎の大が立）
うちがさき,内ヶ崎
うちがしま,内ヶ島
うちがしま,内賀嶋
うちがた,内潟
うちがみ,打上
うちがみ,内上
うちがわ,内川
うちき,打木
うちき,内木
うちきば,内木場
うちくぼ,内久保
うちくぼ,内窪
うちくら,内倉
うちくら,内藏
うちこが,内古閑
うちこし,打越
うちこば,内木場
うちこみ,打込
うちごし,打越
うちさこ,内迫
うちささい,内笹井
うちさわ,内沢
うちさわ,内澤
うちざ,打座
うちざ,内座
うちざわ,内澤
うちしば,内柴
うちしば,内芝
うちしろ,内城
うちじま,内島
うちじま,内嶋
うちじょう,内城
うちすがわ,内須川
うちずみ,内住
うちずみ,内炭
うちせと,内瀬戸
うちぞの,内園
うちぞの,内薗
うちぞの,内囿
うちた,打田
うちた,内多
うちたて,内舘
うちたて,内立
うちたてもと,内立元
うちたに,打谷
うちたに,内谷
うちだ,宇智田
うちだ,打田
うちだ,内多
うちだ,内田
うちだて,内舘
うちつ,内津
うちで,打出
うちで,内出
うちとく,内徳
うちとみ,内富
うちとみ,内冨
うちどい,打土井
うちどい,内土井
うちなが,内永
うちなし,内梨
うちなみ,打波
うちなみ,打浪
うちなみ,内波
うちにし,内西
うちぬの,内布
うちぬま,内沼
うちの,内埜
うちの,内野
うちのう,内納
うちのくら,内ノ倉
うちのくら,内之倉
うちのくら,内野倉
うちのさわ,内野沢
うちのみ,内海
うちのみや,内之宮
うちのみや,内野宮
うちはし,打橋
うちはし,内橋
うちはた,内畠
うちはま,内浜
うちはら,宇地原
うちはら,内原
うちば,内場
うちばば,内馬場
うちばやし,打林
うちばやし,内林
うちひ,打樋
うちひら,内平
うちひろ,内廣
うちふる,内古
うちべ,内部
うちほ,内保
うちほり,内堀
うちぼり,内堀
うちま,内間
うちまき,内間木
うちまき,内牧
うちまる,内丸
うちみ,内海
うちみざき,内海崎
うちみち,打道
うちみや,内宮
うちむら,内村
うちむろ,内室
うちもと,内一
うちもと,内元
うちもと,内本
うちや,打屋
うちや,打矢
うちや,内谷
うちやま,打山
うちやま,内山
うちやまだ,内山田
うちゅう,宇宙
うちゅうぞう,内生蔵
うちろ,内呂
うったない,打田内
うつ,宇津
うつ,宇都
うつい,宇津井
うつい,空井
うつい,控井
うつえ,打江
うつお,撫尾
うつき,宇津木
うつき,宇都木
うつき,梼木
うつき,檮木
うつぎ,宇津木
うつぎ,宇都木
うつぎ,卯都木
うつぎ,楊廬木
うつぎさわ,槍澤
うつざわ,宇津沢
うつしかわ,移川
うつだ,槍田
うつだ,打田
うつの,宇津野
うつの,宇都野
うつのみや,宇津宮
うつのみや,宇都宮
うつぼ,宇坪
うつぼ,靱
うつぼえ,靭江
うつぼえ,靱江
うつみ,宇津見
うつみ,宇津美
うつみ,宇都見
うつみ,打海
うつみ,内海
うつみや,宇津宮
うつもと,宇津本
うつやま,宇津山
うつろ,宇津呂
うづ,宇津
うづか,宇（土へんに冢）
うづか,宇塚
うづか,鵜束
うづか,鵜塚
うづか,兎束
うづき,宇月
うづき,卯月
うづき,鵜月
うづた,宇津田
うづた,宇都田
うづら,卯津羅
うて,右手
うてな,台
うてな,臺
うてび,打樋
うでの,腕野
うと,宇戸
うと,宇渡
うと,宇都
うと,宇土
うとう,右藤
うとう,宇藤
うとう,宇籐
うとう,鵜藤
うとう,鵜頭
うとうげ,鵜峠
うとお,右遠
うとく,宇徳
うとぐち,宇都口
うとさわ,宇土沢
うとさわ,宇土澤
うとだ,宇戸田
うとぬま,烏兎沼
うど,宇戸
うど,宇都
うど,宇土
うど,鵜戸
うどう,宇洞
うどう,兎洞
うどう,有働
うどぐち,鵜戸口
うどの,鵜殿
うどやま,独活山
うない,宇内
うなかみ,海上
うながみ,海上
うなき,宇那木
うなぎ,宇那木
うなぎ,鰻
うなぎいけ,鰻池
うなばら,海原
うなみ,宇波
うなやま,宇南山
うなん,宇南
うに,宇仁
うにがめ,雲丹亀
うにし,卯西
うにすが,宇仁菅
うにた,宇仁田
うぬま,鵜沼
うね,宇根
うね,鵜根
うね,畦
うね,采
うね,畝
うねい,畝井
うねお,采尾
うねおか,宇根岡
うねおか,畝岡
うねおき,畝沖
うねかわ,畝川
うねぎ,畝木
うねざわ,采沢
うねざわ,釆沢
うねそこ,宇根底
うねた,畦田
うねた,畝田
うねたに,采谷
うねだ,畦田
うねだ,畝田
うねの,采野
うねはら,畦原
うねはら,采原
うねはら,畝原
うねはら,釆原
うねべ,畝部
うねみ,采見
うねむら,（田へんに人）村
うねむら,畝村
うねめ,采女
うねめ,釆女
うねもと,宇根本
うねもと,畝本
うねもり,畦森
うねやま,宇根山
うねやま,畝山
うの,宇埜
うの,宇野
うの,烏野
うの,卯野
うの,鵜野
うの,海野
うのう,宇納
うのうら,鵜浦
うのき,宇ノ木
うのき,宇野木
うのき,卯之木
うのき,卯木
うのき,鵜木
うのさわ,宇ノ沢
うのさわ,鵜ノ澤
うのざわ,宇野沢
うのざわ,宇野澤
うのざわ,鵜之澤
うのざわ,鵜野沢
うのせ,鵜瀬
うのつ,宇野津
うのとろ,鵜瀞
うのはな,卯花
うのはら,卯之原
うのはら,東原
うのめ,鵜目
うはら,右原
うはら,宇原
うはら,鵜原
うはら,菟原
うはら,乳原
うはら,莵原
うば,右馬
うば,姥
うば,乳母
うば,伯母
うばがい,姥貝
うばがい,祖母井
うばがい,祖母谷
うばさわ,姥ヶ澤
うばた,宇畑
うばたに,姥谷
うばな,卯花
うばの,宇羽野
うばはら,姥原
うばやま,姥山
うばら,乳原
うばり,牛尿
うふ,宇夫
うぶか,産賀
うぶかた,宇夫形
うぶかた,宇夫方
うぶかた,産賀
うぶかた,産形
うぶかた,生形
うぶかた,生方
うぶかわ,鵜生川
うぶき,宇吹
うぶさわ,生澤
うぶない,生内
うぶの,生野
うぶやしき,産屋敷
うべ,宇部
うま,馬
うまい,馬居
うまおか,馬岡
うまかけば,馬欠場
うまかわ,馬川
うまき,馬着
うまき,馬木
うまこし,馬越
うまさか,馬坂
うまざき,馬崎
うませ,馬瀬
うまた,馬田
うまたに,馬谷
うまだ,馬田
うまづめ,馬詰
うまと,馬戸
うまどめ,馬止
うまの,馬野
うまのだん,馬ノ段
うまはし,馬橋
うまはら,馬原
うまべ,馬部
うまみ,馬見
うまみち,馬道
うまみょう,馬明
うまもと,馬本
うまや,宇間谷
うまや,宇磨谷
うまや,馬谷
うまやはら,馬屋原
うまやばし,厩橋
うみ,宇美
うみうち,海内
うみかい,海貝
うみかわ,海川
うみぎし,海岸
うみざき,海（崎の大が立）
うみざわ,海澤
うみじ,海治
うみじ,海地
うみじま,海島
うみせ,海瀬
うみだ,海田
うみぢ,海地
うみつき,海附
うみづ,海津
うみの,海野
うみはた,海端
うみはら,海原
うみひら,海平
うみふち,海渕
うみべ,海辺
うみむら,海村
うみもと,海本
うみやま,海山
うめ,卯目
うめ,梅
うめい,梅井
うめうち,梅内
うめお,梅尾
うめおか,梅岡
うめかげ,梅蔭
うめかげ,梅影
うめかげ,梅景
うめかわ,梅川
うめかわ,楳川
うめが,梅賀
うめがえ,梅ヶ枝
うめがえ,梅香家
うめがき,梅垣
うめがね,埋金
うめき,梅城
うめき,梅木
うめき,楳木
うめきた,梅北
うめくに,梅國
うめさお,梅棹
うめさき,梅（崎の大が立）
うめさき,梅咲
うめさき,梅崎
うめさこ,梅迫
うめさこ,梅峪
うめさと,梅里
うめさわ,梅沢
うめざき,梅（崎の大が立）
うめざき,梅咲
うめざき,梅崎
うめざき,楳崎
うめざと,梅里
うめざわ,梅沢
うめざわ,梅澤
うめざわ,楳沢
うめした,梅下
うめしま,梅島
うめじ,梅地
うめすえ,梅末
うめず,梅津
うめずみ,梅住
うめずみ,楳泉
うめその,梅園
うめぞの,梅園
うめた,梅田
うめただ,埋忠
うめたに,梅渓
うめたに,梅谷
うめたに,梅溪
うめたに,楳溪
うめだ,梅田
うめだ,楳田
うめだ,埋田
うめだて,梅舘
うめち,梅地
うめつ,梅津
うめつき,梅月
うめつじ,梅辻
うめつぼ,梅坪
うめづ,梅津
うめづか,梅塚
うめど,梅戸
うめどい,埋樋
うめない,梅内
うめなか,梅中
うめなが,梅永
うめね,梅根
うめの,梅埜
うめの,梅野
うめは,梅葉
うめはし,梅橋
うめはな,梅花
うめはら,梅原
うめはら,楳原
うめばやし,梅林
うめばやし,楳林
うめばら,梅原
うめひら,梅比良
うめぶ,楳生
うめほり,梅堀
うめぼり,梅堀
うめまき,梅牧
うめまつ,梅松
うめみ,梅見
うめみや,梅宮
うめむら,梅村
うめむら,梅邑
うめむろ,梅室
うめもと,梅基
うめもと,梅元
うめもと,梅本
うめもと,楳本
うめもり,梅森
うめや,梅屋
うめや,梅谷
うめやしき,梅屋敷
うめやま,梅山
うめわか,梅若
うめわき,梅脇
うもさ,宇茂佐
うもと,兎本
うやなぎ,卯柳
うやま,宇山
うやま,卯山
うやま,鵜山
うら,宇良
うら,浦
うら,裏
うらい,浦井
うらいけ,浦池
うらいさみ,浦勇
うらいり,浦入
うらうしはら,浦牛原
うらうち,浦内
うらえ,浦江
うらお,浦尾
うらおか,浦岡
うらおんじょう,浦恩城
うらかぜ,浦風
うらかど,浦門
うらかべ,浦壁
うらかみ,浦上
うらかわ,浦川
うらかわ,裏川
うらが,浦賀
うらがき,浦垣
うらがき,裏垣
うらがみ,浦上
うらき,浦城
うらき,浦木
うらくぼ,浦久保
うらくぼ,浦窪
うらぐち,浦口
うらごう,浦郷
うらさか,浦坂
うらさき,浦（崎の大が立）
うらさき,浦崎
うらさわ,浦沢
うらさわ,浦澤
うらざき,浦崎
うらした,浦下
うらしま,浦島
うらしま,浦嶋
うらしり,浦尻
うらじ,浦地
うらじ,裏地
うらじり,浦尻
うらすえ,浦末
うらせ,浦瀬
うらそえ,浦添
うらぞえ,浦添
うらぞの,浦園
うらた,浦田
うらた,裏田
うらたき,浦瀧
うらたつみ,裏巽
うらたに,浦谷
うらたに,裏谷
うらち,裏地
うらつ,浦津
うらつか,浦塚
うらつじ,浦辻
うらつじ,裏辻
うらで,浦出
うらで,裏出
うらでら,浦寺
うらなか,浦中
うらにし,浦西
うらにし,裏西
うらね,浦根
うらの,浦野
うらの,裏野
うらはし,浦橋
うらはた,浦畑
うらはま,浦浜
うらはま,浦濱
うらはら,浦原
うらばやし,浦林
うらべ,浦部
うらべ,浦辺
うらべ,浦邊
うらべ,浦邉
うらべ,占部
うらべ,卜部
うらまつ,浦松
うらまる,浦丸
うらみなみ,裏南
うらみや,浦宮
うらもと,浦元
うらもと,浦本
うらや,浦谷
うらやま,浦山
うらやま,裏山
うらわ,浦羽
うらわ,浦和
うらわき,浦脇
うりう,瓜生
うりうばら,瓜生原
うりさこ,瓜迫
うりしま,瓜島
うりす,宇理須
うりす,瓜巣
うりた,瓜田
うりたに,瓜谷
うりの,瓜野
うりの,売野
うりはら,瓜原
うりや,瓜谷
うりゅう,瓜生
うりゅうじま,瓜生島
うりゅうはら,瓜生原
うりょう,宇良
うりょう,有涼
うりょう,有凉
うりわり,六月一日
うりん,雨林
うるい,閏井
うるが,宇留賀
うるが,潤賀
うるが,粳賀
うるし,宇留志
うるし,漆
うるしがき,漆垣
うるしがわ,漆川
うるしさか,漆坂
うるしさこ,漆迫
うるしざか,漆坂
うるしざき,漆崎
うるしざわ,漆沢
うるしざわ,漆澤
うるしたに,漆谷
うるしだ,漆田
うるしだて,漆舘
うるしだに,漆谷
うるしど,漆戸
うるしの,漆野
うるしはた,漆畑
うるしはら,漆原
うるしばた,漆畑
うるしばやし,漆林
うるしばら,漆原
うるしま,宇留嶋
うるしまっか,漆真下
うるしみち,漆道
うるしや,漆谷
うるしやま,漆山
うるしわき,漆脇
うるじ,宇留治
うるた,宇留田
うるた,潤田
うるちだ,粳田
うるの,宇留野
うるは,漆葉
うるま,宇留間
うるま,閏間
うるま,漆間
うるま,売間
うるま,賣間
うるわし,雲類鷲
うれし,嬉
うれしの,嬉野
うわ,宇和
うわい,上井
うわいずみ,上泉
うわえ,上江
うわがわ,宇和川
うわさ,噂
うわさ,上佐
うわさと,上里
うわさわ,上沢
うわしとみ,上蔀
うわじ,上地
うわじま,宇和島
うわせき,上関
うわそ,上曽
うわだいら,上平
うわとこ,上床
うわなか,上中
うわぬま,上沼
うわぬるゆ,上温湯
うわの,宇和野
うわの,上野
うわば,上羽
うわふじ,上藤
うわぶ,上符
うわべ,上部
うわぼ,上保
うわぼり,上堀
うわみず,上水
うわみの,上蓑
うわもり,上森
うわや,上矢
うわよこて,上横手
うんざい,雲財
うんじ,雲地
うんじょう,運上
うんせい,運勢
うんてん,運天
うんと,雲戸
うんどう,雲藤
うんの,雲野
うんの,海野
うんの,吽野
うんぽう,雲宝
うんまん,運萬
うんりゅう,雲竜
うんりゅう,雲龍
うんりん,雲林
えあらし,江嵐
えい,栄
えい,永
えい,頴娃
えい,英
えい,惠井
えいかわ,永川
えいが,栄花
えいが,英賀
えいき,栄喜
えいき,栄木
えいき,榮木
えいきゅう,永久
えいくま,栄隈
えいくら,栄倉
えいぐち,永口
えいげん,永源
えいこし,永越
えいさか,永坂
えいさか,榮坂
えいさき,永崎
えいさこ,栄迫
えいざわ,栄沢
えいざわ,永澤
えいざわ,榮澤
えいしま,永島
えいしゃ,永車
えいしろ,栄代
えいしろ,榮代
えいじ,永治
えいじ,永地
えいじま,栄嶋
えいじま,永島
えいじゅ,永壽
えいずみ,江泉
えいだ,栄田
えいだ,惠田
えいだ,榮田
えいづる,栄鶴
えいと,永戸
えいとう,栄藤
えいとう,永藤
えいとう,永當
えいとう,榮東
えいとく,永徳
えいど,栄土
えいなが,栄永
えいなが,永長
えいなが,榮長
えいの,永野
えいのお,永ノ尾
えいばやし,栄林
えいばやし,榮林
えいふく,栄福
えいふく,永福
えいふく,榮福
えいほ,英保
えいまえだ,栄前田
えいもり,栄森
えいもり,永森
えいもん,栄門
えいやま,栄山
えいよう,永栄
えいよう,永用
えいらい,永来
えいらく,永楽
えいらく,永樂
えいらく,榮樂
えいわ,永和
えうち,餌打
えうち,絵内
えうら,江浦
えおか,江岡
えかり,江苅
えがいつ,荏開津
えがしら,江頭
えがた,江形
えがみ,恵紙
えがみ,江上
えがら,永柄
えがわ,栄川
えがわ,永川
えがわ,頴川
えがわ,恵川
えがわ,江河
えがわ,江川
えがわ,枝川
えがわ,柄川
えがわ,榮川
えがわの,江川野
えき,益
えき,駅
えき,江木
えき,浴
えきた,浴田
えきだ,（澤のさんずいが山）
えきだ,浴田
えきづか,益塚
えきの,浴野
えきもと,浴本
えぎ,恵木
えぎ,江木
えぎ,惠木
えくあん,栄久庵
えくあん,榮久庵
えくに,江国
えくに,江國
えぐさ,江種
えぐさ,江草
えぐち,恵口
えぐち,江口
えぐま,江熊
えぐろ,江黒
えげ,会下
えげ,恵下
えこやま,江湖山
えご,恵古
えご,江後
えご,江篭
えご,江籠
えごう,江郷
えごう,江籠
えごう,惠郷
えごし,江越
えさか,榎坂
えさか,江坂
えさか,江阪
えさき,江（崎の大が立）
えさき,江崎
えさし,江刺
えさしか,江刺家
えさしや,江差家
えさしや,江差谷
えさしや,江刺家
えさわ,江澤
えざか,江坂
えざき,江（崎の大が立）
えざき,江崎
えざき,江嵜
えざと,江里
えざわ,恵沢
えざわ,恵澤
えざわ,江沢
えざわ,江澤
えざわ,惠澤
えした,恵下
えした,江下
えしま,江島
えしょ,繪所
えしろ,江代
えじま,恵島
えじま,江島
えじま,江嶋
えじま,柄島
えじま,惠島
えじり,江尻
えす,江洲
えすみ,江角
えすみ,江隅
えずみ,江角
えずみ,江泉
えずら,絵面
えずれ,江連
えそう,江曽
えそく,江則
えぞう,江蔵
えぞえ,江副
えぞもり,蝦夷森
えた,江田
えたに,恵谷
えたに,江谷
えたに,柄谷
えだ,江田
えだ,枝
えだ,朶
えだお,枝尾
えだがわ,枝川
えだくに,枝國
えだくぼ,枝久保
えだくぼ,枝窪
えださこ,枝迫
えださわ,枝沢
えだざき,枝崎
えだざわ,枝澤
えだしげ,枝重
えだじま,枝嶋
えだつね,枝常
えだなみ,枝並
えだね,枝根
えだの,枝野
えだはら,枝原
えだひろ,枝広
えだひろ,枝廣
えだま,江玉
えだまさ,枝正
えだまつ,枝松
えだみつ,枝光
えだむら,枝村
えだもと,枝元
えだもと,枝本
えだよし,枝吉
えち,愛知
えち,惠智
えちかわ,越川
えちき,越岐
えちご,愛知後
えちご,越後
えちごじま,越後島
えちごや,越後屋
えちごや,越後谷
えちぜん,越前
えちぜん,越善
えちぜん,越膳
えちぜんや,越前屋
えちぜんや,越前谷
えっこ,越湖
えっちゅう,越中
えっちゅうや,越中谷
えつ,悦
えつうち,悦内
えつか,悦家
えつぐ,栄次
えつぐ,越次
えつさき,越崎
えつなが,悦永
えつま,越間
えづき,江月
えづみ,江積
えづら,絵面
えづら,恵面
えづら,江面
えづら,江連
えづら,繪面
えづりこ,江釣子
えづれ,江連
えと,江戸
えと,江渡
えとう,栄藤
えとう,衛藤
えとう,恵藤
えとう,江藤
えとう,江頭
えとう,惠藤
えとう,衞藤
えとき,家時
えとみ,江富
えとり,餌取
えど,恵土
えど,江戸
えど,江渡
えどあみ,江戸網
えどがわ,江戸川
えどの,江戸野
えどはた,江戸端
えどや,江戸谷
えどわ,江戸輪
えな,江名
えない,絵内
えない,繪内
えないだに,江内谷
えなか,江中
えなつ,江夏
えなみ,榎波
えなみ,榎並
えなみ,海浪
えなみ,恵南
えなみ,江南
えなみ,江波
えなみ,江並
えなみ,江浪
えなみ,惠南
えなみや,榎並谷
えなり,江成
えにし,江西
えぬい,江縫
えぬま,江沼
えねい,江井
えの,江野
えのうち,榎内
えのえだ,榎枝
えのお,榎尾
えのお,江尾
えのかわ,栄野川
えのかわ,榮野川
えのき,榎
えのきさき,榎崎
えのきざか,榎坂
えのきじま,榎島
えのきぞの,榎園
えのきぞの,榎木薗
えのきだ,榎田
えのきだ,榎木田
えのきだに,榎谷
えのきづる,榎鶴
えのきと,榎戸
えのきど,榎戸
えのきはた,榎畑
えのきはら,榎原
えのきばた,榎畑
えのきばやし,榎林
えのきぼり,榎堀
えのきまる,榎丸
えのきや,榎屋
えのさわ,榎沢
えのさわ,榎澤
えのさわ,絵野沢
えのさわ,絵野澤
えのさわ,江野沢
えのさわ,江野澤
えのした,榎下
えのしま,榎島
えのせ,榎瀬
えのたに,榎谷
えのと,榎戸
えのはら,榎原
えのひ,栄野比
えのひ,榮野比
えのび,栄野比
えのび,榮野比
えのまえ,江前
えのむら,榎村
えのもと,荏本
えのもと,榎元
えのもと,榎本
えのもと,江野本
えのもと,柄本
えのもと,榮野元
えのもり,榎森
えのわき,江野脇
えはし,江橋
えはた,江畠
えはら,荏原
えはら,頴原
えはら,榎原
えはら,江原
えば,江場
えばし,江橋
えばた,恵畑
えばた,江端
えばた,江幡
えばた,江畑
えばた,江畠
えばた,榮畑
えばと,絵鳩
えばと,江波戸
えばな,江花
えばら,荏原
えばら,榎原
えばら,恵原
えばら,江原
えひ,衣斐
えひな,恵比奈
えひら,江平
えひら,得平
えひろ,永廣
えび,衣斐
えび,海老
えびい,海老井
えびい,胡井
えびいけ,海老池
えびえ,海老江
えびえ,蛯江
えびかわ,海老川
えびこ,蛯子
えびさか,海老坂
えびさわ,（魚へんに分）澤
えびさわ,海老沢
えびさわ,海老澤
えびさわ,蛯沢
えびさわ,魵沢
えびざわ,海老沢
えびざわ,海老澤
えびしかわ,海老子川
えびしがわ,海老子川
えびす,恵比須
えびす,胡
えびす,胡子
えびす,戎
えびす,戎子
えびす,蛭子
えびす,惠飛須
えびす,槐
えびすい,胡居
えびすい,戎井
えびすい,戎居
えびすい,蛭子井
えびすえ,戎末
えびすざき,戎崎
えびすた,蛭多
えびすたに,戎谷
えびすだ,胡田
えびすだ,蛭多
えびすだに,戎谷
えびすの,戎野
えびすもと,胡本
えびすもと,戎本
えびすや,恵比寿屋
えびすや,戎家
えびすや,戎谷
えびすゆ,戎湯
えびずか,海老（土へんに冢）
えびせ,海老瀬
えびた,蝦田
えびた,海老田
えびたに,海老谷
えびたに,蛯谷
えびつぼ,海老坪
えびづか,海老塚
えびな,蝦名
えびな,海老名
えびな,蛯名
えびぬま,海老沼
えびぬま,鰭沼
えびね,海老根
えびの,海老野
えびはな,海老鼻
えびはら,海老原
えびはら,蛯原
えびや,戌屋
えびら,箙
えふく,恵福
えふね,江舟
えぶおか,夷岡
えぶくろ,江袋
えぶち,江淵
えぶち,江渕
えべ,江部
えべ,江邉
えべしゅ,得可主
えぼし,永星
えぼした,烏帽子田
えぼしだ,烏帽子田
えま,依馬
えま,栄馬
えま,絵馬
えま,江間
えま,江馬
えまた,江俣
えまた,江又
えまる,江丸
えまる,得丸
えみ,衣斐
えみ,恵美
えみ,江見
えみ,江美
えむかい,江向
えむら,永村
えむら,榎村
えむら,江村
えむら,惠村
えもと,榎本
えもと,恵本
えもと,江元
えもと,江本
えもと,柄本
えもと,惠本
えもり,榎森
えもり,恵森
えもり,江守
えもり,江森
えもり,江盛
えもん,衛門
えや,恵谷
えや,江屋
えや,惠谷
えやなぎ,繪柳
えやま,江山
えら,永来
えら,恵良
えら,江良
えら,惠羅
えら,惠良
えらた,恵良田
えらび,撰
えらぶ,撰
えり,恵利
えり,江里
えりかわ,襟川
えりかわ,江利川
えりがわ,江利川
えりぐち,江理口
えりぐち,江里口
えりやま,江利山
えりゅう,江龍
えろくまえ,江六前
えん,圓
えんかく,圓角
えんかわ,援川
えんきょ,円居
えんげつ,圓月
えんこうじ,円光寺
えんさか,遠坂
えんざ,円座
えんざ,遠座
えんざき,円崎
えんざき,圓（崎の大が立）
えんざき,圓崎
えんざわ,遠沢
えんざん,円山
えんしゅ,円酒
えんしゅう,遠周
えんしゅう,遠州
えんしょうじ,燕昇司
えんじ,槐
えんじゅ,延寿
えんじゅじ,延壽寺
えんじょ,遠所
えんじょう,円乗
えんじょう,円城
えんじょう,円浄
えんじょう,園城
えんじょう,遠城
えんじょうじ,円城寺
えんじょうじ,遠城寺
えんじょうじ,圓城寺
えんせき,煙石
えんせき,圓石
えんそう,延増
えんぞう,圓増
えんた,遠田
えんた,圓田
えんたに,遠谷
えんたに,圓谷
えんだ,円田
えんだ,遠田
えんだ,圓田
えんだて,円舘
えんだて,犹舘
えんち,円地
えんち,圓地
えんつう,圓通
えんつば,圓鍔
えんど,猿渡
えんどう,円藤
えんどう,円堂
えんどう,円道
えんどう,延東
えんどう,延藤
えんどう,遠藤
えんどう,圓藤
えんどう,圓堂
えんどう,圓道
えんな,円奈
えんにゅう,円入
えんにゅう,遠入
えんのうじ,円能寺
えんぶつ,圓佛
えんぷく,円福
えんぷく,圓福
えんべ,遠部
えんま,円間
えんまんじ,円満字
えんみょう,延明
えんめい,延命
えんめいじ,延命寺
えんもと,縁本
えんや,円谷
えんや,塩谷
えんや,塩冶
えんよ,延興
えんよ,延與
えんりん,圓林
おあな,小穴
おあり,尾有
おい,小井
おい,小居
おい,尾井
おい,老
おいえ,尾家
おいか,小比賀
おいかぜ,追風
おいかど,負門
おいかわ,翁川
おいかわ,及川
おいかわ,笈川
おいかわ,小井川
おいかわ,生川
おいかわ,追川
おいかわ,老川
おいき,老木
おいきり,追切
おいくぼ,老久保
おいけ,御池
おいけ,尾池
おいご,老後
おいご,老子
おいし,尾石
おいしお,追塩
おいしげ,生繁
おいじ,生地
おいすぎ,生杉
おいずみ,追泉
おいた,種田
おいた,追田
おいた,老田
おいたか,生鷹
おいたち,追立
おいたて,追立
おいたに,追谷
おいだ,笈田
おいだ,種田
おいだ,追田
おいだ,老田
おいだいら,生平
おいち,尾市
おいぢ,生地
おいつき,老月
おいづき,老月
おいて,追手
おいで,生出
おいでまち,追出町
おいぬま,笈沼
おいぬま,生沼
おいぬま,追沼
おいぬま,老沼
おいの,追野
おいのしょう,老野生
おいはら,追原
おいはら,菴原
おいばた,尾伊端
おいばやし,老林
おいまつ,生松
おいまつ,老松
おいもと,老本
おいもみ,老籾
おいや,追矢
おいやま,生山
おいり,尾入
おいわけ,追分
おう,王
おう,翁
おういんどう,王隠堂
おうえ,尾上
おうえ,麻植
おうか,相可
おうが,相賀
おうき,黄木
おうぎ,黄木
おうぎ,仰木
おうぎ,扇
おうぎくぼ,扇久保
おうぎさわ,扇澤
おうぎし,往岸
おうぎぞの,扇薗
おうぎた,扇田
おうぎたに,扇谷
おうぎの,扇野
おうぎはた,扇畑
おうぎはら,扇原
おうぎや,扇谷
おうくら,往蔵
おうくら,往藏
おうくら,王藏
おうくら,黄倉
おうこ,往古
おうご,淡河
おうさか,逢坂
おうさか,櫻坂
おうしき,黄色
おうしでん,王子田
おうしゅう,奥州
おうしゅうや,奥州屋
おうしゅうや,奥州谷
おうしょう,鶯生
おうじ,蔭地
おうじ,応地
おうじ,王子
おうじ,王寺
おうじ,黄地
おうじ,應治
おうじ,應地
おうじたに,王子谷
おうじだ,王子田
おうせ,合瀬
おうた,應田
おうたき,王滝
おうたけ,應武
おうたに,王谷
おうたに,應谷
おうち,逢地
おうち,黄地
おうち,相知
おうち,尾内
おうち,鶯地
おうてき,青出木
おうてき,樗木
おうと,應戸
おうとい,押樋
おうとうない,王藤内
おうにし,徃西
おうの,負野
おうはら,王原
おうひら,応平
おうび,王尾
おうまる,王丸
おうみ,逢見
おうみ,黄海
おうみ,近江
おうみ,青海
おうみぎし,近江岸
おうみや,近江屋
おうみや,近江谷
おうもと,王本
おうもと,應本
おうや,雄谷
おうよう,欧陽
おうら,尾浦
おうら,邑楽
おうらい,生瀬
おうらい,生頼
おうりく,往陸
おうりょうじ,押領司
おうわ,應和
おうわし,王鷲
おえ,小江
おえ,尾江
おえ,麻植
おおあえ,大饗
おおあき,大明
おおあく,大阿久
おおあさ,大浅
おおあさ,大朝
おおあさ,大麻
おおあし,大芦
おおあし,大足
おおあし,大蘆
おおあたり,大当
おおあたり,大當
おおあと,大跡
おおあみ,大網
おおあらた,大荒田
おおあらだ,大荒田
おおい,越猪
おおい,太井
おおい,大井
おおい,大居
おおい,大炊
おおい,大鑄
おおいえ,大家
おおいがわ,大井川
おおいけ,大池
おおいし,大石
おおいしだ,大石田
おおいずみ,大泉
おおいそ,大磯
おおいだ,大井田
おおいち,大市
おおいで,大井手
おおいで,大出
おおいど,大井戸
おおいね,大稲
おおいのみかど,大炊御門
おおいり,大入
おおいわ,大岩
おおいわね,大岩根
おおいわもと,大岩本
おおうえ,大上
おおうえ,大植
おおうじ,大氏
おおうち,太内
おおうち,大内
おおうちだ,太内田
おおうちだ,大内田
おおうちやま,大内山
おおうなばら,大海原
おおうね,大宇根
おおうみ,大海
おおうら,大浦
おおえ,大栄
おおえ,大恵
おおえ,大江
おおえ,大榮
おおえき,大駅
おおえき,大驛
おおえだ,太枝
おおえだ,大恵田
おおえだ,大江田
おおえだ,大枝
おおえだ,大篠
おおえだ,大條
おおえのき,大榎
おおおか,大岡
おおおか,大丘
おおおと,大音
おおおもて,大表
おおか,大可
おおか,大家
おおかき,大柿
おおかげ,大景
おおかしわ,大柏
おおかじ,大鍛治
おおかじ,大鍛冶
おおかぜ,大風
おおかた,大形
おおかた,大方
おおかつ,大勝
おおかど,大加戸
おおかど,大角
おおかど,大門
おおかぬか,大鹿糠
おおかね,大金
おおかね,大兼
おおかね,大鐘
おおかねまさ,大兼政
おおかま,大釜
おおかま,大鎌
おおかみ,大上
おおかみ,狼
おおかみど,大上戸
おおかめ,大亀
おおかや,大萱
おおかわ,大河
おおかわ,大川
おおかわうち,大川内
おおかわち,大川内
おおかわど,大河戸
おおかわど,大川戸
おおかわら,大河原
おおかわら,大川原
おおかんだ,大（神のネが示）田
おおかんだ,大神田
おおが,相賀
おおが,大我
おおが,大賀
おおが,大鋸
おおが,大神
おおがい,大海
おおがい,大貝
おおがい,大谷
おおがいと,大垣内
おおがき,大垣
おおがき,大柿
おおがきうち,大垣内
おおがく,大角
おおがけ,大掛
おおがけ,大懸
おおがし,大賀志
おおがし,大柏
おおがしま,大ヶ島
おおがしら,大頭
おおがせ,大ヶ瀬
おおがた,大潟
おおがた,大形
おおがた,大方
おおがね,大金
おおがね,大兼
おおがね,大鐘
おおがねく,大兼久
おおがま,大釜
おおがみ,大上
おおがみ,大神
おおがめ,大亀
おおがや,大萱
おおがゆ,大萱生
おおがゆう,大萱生
おおがら,大柄
おおがらね,大柄根
おおがわら,大河原
おおがわら,大川原
おおがんまる,大雁丸
おおき,黄木
おおき,大喜
おおき,大岐
おおき,大気
おおき,大鬼
おおき,大亀
おおき,大樹
おおき,大城
おおき,大木
おおき,大氣
おおきし,大岸
おおきしま,大木島
おおきじま,大木島
おおきた,大喜多
おおきた,大北
おおきた,大来
おおきたに,大木谷
おおきど,大城戸
おおきど,大木戸
おおきもと,大木元
おおぎ,仰木
おおぎ,扇
おおぎ,扇喜
おおぎ,扇子
おおぎ,大儀
おおぎ,大城
おおぎ,大木
おおぎく,大菊
おおぎさわ,扇澤
おおぎし,大岸
おおぎた,大喜多
おおぎた,大喜田
おおぎたに,扇谷
おおぎだ,扇田
おおぎはら,扇原
おおぎまち,正親町
おおぎみ,大儀見
おおぎみ,大宜見
おおぎや,扇谷
おおぎやま,扇山
おおぎわり,扇割
おおく,大久
おおく,大工
おおくさ,大草
おおくさ,大日
おおくさ,大艸
おおくし,大串
おおくし,大櫛
おおくす,大楠
おおくち,大口
おおくつ,大久津
おおくに,大国
おおくに,大國
おおくにたに,大國谷
おおくぼ,大久保
おおくぼ,大窪
おおくま,大熊
おおくま,大隈
おおくも,大雲
おおくら,王鞍
おおくら,大庫
おおくら,大倉
おおくら,大蔵
おおくら,大藏
おおくらの,大倉野
おおくり,大栗
おおくれ,大暮
おおくろ,大黒
おおくわ,大桑
おおぐ,大工
おおぐえ,大崩
おおぐし,大串
おおぐし,大櫛
おおぐす,大楠
おおぐち,大口
おおぐに,大國
おおぐり,大栗
おおぐろ,大黒
おおけ,大桶
おおけ,大毛
おおけい,大慶
おおげ,大毛
おおこ,大古
おおこ,大庫
おおこ,大湖
おおこうち,大河内
おおこうち,大川内
おおこし,大越
おおこし,大腰
おおこそ,大社
おおこだ,大胡田
おおこだ,大小田
おおこば,大古場
おおこもり,大籠
おおご,大庫
おおご,大胡
おおご,大後
おおごう,大郷
おおごえ,大越
おおごし,大越
おおごせ,大古瀬
おおごた,大子田
おおごだ,大胡田
おおごめ,大込
おおごもり,大篭
おおごもり,大籠
おおさい,大財
おおさか,逢坂
おおさか,逢阪
おおさか,大幸
おおさか,大坂
おおさか,大阪
おおさかい,大堺
おおさかい,大酒井
おおさかま,大坂間
おおさかや,大坂家
おおさかや,大坂谷
おおさが,大佐賀
おおさき,太（崎の大が立）
おおさき,大（崎の大が立）
おおさき,大咲
おおさき,大崎
おおさき,大前
おおさき,大嵜
おおさく,大作
おおさく,大窄
おおさこ,大佐古
おおさこ,大迫
おおさこ,大硲
おおささ,大佐々
おおささ,大笹
おおさし,大指
おおさだ,大貞
おおさだ,大定
おおさと,大郷
おおさと,大里
おおさわ,大沢
おおさわ,大澤
おおざかい,大境
おおざかい,大堺
おおざくら,大桜
おおざくら,大櫻
おおざさ,大笹
おおざと,大舘
おおざわ,大沢
おおざわ,大澤
おおしお,大塩
おおしお,大汐
おおしお,大潮
おおしか,大鹿
おおしげ,大重
おおしげ,大茂
おおした,大下
おおした,大舌
おおしたない,大下内
おおしだ,大志田
おおしだ,大信田
おおしな,大科
おおしば,大柴
おおしば,大芝
おおしま,太島
おおしま,大志摩
おおしま,大志万
おおしま,大島
おおしま,大嶋
おおしま,大嶌
おおしみず,大清水
おおしも,大下
おおしも,大霜
おおしゅく,大宿
おおしょう,大正
おおしろ,大城
おおしろ,大代
おおしんでん,大新田
おおじ,陰地
おおじ,大司
おおじ,大字
おおじ,大治
おおじ,大地
おおじ,大路
おおじ,尾子
おおじみ,大慈弥
おおじみ,大慈彌
おおじや,王子谷
おおじり,大尻
おおす,大州
おおす,大須
おおすか,大須賀
おおすか,大数加
おおすが,大須賀
おおすが,大菅
おおすが,大壽賀
おおすき,大漉
おおすぎ,大杉
おおすぎ,大椙
おおすげ,大菅
おおすず,大鈴
おおすだ,大須田
おおすな,大砂
おおすみ,大角
おおすみ,大隅
おおすみ,大隈
おおすみ,大寿美
おおすみ,大住
おおすみ,大澄
おおすみ,大墨
おおすも,大住
おおず,大図
おおず,大圖
おおせ,合瀬
おおせ,生瀬
おおせ,大瀬
おおせき,大関
おおせぎ,大堰
おおせこ,大世古
おおせこ,大迫
おおせと,大瀬戸
おおせと,大背戸
おおせど,大後戸
おおせど,大世渡
おおせど,大瀬戸
おおせら,大瀬良
おおぜき,大堰
おおぜき,大関
おおぜき,大關
おおそこ,大底
おおそね,大曾根
おおそね,大曽根
おおその,大園
おおその,大薗
おおそら,大空
おおぞえ,大副
おおぞの,大園
おおぞの,大薗
おおぞの,大囿
おおぞら,大空
おおた,王田
おおた,多田
おおた,太田
おおた,大多
おおた,大田
おおたいし,大泰司
おおたいら,大平
おおたお,大多尾
おおたお,大田尾
おおたか,大（はしご高）
おおたか,大孝
おおたか,大高
おおたか,大鷹
おおたかさか,大高坂
おおたから,大宝
おおたから,大寶
おおたがき,太田垣
おおたがき,大田垣
おおたがわ,太田川
おおたがわ,大田川
おおたき,大多喜
おおたき,大滝
おおたき,大瀧
おおたぎり,太田桐
おおたく,大宅
おおたぐち,太田口
おおたぐち,大田口
おおたぐろ,太田黒
おおたぐろ,大田黒
おおたけ,大嵩
おおたけ,大竹
おおたけ,大武
おおたけ,大嶽
おおたけ,應武
おおたけぐち,大竹口
おおたけの,大竹野
おおたしろ,太田代
おおたち,大舘
おおたに,庵谷
おおたに,太谷
おおたに,大渓
おおたに,大谷
おおたに,大溪
おおたはら,太田原
おおたはら,大田原
おおたば,大束
おおたべ,大田部
おおたみ,太田見
おおたみ,大田見
おおたや,太田屋
おおたら,太田良
おおたる,大樽
おおたわ,太田和
おおたわ,大多和
おおたわ,大田和
おおたわら,太田原
おおたわら,大田原
おおだい,大平
おおだいら,大平
おおだか,太（はしご高）
おおだから,大寶
おおだけ,大嶽
おおだち,大舘
おおだち,大達
おおだち,大立
おおだつめ,大立目
おおだて,大館
おおだて,大舘
おおだて,大達
おおだま,大玉
おおだん,大段
おおち,鴬地
おおち,相知
おおち,大知
おおち,大地
おおち,大智
おおちょう,大長
おおちり,大塵
おおちり,大千里
おおちり,大知里
おおぢ,陰地
おおつ,大津
おおつえ,大杖
おおつか,大（土へんに冢）
おおつか,大束
おおつか,大津加
おおつか,大津賀
おおつか,大塚
おおつか,大務
おおつかさ,大司
おおつが,大津賀
おおつき,大月
おおつき,大嵩崎
おおつき,大即
おおつき,大築
おおつき,大槻
おおつき,大都城
おおつき,大附
おおつき,大朏
おおつぐ,大継
おおつじ,大辻
おおつた,大蔦
おおつたに,大津谷
おおつち,大土
おおつぶらい,大粒来
おおつぶらい,大粒來
おおつぼ,大坪
おおつま,大妻
おおつや,大津谷
おおつやま,大津山
おおつる,大津留
おおつる,大鶴
おおづく,小槻
おおづつ,大筒
おおづつみ,大堤
おおて,大手
おおてき,樗木
おおてやま,大手山
おおてら,大寺
おおてる,大輝
おおで,大出
おおでら,大寺
おおでらおとし,大平落
おおと,大音
おおと,大戸
おおと,大渡
おおとい,押樋
おおとい,大樋
おおとう,大塔
おおとう,大当
おおとう,大藤
おおとうげ,大峠
おおとうわ,大東和
おおとく,大徳
おおとこ,大床
おおとさこ,大戸迫
おおとし,大音師
おおとし,大歳
おおとし,大年
おおとし,大稔
おおとし,大利
おおとなり,大隣
おおとま,大苫
おおとま,笘
おおとみ,大富
おおとみ,大冨
おおとも,大智
おおとも,大伴
おおとも,大友
おおとり,鴻
おおとり,大取
おおとり,大鳥
おおとり,大捕
おおとり,鳳
おおとりい,大鳥居
おおど,大戸
おおど,大幢
おおどい,大土井
おおどい,大土居
おおどう,大堂
おおどう,大幢
おおどこ,大床
おおどなり,大隣
おおどまり,大泊
おおども,大塘
おおどんち,大鈍内
おおな,大那
おおな,大名
おおなえ,大苗
おおなか,太中
おおなか,大中
おおなか,大仲
おおなかどう,大中道
おおなが,大永
おおなが,大長
おおながみつ,大長光
おおなすかわ,大茄子川
おおなだ,大灘
おおなべ,大鍋
おおなみ,大南
おおなみ,大波
おおなみ,大浪
おおなみ,濤
おおなり,大成
おおなる,大成
おおなわ,大縄
おおに,大荷
おおに,大仁
おおにし,大西
おおにた,大仁田
おおにわ,大庭
おおぬき,大貫
おおぬき,大抜
おおぬま,大沼
おおね,大根
おおね,大祢
おおねがわ,大根川
おおねた,大根田
おおねだ,大根田
おおの,横野
おおの,多
おおの,大堅
おおの,大埜
おおの,大能
おおの,大野
おおのう,大能
おおのうち,大野内
おおのき,大軒
おおのき,大野木
おおのぎ,大野木
おおのこ,大鋸
おおのし,大熨
おおのた,大野田
おおのだ,大野田
おおのぼり,大登
おおのま,大埜間
おおのみ,大呑
おおのり,大法
おおはが,大羽賀
おおはぎ,大萩
おおはざま,大峡
おおはし,大橋
おおはし,大箸
おおはた,王畑
おおはた,大旗
おおはた,大機
おおはた,大秦
おおはた,大端
おおはた,大幡
おおはた,大畑
おおはた,大畠
おおはち,大鉢
おおはな,大花
おおはね,大羽
おおはば,大幅
おおはま,大（濱の宀の下が眉に八）
おおはま,大浜
おおはま,大濱
おおはやだ,大早田
おおはら,大原
おおはる,大治
おおはる,大春
おおば,大羽
おおば,大峡
おおば,大歯
おおば,大場
おおば,大庭
おおば,大硲
おおば,大葉
おおば,大塲
おおば,大峽
おおばい,大梅
おおばさま,大峽
おおばた,大幡
おおばたけ,大畠
おおばやし,大林
おおばん,大幡
おおばん,大判
おおひがし,大東
おおひげ,大髭
おおひさ,大久
おおひた,大比田
おおひとがた,大人形
おおひなた,大日向
おおひなた,大日方
おおひゅうが,大日向
おおひら,大平
おおひらき,大開
おおひらの,大平野
おおひろ,大広
おおひろ,大廣
おおび,大備
おおびき,大引
おおびつ,大櫃
おおびなた,大日方
おおふ,大府
おおふか,大深
おおふく,大福
おおふくじ,大福地
おおふさ,大総
おおふさ,大房
おおふし,大伏
おおふじ,大藤
おおふち,大淵
おおふち,大渕
おおふつ,大佛
おおふで,大筆
おおふね,大船
おおふる,大古
おおふるた,大古田
おおふるとん,大古殿
おおぶ,大生
おおぶ,大武
おおぶ,大部
おおぶき,大吹
おおぶし,大伏
おおぶち,大淵
おおぶち,大渕
おおべ,大部
おおべ,大辺
おおべ,大邉
おおほ,大穂
おおほし,大星
おおほら,大洞
おおほり,大堀
おおぼ,大保
おおぼう,大坊
おおぼぎ,大保木
おおぼし,大星
おおぼら,大洞
おおま,大澗
おおま,大間
おおまえ,黄前
おおまえ,太前
おおまえ,大前
おおまがり,大曲
おおまき,大巻
おおまき,大蒔
おおまき,大牧
おおまき,大槇
おおまさ,大政
おおます,大益
おおます,大桝
おおまた,大亦
おおまた,大又
おおまち,大間知
おおまち,大町
おおまつ,大松
おおまつざわ,大松沢
おおまつざわ,大松澤
おおまとい,大纏
おおまみうだ,大豆生田
おおまみゅうだ,大豆生田
おおまめうだ,大豆生田
おおまめせいた,大豆生田
おおまや,大厩
おおまゆ,大眉
おおまる,王丸
おおまる,大丸
おおみ,逢見
おおみ,巨海
おおみ,近江
おおみ,青海
おおみ,大海
おおみ,大観
おおみ,大見
おおみ,大参
おおみ,大美
おおみ,大味
おおみか,大美賀
おおみか,大甕
おおみかわ,大見川
おおみかわ,大三川
おおみが,大美賀
おおみさき,大岬
おおみしゃ,大見謝
おおみじゃ,大見謝
おおみず,大水
おおみぞ,大溝
おおみち,大道
おおみなと,大港
おおみなと,大湊
おおみなみ,大南
おおみなみ,大美浪
おおみね,大峰
おおみね,大峯
おおみね,大嶺
おおみや,近江屋
おおみや,近江谷
おおみや,大宮
おおみやま,大宮山
おおみやま,大見山
おおみわ,大三輪
おおむかい,大迎
おおむかい,大向
おおむた,大牟田
おおむら,大村
おおむれ,大牟礼
おおむろ,大室
おおめ,大目
おおも,大面
おおもと,応本
おおもと,大元
おおもと,大本
おおもも,大桃
おおもり,大守
おおもり,大森
おおもり,大盛
おおもり,大毛利
おおや,君家
おおや,太宅
おおや,大屋
おおや,大家
おおや,大舘
おおや,大箭
おおや,大宅
おおや,大谷
おおや,大弥
おおや,大矢
おおや,大彌
おおや,雄谷
おおやうち,大谷内
おおやぎ,大谷木
おおやぎ,大八木
おおやぎ,大柳
おおやけ,公受
おおやしき,大屋敷
おおやしき,大屋鋪
おおやしき,大屋舖
おおやす,太安
おおやす,大保
おおやち,大谷地
おおやち,大谷内
おおやち,大矢知
おおやつ,大谷津
おおやど,大屋戸
おおやない,大矢内
おおやなぎ,大柳
おおやね,大谷根
おおやね,大矢根
おおやの,大矢野
おおやぶ,大薮
おおやぶ,大藪
おおやべ,大矢部
おおやま,黄山
おおやま,大山
おおやまぐち,大山口
おおやまだ,大山田
おおゆ,大湯
おおゆみ,大弓
おおよう,大用
おおよこた,大横田
おおよし,大吉
おおよし,大好
おおよし,大善
おおよど,大淀
おおより,大寄
おおら,大羅
おおら,大良
おおらい,生頼
おおらぎ,大来帰
おおり,大利
おおるい,大類
おおろ,大呂
おおろく,大録
おおわ,大輪
おおわ,大和
おおわい,大饗
おおわき,大和貴
おおわき,大脇
おおわく,大和久
おおわし,王鷲
おおわし,大鷲
おおわたり,大渡
おおわだ,大和田
おおわだの,大和田野
おおわに,大鰐
おおわやま,大和山
おおわり,大割
おおわん,大湾
おか,岡
おか,岳
おか,丘
おかあみ,岡阿弥
おかい,岡井
おかいし,岡石
おかいずみ,岡泉
おかいち,岡市
おかうえ,岡上
おかうち,岡内
おかうら,岡浦
おかえ,岡江
おかえだ,岡枝
おかお,岡尾
おかがき,岡垣
おかがみ,岡上
おかがわ,岡河
おかがわ,岡川
おかき,岡城
おかき,岡木
おかぎ,岡城
おかくら,岡倉
おかぐち,岡口
おかこ,岡固
おかこい,御囲
おかさか,岡坂
おかさか,岡阪
おかさこ,岡迫
おかざ,岡座
おかざき,岡（崎の大が立）
おかざき,岡崎
おかざと,岡里
おかざわ,岡沢
おかざわ,岡澤
おかしげ,岡重
おかした,岡下
おかじ,岡持
おかじ,岡地
おかじ,岡路
おかじま,岡島
おかじま,岡嶋
おかじま,丘島
おかずみ,岡住
おかせ,岡瀬
おかぜり,岡芹
おかぞえ,岡添
おかぞえ,岡副
おかぞの,岡園
おかた,小方
おかた,大形
おかたお,岡垰
おかたけ,岡竹
おかたけ,岡武
おかたに,岡谷
おかだ,岡多
おかだ,岡田
おかち,岡地
おかぢ,岡地
おかづみ,岡積
おかで,岡出
おかでら,岡寺
おかと,岡登
おかとう,岡東
おかとみ,岡冨
おかど,岡戸
おかど,大角
おかど,尾角
おかど,雄門
おかどめ,岡留
おかな,岡名
おかなか,岡中
おかなが,岡永
おかなみ,岡南
おかなん,岡南
おかにし,岡西
おかにわ,岡庭
おかぬま,岡沼
おかね,岡根
おかの,岡埜
おかの,岡野
おかの,小神野
おかのうえ,岡上
おかのうち,岡野内
おかのはら,岡野原
おかのぼり,岡登
おかのや,岡ノ谷
おかのや,岡谷
おかのや,岡野谷
おかはし,岡橋
おかはた,岡端
おかはた,岡畑
おかはた,岡畠
おかはな,岡端
おかはな,岡鼻
おかはら,岡原
おかはる,岡治
おかば,岡馬
おかばた,岡端
おかばやし,岡林
おかひさ,岡久
おかひら,岡平
おかひろ,岡廣
おかふじ,岡藤
おかべ,岡部
おかべ,岡辺
おかべ,小加部
おかべっぷ,岡別府
おかまえ,岡前
おかまさ,岡政
おかます,岡増
おかまち,岡町
おかまつ,岡松
おかまつ,泰松
おかみ,岡見
おかみつ,岡光
おかみね,岡峰
おかみね,岡峯
おかみや,岡宮
おかみょう,岡明
おかむかい,岡向
おかむね,岡宗
おかむら,岡村
おかむら,丘村
おかむろ,岡室
おかも,岡茂
おかもと,岡基
おかもと,岡元
おかもと,岡本
おかもと,丘本
おかもと,崗本
おかもり,岡森
おかや,岡屋
おかや,岡谷
おかやす,岡安
おかやま,岡山
おかやま,丘山
おかわだ,岡和田
おが,小賀
おが,男鹿
おが,尾賀
おが,雄鹿
おがい,小貝
おがい,小粥
おがい,尾ヶ井
おがえり,魚返
おがき,緒垣
おがき,小垣
おがぐち,大我口
おがぐち,尾ケ口
おがさ,小笠
おがさはら,小笠原
おがさわら,小笠原
おがしわ,小柏
おがせ,尾ケ瀬
おがた,緒形
おがた,緒方
おがた,小潟
おがた,小形
おがた,小県
おがた,小片
おがた,小方
おがた,小縣
おがた,尾形
おがた,尾県
おがた,尾刀
おがた,尾方
おがた,尾縣
おがた,雄賀多
おがな,尾加名
おがの,小賀野
おがの,小鹿野
おがの,小彼
おがはら,小河原
おがはら,小鹿原
おがはら,小川原
おがみ,小上
おがみ,小神
おがみ,尾守
おがみ,尾上
おがみ,雄上
おがみの,小神野
おがも,小鴨
おがもと,鋸本
おがや,小ヶ谷
おがや,大鋸谷
おがやま,小鹿山
おがわ,小河
おがわ,小川
おがわ,小側
おがわ,尾河
おがわ,尾川
おがわ,雄川
おがわうち,小川内
おがわな,小川名
おがわはら,小川原
おがわら,小河原
おがわら,小川原
おき,隠岐
おき,隠樹
おき,沖
おき,起
おき,興
おき,澳
おきあい,置鮎
おきあゆ,置鮎
おきい,沖井
おきうら,沖浦
おきえ,沖江
おきかわ,沖川
おきがき,沖垣
おきくら,沖倉
おきぐち,沖口
おきさこ,沖迫
おきささき,沖佐々木
おきざき,沖崎
おきざわ,沖沢
おきざわ,沖澤
おきしお,起汐
おきしお,置塩
おきしま,沖島
おきしま,沖嶋
おきしま,沖嶌
おきじ,興地
おきす,置栖
おきすえ,沖末
おきずみ,沖墨
おきぞの,沖園
おきた,隠岐田
おきた,沖田
おきた,起田
おきた,小北
おきた,置田
おきた,尾北
おきたに,沖谷
おきだ,沖田
おきだい,沖台
おきだて,沖館
おきぢ,興地
おきつ,沖津
おきつ,興津
おきづか,起塚
おきとう,沖藤
おきどい,沖土居
おきどの,沖殿
おきな,翁
おきな,置名
おきなか,沖中
おきなか,冲中
おきなが,沖永
おきなが,冲永
おきなみ,沖波
おきに,沖二
おきにし,沖西
おきの,沖野
おきの,興野
おきのしま,沖之島
おきのぶ,沖信
おきはし,起橋
おきはな,沖花
おきはま,沖浜
おきはら,沖原
おきはる,興治
おきばやし,沖林
おきひろ,沖廣
おきます,沖増
おきまつ,沖松
おきまつ,興松
おきみ,沖見
おきむね,沖宗
おきむら,沖村
おきむら,沖邑
おきむら,興村
おきもと,沖元
おきもと,沖本
おきもり,沖守
おきもり,沖森
おきやま,沖山
おきやま,起山
おきゅうど,屋久土
おぎ,荻
おぎ,小城
おぎ,小木
おぎ,尾木
おぎいち,扇一
おぎう,荻生
おぎうえ,荻上
おぎうち,荻内
おぎうち,扇内
おぎうら,荻浦
おぎうら,扇浦
おぎえだ,荻枝
おぎくぼ,荻久保
おぎくぼ,荻窪
おぎさか,荻坂
おぎさこ,荻迫
おぎさわ,荻澤
おぎし,小岸
おぎし,尾岸
おぎしま,荻島
おぎしま,荻嶋
おぎす,荻須
おぎす,荻巣
おぎそ,小木曾
おぎそ,小木曽
おぎた,荻田
おぎたに,荻谷
おぎつ,荻津
おぎつ,小木津
おぎどう,荻堂
おぎぬの,荻布
おぎぬま,荻沼
おぎの,荻布
おぎの,荻野
おぎの,小木野
おぎの,扇能
おぎのさわ,荻ノ沢
おぎのめ,荻野目
おぎのや,萩野谷
おぎはら,荻原
おぎはら,小城原
おぎはら,扇原
おぎま,荻間
おぎむら,荻村
おぎむら,萩村
おぎもと,荻本
おぎや,荻谷
おぎや,荻矢
おぎやま,荻山
おぎゅう,荻生
おぎゅう,尾久
おぎり,小桐
おぎろ,荻路
おぎわら,荻原
おく,越久
おく,於久
おく,奥
おく,億
おくあき,奥秋
おくい,奥井
おくい,奥居
おくいえ,奥家
おくいけ,奥池
おくいずみ,奥泉
おくうえ,奥植
おくうち,奥内
おくうら,奥浦
おくえ,奥江
おくお,奥尾
おくおか,奥岡
おくおか,王来王家
おくかわ,奥河
おくがいと,奥垣内
おくがき,奥垣
おくがき,奥柿
おくがみ,奥上
おくがわ,奥川
おくがわら,奥河原
おくぎ,奥木
おくぎし,奥岸
おくくぼ,奥窪
おくさこ,奥廻
おくさこ,奥迫
おくさだ,奥定
おくさと,奥里
おくさわ,奥沢
おくさわ,奥澤
おくざき,奥崎
おくざと,奥里
おくざわ,奥沢
おくざわ,奥澤
おくしげ,奥重
おくしげ,奥茂
おくした,奥下
おくしば,奥芝
おくしま,奥島
おくしま,奥嶋
おくじま,奥島
おくじま,奥嶋
おくじょう,奥條
おくずみ,奥隅
おくずみ,奥住
おくずみ,奥墨
おくせ,奥瀬
おくそら,奥空
おくぞえ,奥添
おくぞの,奥園
おくぞの,奥苑
おくぞの,奥薗
おくた,奥田
おくたに,奥谷
おくたま,奥玉
おくだ,越久田
おくだ,於久田
おくだ,奥多
おくだ,奥田
おくだ,億田
おくだ,奧田
おくだい,奥代
おくだいら,奥平
おくだら,奥田良
おくち,奥地
おくつ,奥作
おくつ,奥津
おくづみ,奥積
おくてん,奥天
おくで,奥出
おくでら,奥寺
おくと,奥戸
おくとう,奥東
おくとう,奥藤
おくとみ,奥富
おくとみ,奥冨
おくど,奥戸
おくど,奥土
おくどう,奥堂
おくな,奥名
おくなか,奥中
おくなか,奥仲
おくなが,奥永
おくなが,奥長
おくなみ,奥波
おくなり,奥成
おくにし,奥西
おくぬき,奥貫
おくぬぎ,小椚
おくぬし,奥主
おくね,奥根
おくの,奥乃
おくの,奥埜
おくの,奥野
おくの,奧野
おくのき,奥ノ木
おくのその,奥之園
おくのみや,奥宮
おくのや,奥ノ矢
おくはし,奥橋
おくはた,奥畑
おくはま,奥浜
おくはま,奥濱
おくはら,奥原
おくばやし,奥林
おくばら,奥原
おくひら,奥平
おくひろ,奥広
おくぴ,尾首
おくふじ,奥藤
おくべ,奥部
おくぼ,奥保
おくぼ,奥坊
おくぼ,小窪
おくぼう,奥坊
おくぼら,奥洞
おくま,奥間
おくま,小熊
おくまち,奥町
おくまつ,奥松
おくみ,奥見
おくみず,奥水
おくみや,奥宮
おくみや,屋宮
おくむら,越久村
おくむら,奥村
おくもと,奥本
おくもと,屋本
おくもと,澳本
おくもり,奥森
おくや,奥屋
おくや,奥谷
おくや,奥矢
おくやしき,奥屋敷
おくやすば,奥休場
おくやち,奥谷内
おくやま,奥山
おくよし,奥吉
おくら,大庫
おくり,奥利
おくわき,奥脇
おくわだ,奥和田
おぐ,於久
おぐさ,小草
おぐし,小串
おぐし,小櫛
おぐす,小楠
おぐすり,小薬
おぐち,小口
おぐち,尾口
おぐに,小国
おぐに,小邦
おぐに,小國
おぐま,小熊
おぐま,小隈
おぐみ,小久見
おぐみ,小汲
おぐも,小雲
おぐら,巨椋
おぐら,小倉
おぐら,小蔵
おぐら,小椋
おぐら,小掠
おぐら,尾倉
おぐら,椋倉
おぐら,雄倉
おぐり,小栗
おぐりす,小栗栖
おぐりやま,小栗山
おぐる,小畔
おぐるす,小栗栖
おぐるま,小車
おぐれ,尾暮
おぐろ,小黒
おけ,桶
おけいえ,桶家
おけかわ,桶川
おけがわ,桶川
おけぐち,桶口
おけさく,桶作
おけしゃ,桶舎
おけたに,桶谷
おけだ,桶田
おけどい,桶土井
おけなか,桶中
おけの,桶野
おけもと,桶元
おけもと,桶本
おけや,桶屋
おけや,桶谷
おけや,桶矢
おこ,御子
おこ,尾古
おこ,尾子
おこう,小神
おこし,御輿
おこじま,小故島
おこじま,尾故島
おこない,小子内
おこのぎ,小此鬼
おこのぎ,小此木
おこびら,大河平
おこやま,小古山
おこやま,尾小山
おこん,尾近
おご,於子
おごう,小河
おごう,小郷
おごう,小江
おごう,小合
おごう,淡河
おごうち,小河内
おごし,御輿
おごし,小越
おごし,生越
おごし,尾越
おごせ,生越
おごた,小吾田
おごた,大胡田
おごぬき,尾後貫
おごま,小駒
おごみ,尾込
おごもり,尾篭
おごもり,尾籠
おごろ,小古呂
おごろち,大心池
おさ,長
おさい,押井
おさえ,押
おさか,小坂
おさか,苧坂
おさか,苧阪
おさか,尾坂
おさかだ,小坂田
おさかべ,越坂部
おさかべ,越阪部
おさかべ,刑部
おさかべ,小坂部
おさかべ,小酒部
おさかべ,長ヶ部
おさかべ,長下部
おさかべ,長賀部
おさかべ,長壁
おさかみ,長上
おさがわ,長川
おさき,尾（崎の大が立）
おさき,尾崎
おさき,尾前
おさく,小作
おさこ,尾嶝
おささ,小笹
おさじ,小佐治
おさじま,筬島
おさじま,筬嶋
おさたけ,尾佐竹
おさだ,長田
おさとみ,長富
おさな,長名
おさない,小山内
おさない,長内
おさなみ,長南
おさの,小佐野
おさはら,長原
おさふね,長船
おさふね,長舩
おさべ,刑部
おさべ,長部
おさみ,長見
おさむ,納
おさむら,長村
おさめ,納
おさらぎ,大仏
おさらぎ,大佛
おさり,長利
おざい,小材
おざお,小棹
おざか,尾坂
おざか,尾阪
おざか,纓坂
おざき,小崎
おざき,小嵜
おざき,尾（崎の大が立）
おざき,尾崎
おざく,小作
おざく,尾作
おざこ,尾迫
おざさ,古笹
おざさ,小笹
おざさ,小篠
おざさ,尾笹
おざと,小里
おざと,尾里
おざね,尾実
おざの,小座野
おざま,小座間
おざもと,小座元
おざもと,小座本
おざもと,尾座本
おざわ,小沢
おざわ,小澤
おざわ,男澤
おざわ,尾沢
おざわ,尾澤
おざわら,尾坐原
おし,押
おし,忍
おしあげ,押上
おしい,押井
おしうみ,鴛海
おしえ,押江
おしお,鴛尾
おしお,押尾
おしお,小塩
おしお,生塩
おしお,置塩
おしお,尾塩
おしかた,押方
おしかね,押金
おしかね,押兼
おしかね,押鐘
おしかみ,押上
おしかわ,押川
おしが,忍賀
おしがみ,押上
おしき,押木
おしき,折敷
おしきり,押切
おしぎり,押切
おしくぼ,押久保
おしぐち,印口
おしこうじ,押小路
おしこし,押越
おしさか,押坂
おしざか,押阪
おしざわ,押沢
おしざわ,忍澤
おした,尾下
おしたて,押立
おしたに,押谷
おしたり,忍足
おしだ,鴛田
おしだ,押田
おしだ,忍田
おしだり,忍足
おしづか,押塚
おして,押手
おしとみ,押富
おしなり,忍成
おしの,押野
おしのみ,鴛海
おしのや,押野谷
おしのや,押野野
おしはら,鴛原
おしはら,押原
おしば,押場
おしぶち,鴛淵
おしぶち,鴛渕
おしぶち,押渕
おしべ,押部
おしま,於島
おしま,尾嶋
おしみ,押見
おしみ,押味
おしみ,忍見
おしむら,押村
おしめ,押目
おしもと,押元
おしもと,押本
おしもり,押森
おしやま,押山
おしらべ,御調
おしろ,尾城
おしろ,尾白
おじお,小塩
おじか,小鹿
おじま,小島
おじま,小嶋
おじま,生島
おじま,尾島
おじま,尾嶋
おじま,尾嶌
おじり,尾尻
おじろ,小代
おじろ,尾城
おすが,小数賀
おすき,小薄
おすき,小簿
おすぎ,尾杉
おすじょう,押条
おずみ,小住
おせ,於（勢の左上が生）
おせ,於勢
おせ,小瀬
おせ,尾勢
おせき,小瀬木
おぜ,小瀬
おぜ,尾瀬
おぜき,小関
おぜき,小瀬木
おぜき,大関
おぜき,尾関
おぜき,尾關
おそ,尾曽
おそえがわ,小副川
おそがみ,恐神
おそがわ,小曽川
おそぐち,獺口
おそごえ,尾曽越
おそざわ,遅沢
おそざわ,遅澤
おそだ,襲田
おそづか,遅塚
おそど,小曽戸
おそにわ,獺庭
おその,小薗
おそのい,小園井
おそのい,小薗井
おそのい,遅野井
おそのい,遲野井
おそのえ,小薗江
おぞう,尾蔵
おぞう,尾造
おぞえ,尾添
おぞえかわ,小副川
おぞえがわ,小副川
おぞね,小曽根
おぞの,小園
おぞの,尾園
おぞのい,小薗井
おたか,尾高
おたか,尾鷹
おたき,小滝
おたき,小瀧
おたき,尾瀧
おたぎ,愛宕
おたぎり,小田切
おたけ,尾竹
おたざわ,織田沢
おたざわ,織田澤
おただ,小只
おただ,小田々
おただ,小田田
おたに,小谷
おたに,苧谷
おたに,尾谷
おたに,雄谷
おたべ,小田部
おたべ,小田邉
おたや,御旅屋
おだ,小多
おだ,小田
おだ,織田
おだ,尾田
おだ,纓田
おだい,小田井
おだい,尾台
おだい,尾臺
おだいら,小平
おだか,小（はしご高）
おだか,小高
おだか,小鷹
おだか,尾（はしご高）
おだか,尾高
おだか,尾鷹
おだかね,小田金
おだかわ,尾田川
おだが,小田賀
おだがき,小田垣
おだがね,小田金
おだがわ,小田川
おだき,小滝
おだき,小瀧
おだき,小田喜
おだき,尾滝
おだぎ,小田木
おだぎり,小田桐
おだぎり,小田切
おだくら,小田倉
おだぐち,小田口
おだけ,小竹
おだざわ,織田沢
おだしま,小田島
おだしま,小田嶋
おだしろ,小田代
おだじま,小田島
おだじま,小田嶋
おだじま,織田島
おだた,小田々
おだち,小立
おだち,尾立
おだて,小達
おだなか,小田中
おだなぎ,小棚木
おだに,小谷
おだに,尾谷
おだね,小田根
おだの,小田野
おだはし,小田橋
おだはら,小田原
おだま,苧玉
おだまき,小田巻
おだみや,小田宮
おだむら,小田村
おだむら,織田村
おだもと,小田元
おだわら,小田原
おだわら,織田原
おち,越知
おち,越智
おち,生地
おち,尾知
おち,尾地
おち,落
おちあい,御地合
おちあい,落合
おちあいどう,落合堂
おちい,落井
おちいし,落石
おちいわ,落岩
おちうみ,落海
おちくぼ,落久保
おちたに,落谷
おちはら,落原
おちば,落葉
おちふじ,落藤
おちみず,落水
おちゃの,小茶野
おちや,落谷
おちやす,落安
おっこそ,乙社
おっこつ,乙骨
おっぱた,乙幡
おつ,乙津
おつ,小津
おつかわ,乙川
おつぎ,小継
おつぐろ,乙黒
おつこつ,乙骨
おつじ,尾辻
おつづき,尾続
おつづみ,小堤
おつと,乙戸
おつはた,乙幡
おつぱた,乙幡
おつみ,乙見
おづ,小津
おづ,小都
おづつみ,小堤
おづの,尾都野
おづみなもと,小津源
おてき,樗木
おで,尾出
おでいし,小出石
おと,音
おと,尾登
おとい,乙井
おとい,音井
おとい,音居
おといずみ,音泉
おとう,尾藤
おとうま,音馬
おとお,音尾
おとかわ,乙川
おとかわ,音川
おとがお,乙顔
おとがわ,乙川
おとがわ,音川
おとき,乙木
おときた,音喜多
おとくに,乙訓
おとくら,乙倉
おとぐろ,乙黒
おとこざわ,男沢
おとこざわ,男澤
おとこだに,男谷
おとごと,音琴
おとさか,乙坂
おとざい,音在
おとざわ,音澤
おとし,落司
おとじま,音島
おとす,乙須
おとせ,音瀬
おとたけ,乙竹
おとたけ,乙武
おとたけ,音竹
おとだ,音田
おとつじ,音辻
おとづ,乙津
おとづら,乙貫
おとな,乙名
おとなし,音無
おとなり,音成
おとの,音野
おとは,乙葉
おとはた,乙幡
おとふじ,乙藤
おとぶち,音渕
おとべ,乙部
おとべ,音部
おとま,乙間
おとまさ,乙政
おとまる,乙丸
おとまる,音丸
おとみ,音海
おとみち,音道
おとむね,乙宗
おとむら,乙村
おとめ,乙（口へんに羊）
おとめ,乙女
おとも,小友
おともり,乙守
おとやま,乙山
おとやま,音山
おとよし,乙吉
おとり,尾鳥
おとわ,音羽
おとわ,廣滝
おど,小渡
おど,小土
おどう,尾堂
おどり,小鳥
おどり,踊
おどりば,踊場
おな,小奈
おな,小名
おない,小内
おない,尾内
おなか,小中
おなか,尾中
おなか,尾仲
おなが,翁長
おなが,小永
おなが,尾長
おながわ,女川
おなぎ,小名木
おなぎ,小梛
おなし,尾無
おなだか,尾名高
おなは,小那覇
おなぶた,女部田
おなべ,尾鍋
おなや,女屋
おなり,男成
おなり,尾成
おなわ,小縄
おに,鬼
おにがた,鬼形
おにがはら,鬼ケ原
おにき,鬼木
おにくぼ,鬼久保
おにくぼ,鬼窪
おにくら,鬼鞍
おにくら,鬼倉
おにさこ,鬼追
おにさわ,鬼沢
おにさわ,鬼澤
おにざき,鬼崎
おにざわ,鬼沢
おにざわ,鬼澤
おにし,尾西
おにし,雄西
おにずか,鬼塚
おにたけ,鬼武
おにだに,鬼谷
おにつか,鬼束
おにつか,鬼塚
おにつかわき,鬼塚脇
おにづか,鬼（土へんに冢）
おにづか,鬼塚
おにはし,鬼橋
おにまる,鬼丸
おにむら,鬼村
おにもと,鬼本
おにやなぎ,鬼柳
おにやま,鬼山
おにわ,御庭
おにわ,尾庭
おぬか,小糠
おぬか,尾糠
おぬき,小貫
おぬき,小抜
おぬき,尾抜
おぬま,小沼
おぬま,尾沼
おねざわ,小根沢
おねざわ,小根澤
おねざわ,尾根沢
おねだ,小根田
おねやま,小根山
おの,小埜
おの,小野
おの,尾埜
おの,尾野
おの,斧
おのい,尾ノ井
おのい,尾井
おのう,小濃
おのう,小納
おのう,尾納
おのうえ,小野上
おのうえ,尾上
おのうち,小野内
おのうち,尾之内
おのえ,小野江
おのえ,尾上
おのえ,斧江
おのお,小野尾
おのおち,小野落
おのかわ,小野川
おのがき,小野垣
おのがみ,尾野上
おのがわ,各川
おのき,小野木
おのぎ,小野木
おのぐち,小野口
おのぐち,相口
おのさか,小野坂
おのさと,小野里
おのさわ,小野澤
おのざか,小野坂
おのざき,小野（崎の大が立）
おのざき,小野崎
おのざき,小野嵜
おのざと,小野里
おのざわ,小ノ沢
おのざわ,小ノ澤
おのざわ,小野沢
おのざわ,小野澤
おのざわ,斧沢
おのしろ,斧城
おのじま,小野島
おのずか,小野（土へんに冢）
おのずか,小野塚
おのせ,小野（瀬の頁が刀の下に貝）
おのせ,小野瀬
おのぜき,小野関
おのそ,小野曽
おのだ,小野田
おのだ,尾野田
おのだ,斧田
おのづ,小野津
おのづか,小野（土へんに冢）
おのづか,小野塚
おので,斧出
おのでら,小埜寺
おのでら,小野寺
おのでら,尾野寺
おのとぎ,斧研
おのはら,小野原
おのぼり,尾登
おのま,小野間
おのまえ,尾前
おのまつ,小野松
おのみち,尾道
おのみち,尾路
おのみつ,小野満
おのむら,小野村
おのむら,尾野村
おのもと,尾本
おのや,斧屋
おのやま,小野山
おのやま,尾山
おのやま,斧山
おはか,大波加
おはく,尾白
おはま,小浜
おはら,小原
おはら,苧原
おはら,尾原
おはらざわ,小原澤
おはらだ,小原田
おば,大場
おば,尾羽
おばいし,尾葉石
おばざわ,尾羽沢
おばざわ,尾羽澤
おばせ,小場瀬
おばせ,小長谷
おばた,御幡
おばた,小端
おばた,小幡
おばた,小畑
おばた,小畠
おばた,織畠
おばた,尾端
おばた,尾幡
おばた,尾畑
おばた,尾畠
おばたけ,小葉竹
おばたや,小幡谷
おばな,小花
おばな,尾花
おばな,尾華
おばな,尾鼻
おばなわ,小花和
おばね,尾羽根
おばま,小汀
おばま,小浜
おばま,小濱
おばやし,緒林
おばやし,小林
おばやし,尾林
おばら,小原
おばら,織原
おばら,尾原
おばり,小張
おひら,尾平
おび,小尾
おびか,小比加
おびか,小比賀
おびか,小尾賀
おびか,帯賀
おびかね,帯金
おびかね,帯包
おびかわ,帯川
おびかわ,帶川
おびが,帯賀
おびき,尾引
おびたに,帯谷
おびつ,小櫃
おびつ,帯津
おびつ,尾櫃
おびな,帯名
おびなた,小日向
おびなた,帯刀
おびなた,大日方
おびなた,尾日向
おびの,帯野
おびはら,帯原
おびや,帯屋
おびや,帯谷
おびら,尾平
おふじ,尾藤
おぶ,小夫
おぶ,飯冨
おぶ,飫冨
おぶき,小浮気
おぶくろ,小袋
おぶせ,小布施
おぶた,生多
おぶち,小淵
おぶち,小渕
おぶち,尾淵
おぶち,尾渕
おぶない,小船井
おほ,於保
おぼ,於保
おぼかた,小保方
おぼそ,小細
おぼない,小保内
おぼり,尾堀
おぼろや,朧谷
おま,尾間
おまえ,尾前
おまがり,尾曲
おまた,小股
おまた,小俣
おまた,小又
おまた,男全
おまた,尾股
おまた,尾亦
おまた,尾又
おまち,小町
おまつ,尾松
おまみゅうだ,小豆生田
おみ,小見
おみ,尾見
おみ,尾身
おみ,尾美
おみ,麻見
おみか,五十殿
おみがわ,小見川
おみず,生水
おみち,尾道
おみど,黄道土
おみど,大御堂
おみね,小峰
おみの,小見野
おみの,小美濃
おみの,小美野
おむか,五十殿
おむた,小無田
おむら,小村
おむら,尾村
おも,尾茂
おもうえ,表上
おもえ,重茂
おもかわ,思川
おもかわ,重川
おもかわ,尾毛川
おもかわ,面川
おもがた,澤瀉
おもき,面木
おもす,重栖
おもそ,重親
おもたか,面（はしご高）
おもたか,面高
おもたに,重谷
おもたに,表谷
おもだ,於茂田
おもだ,重田
おもだ,尾茂田
おもだ,表田
おもだ,面田
おもだか,沢潟
おもだか,面（はしご高）
おもだか,面高
おもだか,澤瀉
おもだに,面谷
おもて,表
おもて,面
おもて,面手
おもてさこ,表迫
おもてざこ,表迫
おもてだ,表田
おもての,表野
おもてはら,表原
おもでら,表寺
おもと,於本
おもと,小元
おもと,小本
おもと,尾本
おもにし,重西
おもにし,表西
おもの,面野
おもや,重谷
おもや,重矢
おもや,面矢
おもらい,面来
おもり,尾森
おや,尾家
おや,尾矢
おや,雄谷
おやいず,小柳津
おやいづ,小柳津
おやかわ,親川
おやけ,小宅
おやざき,親崎
おやどまり,親泊
おやなぎ,小柳
おやなぎ,大柳
おやなぎ,尾柳
おやの,親野
おやふそ,親富祖
おやべ,小谷部
おやま,小山
おやま,尾山
おやま,雄山
おやまだ,小山田
おやまつ,小谷松
おやまつ,親松
およべ,及部
おらなか,緒良中
おり,小里
おり,織
おり,折
おりい,織井
おりい,折井
おりい,折居
おりいし,居石
おりうち,織内
おりうち,折内
おりお,折尾
おりおか,織岡
おりかさ,織笠
おりかさ,折笠
おりかない,居ヶ内
おりかね,織金
おりかわ,織川
おりかわ,折川
おりがない,居ケ内
おりがね,織金
おりがみ,折上
おりき,折木
おりくき,折久木
おりぐち,折口
おりさか,折坂
おりさく,織作
おりしき,折敷
おりしきだ,折式田
おりした,折下
おりしま,折島
おりしも,折下
おりそ,祈祖
おりそ,折祖
おりた,織田
おりた,折田
おりた,苙田
おりたけ,折竹
おりたて,織立
おりたて,折立
おりたに,織谷
おりたに,折谷
おりだて,折舘
おりつ,折津
おりで,折出
おりと,下戸
おりと,居戸
おりと,織戸
おりと,折戸
おりと,折登
おりど,織戸
おりな,織名
おりの,織野
おりの,折野
おりはし,折橋
おりはし,渡橋
おりはた,織畑
おりはら,織原
おりはら,折原
おりはら,折腹
おりば,折葉
おりひら,折平
おりべ,織部
おりべ,織辺
おりべ,折部
おりま,織間
おりみ,折美
おりみなみ,折南
おりむら,折村
おりめ,折目
おりめん,折免
おりも,織裳
おりも,織茂
おりも,折茂
おりもと,織本
おりもと,折本
おりや,織屋
おりや,織家
おりやま,織山
おりやま,折山
おりゅう,尾立
おろ,尾呂
おろ,尾路
おろく,小禄
おわ,大和
おわ,尾和
おわか,尾若
おわき,尾脇
おわく,大和久
おわし,尾鷲
おわたに,大和谷
おわだ,小和田
おわだの,大和田野
おわり,尾割
おわり,尾張
おんかわ,恩川
おんが,遠賀
おんぐうじ,御宮司
おんぐうち,御宮知
おんぐうち,御宮地
おんこし,御輿
おんざ,遠座
おんざわ,恩沢
おんし,恩氏
おんしょう,恩庄
おんじ,陰地
おんじ,遠地
おんじ,恩慈
おんじ,恩地
おんじょう,園城
おんじょう,遠城
おんじょう,圓城
おんじょうじ,園城寺
おんせん,温泉
おんそ,恩曽
おんぞろ,音揃
おんた,恩田
おんだ,隠田
おんだ,恩田
おんだ,音田
おんち,恩知
おんち,恩地
おんち,恩智
おんぢ,隠地
おんぢ,恩地
おんぢ,音地
おんづか,隠（土へんに冢）
おんど,隠土
おんど,音頭
おんどう,恩藤
おんどう,恩道
おんどう,音頭
おんながわ,女川
おんの,御野
おんまえ,御前
おんまやしき,御厩屋敷
おんまやしき,御厩敷
おんみょうじ,陰陽寺
おんむら,恩村
おんもり,御守