はいおか,灰岡
はいかた,拝形
はいかわ,配川
はいかわ,佩川
はいがき,灰垣
はいき,拝生
はいごう,拝郷
はいごう,拜郷
はいごし,林越
はいさ,羽井佐
はいさき,灰崎
はいし,羽石
はいし,拝司
はいし,拝師
はいし,葉石
はいしま,（くさかんむりに配）島
はいしま,島
はいしま,配島
はいじま,島
はいじま,配島
はいせん,拝仙
はいそと,灰外
はいたに,灰谷
はいだ,灰田
はいだ,拝田
はいだまたいら,灰玉平
はいづか,灰塚
はいでん,拝殿
はいと,灰戸
はいとう,灰藤
はいとう,拝藤
はいにわ,灰庭
はいの,灰野
はいの,拝野
はいはら,拜原
はいば,灰庭
はいばら,埴原
はいばら,生原
はいばら,拜原
はいぶち,灰渕
はいもと,灰本
はいや,灰谷
はいやま,灰山
はえいわ,榮岩
はえうち,生内
はえぬき,萌抜
はえぬき,萠抜
はえの,波江野
はえばら,南風原
はえばる,南風原
はお,羽尾
はおか,羽岡
はおり,羽織
はかく,羽角
はかごし,墓越
はかた,（翅の支のないもの）片
はかた,羽片
はかた,羽方
はかた,波方
はかた,博多
はかた,博田
はかた,墓田
はかたや,博多屋
はかま,袴
はかま,袴間
はかまた,袴田
はかまたに,袴谷
はかまだ,袴田
はかまつか,袴塚
はかまづか,袴塚
はかり,計
はかりの,計野
はかりや,計屋
はが,（土へんに並）
はが,羽下
はが,羽賀
はが,祝賀
はが,波賀
はが,塀和
はが,芳我
はが,芳賀
はが,葉賀
はが,垪和
はがい,羽貝
はがさき,羽ヶ崎
はがぬま,芳賀沼
はがね,羽金
はがね,鋼鉄
はがね,刄金
はがの,波賀野
はがみ,羽上
はがみ,葉上
はがり,葉狩
はがわ,羽川
はき,波木
はきあい,吐合
はきい,波木井
はきた,吐田
はきもり,掃守
はきら,羽明
はぎ,（萩の秋が穐）
はぎ,羽儀
はぎ,羽木
はぎ,萩
はぎい,波木居
はぎいけ,萩池
はぎいわ,萩岩
はぎう,萩生
はぎうだ,萩生田
はぎうち,萩内
はぎお,萩尾
はぎおか,萩岡
はぎくら,萩倉
はぎぐち,萩口
はぎさか,萩坂
はぎさき,萩崎
はぎさこ,萩迫
はぎさわ,萩沢
はぎさわ,萩澤
はぎざわ,萩澤
はぎした,萩下
はぎした,兀下
はぎしま,萩島
はぎた,萩田
はぎたに,萩谷
はぎなか,萩中
はぎにわ,萩庭
はぎの,萩野
はぎのした,萩野下
はぎのもり,萩森
はぎのや,萩野谷
はぎはら,萩原
はぎひら,萩平
はぎま,萩間
はぎまえ,萩前
はぎみね,萩嶺
はぎもと,萩元
はぎもと,萩本
はぎもり,萩森
はぎや,萩屋
はぎや,萩谷
はぎやま,萩山
はぎゅうだ,萩生田
はぎり,羽切
はぎわき,萩脇
はぎわら,（萩の秋が穐）
はぎわら,（萩の秋が穐）原
はぎわら,萩原
はく,白
はく,葉久
はくい,羽喰
はくい,伯井
はくいし,白石
はくがわ,柏川
はくし,白子
はくすい,伯水
はくすい,白水
はくせい,白清
はくた,伯田
はくた,白田
はくた,迫田
はくと,白戸
はくとう,白藤
はくの,伯野
はくの,白野
はくば,白馬
はくま,白間
はくや,泊谷
はくや,白谷
はくら,羽倉
はくら,土倉
はくらく,白樂
はぐい,羽喰
はぐら,羽倉
はぐろ,羽黒
はぐろ,歯黒
はけた,羽毛田
はけた,八桁
はけだ,羽毛田
はげ,羽下
はげやま,（山へんに玄）山
はこい,箱井
はこいし,箱石
はこいわ,箱岩
はこう,波光
はこえ,箱江
はこおか,箱岡
はこがわ,箱川
はこぎ,箱木
はこざき,箱（崎の大が立）
はこざき,箱崎
はこざき,筥崎
はこしま,箱島
はこしま,箱嶋
はこじま,箱島
はこた,箱田
はこたに,箱谷
はこだ,箱田
はこだて,函館
はこもり,箱守
はこやま,箱山
はさ,葉佐
はさい,葉佐井
はさか,羽坂
はさか,葉坂
はさき,波崎
はさこ,羽迫
はさこ,端迫
はさたに,架谷
はさたに,波佐谷
はさだ,羽佐田
はさだ,狭田
はさだ,波早田
はさだ,挾田
はさば,枷場
はさば,狹場
はさま,挟間
はさま,狭間
はさま,波佐間
はさま,挾間
はさもと,挾本
はざ,羽座
はざおか,羽座岡
はざか,羽坂
はざき,羽（崎の大が立）
はざき,羽崎
はざと,羽里
はざの,硲野
はざま,羽間
はざま,羽佐間
はざま,羽様
はざま,間
はざま,狭間
はざま,波佐間
はざま,迫
はざま,迫間
はざま,硲
はざま,挾間
はざま,狹間
はざま,玻座真
はざま,陌間
はざわ,羽沢
はざわ,羽澤
はし,橋
はし,端
はし,吐師
はし,土師
はし,波紫
はし,稗
はし,枦
はしい,橋井
はしうち,橋内
はしうど,間人
はしうら,橋浦
はしお,橋尾
はしお,走尾
はしお,箸尾
はしおか,橋岡
はしかた,箸方
はしかべ,橋壁
はしかみ,橋上
はしかわ,橋川
はしがいと,橋垣戸
はしがき,橋垣
はしがた,橋形
はしがみ,橋上
はしがや,橋ケ谷
はしがや,橋ヶ谷
はしきた,橋北
はしくら,橋倉
はしぐち,橋口
はしさこ,橋迫
はしざか,橋坂
はしざき,橋崎
はしざき,端崎
はしざわ,橋澤
はしした,橋下
はししん,橋新
はしじり,橋尻
はしすぎ,橋杉
はしずか,橋塚
はしずめ,橋詰
はしずめ,橋爪
はしずめ,橋都
はしずめ,端詰
はしぞえ,橋添
はしたに,橋谷
はしたに,端谷
はしだ,橋田
はしだ,端田
はしだ,櫨田
はしだて,外立
はしだて,橋立
はしづ,橋都
はしづか,橋（土へんに冢）
はしづか,橋塚
はしづみ,橋積
はしづめ,橋詰
はしづめ,橋爪
はしづめ,橋都
はしてら,橋寺
はしで,走出
はしと,橋戸
はしとみ,橋冨
はしど,橋戸
はしど,橋渡
はしどこ,橋床
はしなか,橋中
はしなが,橋永
はしなが,橋長
はしに,橋新
はしの,橋野
はしの,端野
はしのくち,橋ノ口
はしのくち,橋之口
はしはら,橋原
はしば,羽柴
はしば,羽芝
はしば,橋場
はしば,橋端
はしば,橋塲
はしば,榛葉
はしば,波柴
はしばた,橋端
はしま,羽島
はしま,橋間
はしみ,橋見
はしみつ,橋満
はしむかい,橋向
はしむら,橋村
はしめ,橋目
はしもと,橋元
はしもと,橋本
はしもと,端本
はしもと,箸本
はしもと,櫨本
はしもと,觜本
はしもり,橋森
はしや,橋谷
はしや,橋弥
はしや,橋彌
はしや,端谷
はしやだ,橋谷田
はしやま,橋山
はしやま,端山
はしやま,枦山
はしら,柱
はしらたに,柱谷
はしらもと,柱本
はしり,走り
はしりで,走出
はしろ,羽白
はしわき,橋脇
はしをか,橋岡
はじ,羽地
はじ,土師
はじ,櫨
はじ,輿
はじ,輿沁
はじか,羽鹿
はじかの,初鹿野
はじの,土師野
はじはた,櫨畑
はじま,羽島
はじま,羽嶋
はじめ,一
はじめ,元
はじめ,朔
はじめ,長
はじょう,羽城
はじり,羽尻
はじろ,羽白
はす,蓮
はすい,蓮井
はすいけ,蓮池
はすえ,蓮江
はすお,蓮生
はすお,蓮尾
はすおか,蓮岡
はすか,蓮香
はすかわ,蓮川
はすし,蓮子
はすした,蓮下
はすだ,蓮田
はすぬま,蓮沼
はすの,蓮野
はすま,蓮間
はすみ,羽角
はすみ,羽住
はすみ,荷見
はすみ,蓮見
はすみ,蓮実
はすみ,蓮實
はすむら,蓮村
はすもと,蓮元
はすもと,蓮本
はすやま,蓮山
はすわ,蓮輪
はず,羽豆
はずい,筈井
はずく,波津久
はずたに,筈谷
はずま,弭間
はずみ,羽住
はずみ,羽澄
はせ,羽瀬
はせ,馳
はせ,長谷
はせ,土師
はせ,波瀬
はせい,長谷井
はせお,長谷尾
はせがわ,沙魚川
はせがわ,長谷河
はせがわ,長谷川
はせがわ,波瀬川
はせくら,支倉
はせざわ,馳澤
はせだ,長谷田
はせち,長谷地
はせなか,長谷中
はせの,長谷野
はせば,長谷場
はせひら,馳平
はせべ,初瀬部
はせべ,長谷部
はせみ,長谷見
はせむら,長谷村
はせめ,長谷目
はせもり,葉勢森
はせや,長谷屋
はせやま,長谷山
はぜ,土師
はぜ,櫨
はぜかわ,沙魚川
はぜかわ,櫨川
はぜき,櫨木
はぜした,櫨下
はぜのき,穗木
はぜばやし,櫨林
はぜもと,櫨元
はぜもと,櫨本
はぜもと,枦本
はぜやま,櫨山
はぜやま,枦山
はそべ,羽曾部
はそべ,羽曽部
はそめ,羽染
はぞめ,羽染
はた,羽多
はた,羽田
はた,機
はた,秦
はた,泰
はた,端
はた,波多
はた,幡
はた,幡多
はた,畑
はた,畠
はた,葉田
はた,籏
はたい,畑井
はたうえ,畑上
はたうち,畑内
はたうら,畑浦
はたえ,波多江
はたえ,波田江
はたえ,畑江
はたえだ,畠枝
はたお,畑尾
はたお,畠生
はたおか,畑岡
はたおか,畠岡
はたかけ,幡掛
はたかま,幡鎌
はたかわ,幡川
はたが,畑賀
はたがき,幡垣
はたがき,籏垣
はたがみ,畑上
はたがわ,畑川
はたぐち,畑口
はたけ,羽竹
はたけ,畑毛
はたけ,畠
はたけざわ,畑沢
はたけだ,畑田
はたけだ,畠田
はたけだ,圃田
はたけなか,畠中
はたけはら,畑原
はたけやま,畑山
はたけやま,畠山
はたけやま,圃山
はたこし,波多腰
はたごうち,畑河内
はたごし,波多腰
はたさ,畑佐
はたさき,端崎
はたさき,畑崎
はたさこ,畑迫
はたさわ,畠澤
はたざき,畑崎
はたざわ,畑沢
はたざわ,畑澤
はたざわ,畠沢
はたざわ,畠澤
はたした,畑下
はたしま,畑島
はたしま,畑嶋
はたじ,幡地
はたじ,畑地
はたじま,畑島
はたじま,畑嶋
はたじり,畑尻
はたせ,畑（瀬の頁が刀の下に貝）
はたせ,畑瀬
はたせ,畠瀬
はたぞえ,畑添
はたたに,機谷
はたたに,畑谷
はただ,幡田
はただ,畑田
はただ,畠田
はたち,旗智
はたち,畑地
はたち,籏智
はたて,旗手
はたて,幡手
はたと,畑戸
はたな,泰名
はたなか,羽田中
はたなか,幡中
はたなか,畑中
はたなか,畑仲
はたなか,畠中
はたなか,圃中
はたに,羽谷
はたに,羽溪
はたの,羽多野
はたの,羽田野
はたの,秦野
はたの,波多野
はたの,波田埜
はたの,波田野
はたの,波夛野
はたの,幡野
はたの,畑埜
はたの,畑農
はたの,畑野
はたの,畠野
はたの,葉田野
はたの,籏埜
はたの,籏野
はたはら,畑原
はたば,幡場
はたばた,畑端
はたばやし,畑林
はたひら,畠平
はたふく,籏福
はたふじ,畠藤
はたぶ,幡生
はたべ,幡部
はたべ,畑辺
はたほこ,籏鉾
はたま,畑間
はたま,畠間
はたまる,幡丸
はたみや,幡宮
はたむら,畑村
はたもち,旗持
はたもち,籏持
はたもと,旗本
はたもと,端本
はたもと,畑本
はたもと,畠本
はたもと,籏本
はたや,旗谷
はたや,幡谷
はたや,畑谷
はたやす,畠安
はたやま,幡山
はたやま,畑山
はたやま,畠山
はだ,羽田
はだ,秦
はだ,波多
はだ,波田
はだ,葉田
はだき,葉抱
はだせ,肌勢
はだち,羽立
はだつき,肌附
はだな,葉棚
はだに,羽谷
はだの,羽田野
はだの,秦野
はだの,波多野
はだの,裸野
はだま,羽玉
はだま,葉玉
はだめ,甚目
はちうま,八馬
はちおし,八尾師
はちかわ,八川
はちが,八賀
はちがた,鉢形
はちき,鉢木
はちき,蜂木
はちくぼ,八久保
はちけん,八軒
はちごう,八郷
はちさこ,鉢迫
はちじょう,八條
はちじん,八陳
はちす,八洲
はちす,八須
はちす,鉢須
はちす,蜂須
はちす,蜂巣
はちす,蓮
はちすか,蜂須賀
はちすが,鉢須賀
はちたに,蜂谷
はちだ,八田
はちとり,八鳥
はちの,八野
はちの,鉢野
はちのえ,八戸
はちのき,鉢木
はちのた,八野田
はちのだ,八野田
はちのへ,八戸
はちほんぎ,八本木
はちぼし,八星
はちま,八馬
はちまん,八幡
はちみね,鉢峰
はちみね,鉢嶺
はちむら,八村
はちむら,鉢村
はちむれ,八牟禮
はちもり,八森
はちもんじ,八文字
はちや,八屋
はちや,八谷
はちや,八矢
はちや,蜂屋
はちや,蜂谷
はちや,蜂矢
はちやく,八役
はちやなぎ,八柳
はちゅうだ,羽中田
はちょう,長鳥
はちろ,鉢呂
はちろう,鉢
はちろう,鉢蝋
はちわか,八若
はっか,八家
はっか,八箇
はっか,八荷
はっかく,八角
はっこう,八講
はっし,蓮子
はっしゅう,八周
はった,八田
はった,服田
はったは,八田羽
はったん,八反
はったんじ,八反地
はったんだ,八反田
はっちょう,八丁
はっちょう,八町
はっちょうじ,八丁地
はっとう,八藤
はっとり,初取
はっとり,神服
はっとり,八鳥
はっとり,服鳥
はっとり,服部
はっぽう,八方
はつい,初井
はつおか,初岡
はつか,八家
はつかいわ,廿日岩
はつかで,廿日出
はつかの,初鹿野
はつかり,初雁
はつかわ,初川
はつがい,初貝
はつがい,初谷
はつき,羽月
はつさわ,初澤
はつざわ,初沢
はつざわ,初澤
はつし,蓮子
はつしか,初鹿
はつしば,初芝
はつしま,初島
はつせ,初瀬
はつせお,初瀬尾
はつた,初田
はつた,発田
はつたに,初谷
はつたに,八谷
はつだ,初田
はつづか,初塚
はつで,発出
はつとり,初鳥
はつとり,八鳥
はつの,初野
はつまた,初又
はつみ,初見
はつむら,初村
はつもと,初元
はつや,初谷
はつやま,初山
はづか,羽塚
はづき,羽月
はづく,波津久
はづみ,羽住
はづみ,波積
はづもと,羽津本
はてるま,波照間
はでいし,波出石
はでしげ,羽出重
はと,波戸
はと,鳩
はとう,羽藤
はとう,波涛
はとう,波藤
はとう,波頭
はとう,波濤
はとうち,波戸内
はとおか,波戸岡
はとがい,鳩貝
はとこ,波床
はとざき,波戸崎
はとね,波当根
はとの,鳩野
はとば,波戸場
はとば,鳩場
はとま,鳩間
はとみ,羽富
はともと,波戸元
はともと,波戸本
はともと,波止元
はとや,鳩宿
はとや,鳩谷
はとやま,鳩山
はとり,羽取
はとり,羽鳥
はど,羽土
はどり,羽取
はどり,羽鳥
はな,花
はな,端
はない,花井
はない,華緯
はない,華井
はないえ,花家
はないし,花石
はないずみ,花泉
はなうえ,花上
はなうち,花内
はなえき,花浴
はなえだ,花枝
はなお,花尾
はなおい,花生
はなおか,花岡
はなおか,華岡
はなおか,鼻岡
はなおり,花折
はなか,花香
はなかご,花篭
はなかた,羽中田
はなかど,花角
はなかめ,花亀
はなかわ,花川
はながさき,花ヶ前
はながた,花形
はながた,花方
はながま,花釜
はなき,花喜
はなき,花木
はなきた,花北
はなぎり,花桐
はなくさ,花草
はなくま,花熊
はなぐり,花栗
はなぐるま,花車
はなけ,花家
はなげ,鼻毛
はなさか,花坂
はなさか,花阪
はなさき,花（崎の大が立）
はなさき,花咲
はなさき,花崎
はなさと,花里
はなざき,花（崎の大が立）
はなざき,花崎
はなざと,花里
はなざわ,花沢
はなざわ,花澤
はなし,端無
はなし,葉梨
はなした,花下
はなしま,花島
はなしま,花嶋
はなしろ,花城
はなじま,花島
はなじま,花嶋
はなじり,花尻
はなじり,葉名尻
はなずみ,花角
はなぞの,花園
はなぞの,花薗
はなぞの,華園
はなぞめ,花染
はなた,花田
はなたて,花立
はなたに,花谷
はなだ,花田
はなつ,波奈津
はなつか,花（土へんに冢）
はなつか,花塚
はなつみ,花摘
はなと,花登
はなと,花當
はなど,花戸
はなど,花土
はなどう,花堂
はなの,花野
はなのい,花野井
はなのうち,花之内
はなのき,花ノ木
はなのき,花野木
はなはた,花畑
はなはら,花原
はなばた,花畑
はなばら,花原
はなふさ,英
はなふさ,花房
はなぶさ,英
はなぶさ,花房
はなぶち,花渕
はなべ,花部
はなべ,花辺
はなまえ,花前
はなまき,花巻
はなます,花増
はなまた,花又
はなまつ,花松
はなまる,花圓
はなみ,花見
はなみ,波並
はなみず,花水
はなみつ,花光
はなみつ,花満
はなみや,花宮
はなむら,花村
はなむれ,花牟礼
はなむれ,花牟禮
はなむろ,花室
はなもと,花元
はなもと,花本
はなもり,花守
はなもり,花森
はなや,花屋
はなや,花谷
はなや,花弥
はなや,端谷
はなやす,花安
はなやま,花山
はなやま,華山
はなり,羽成
はなれざき,放崎
はなわ,花輪
はなわ,塙
はなわ,墫
はに,羽仁
はに,波尓
はにう,羽生
はにう,羽二生
はにうだ,羽生田
はにおか,埴岡
はにた,埴田
はにだ,埴田
はにづか,羽二塚
はにはら,埴原
はにぶち,埴淵
はにぶち,埴渕
はにぶち,植淵
はにや,埴谷
はにやま,埴山
はにゅう,羽生
はにゅう,羽二生
はにゅう,羽入
はにゅうだ,羽生田
はにゅうだ,羽入田
はにわら,埴原
はね,羽根
はね,塙
はねい,羽井
はねい,羽根井
はねいし,羽根石
はねいし,羽石
はねいり,羽入
はねえ,羽江
はねかね,羽金
はねかわ,羽根川
はねかわ,羽川
はねがわ,羽根川
はねさか,塙坂
はねしま,羽島
はねじ,羽地
はねじ,羽路
はねた,羽子田
はねた,羽田
はねた,填田
はねだ,羽根田
はねだ,羽子田
はねだ,羽田
はねだ,埴田
はねとり,羽鳥
はねひら,塙平
はねもと,塙本
はねよし,羽根吉
はの,羽野
はのう,波能
ははかべ,波々壁
ははくら,母倉
はば,羽場
はば,羽馬
はば,巾
はば,波場
はば,幅
はばうえ,幅上
はばがみ,幅上
はばぐち,幅口
はばさき,巾崎
はばさき,幅崎
はばざき,羽場崎
はばざき,幅崎
はばした,巾下
はばした,幅下
はばた,羽端
はばた,羽畑
はばた,幅田
はばの,幅野
はばら,羽原
はばら,葉原
はびろ,羽広
はびろ,羽廣
はびろ,葉廣
はふか,羽深
はふり,祝
はぶ,羽生
はぶ,羽部
はぶ,垣生
はぶ,埴生
はぶ,土生
はぶか,羽深
はぶき,羽吹
はぶた,羽重田
はぶた,土生田
はぶたに,土生谷
はぶち,羽淵
はぶち,羽渕
はぶつ,羽物
はぶつ,土生都
はぶと,羽太
はぶと,羽武戸
はべ,羽部
はべ,波部
はま,（濱の宀の下が眉に八）
はま,羽間
はま,羽馬
はま,波間
はま,波磨
はま,破魔
はま,浜
はま,濱
はまい,浜井
はまい,濱井
はまい,濵井
はまいい,浜飯
はまいえ,浜家
はまいえ,濱家
はまいけ,濱池
はまいし,浜石
はまいし,濱石
はまいそ,濱磯
はまいち,浜市
はまいち,濱市
はまうえ,浜上
はまうず,浜渦
はまうず,濱渦
はまうち,浜内
はまうづ,濱宇津
はまうら,浜浦
はまうら,濱浦
はまお,浜尾
はまお,濱生
はまお,濱尾
はまおか,浜岡
はまおか,濱岡
はまおき,浜沖
はまおぎ,濱荻
はまおく,浜奥
はまかけ,浜欠
はまかけ,濱欠
はまかぜ,浜風
はまかど,（濱の宀の下が眉に八）門
はまかど,浜門
はまかど,濵門
はまかわ,浜川
はまかわ,濱川
はまが,濱賀
はまがき,浜垣
はまがき,濱垣
はまがしら,浜頭
はまがしら,濱頭
はまがた,浜潟
はまがた,浜形
はまがみ,浜上
はまがみ,濱上
はまがわ,浜川
はまき,浜木
はまぎし,浜岸
はまぎし,濱岸
はまぎわ,浜涯
はまぎわ,濱涯
はまくぼ,浜久保
はまくぼ,浜窪
はまくぼ,濱窪
はまぐち,（濱の宀の下が眉に八）口
はまぐち,浜口
はまぐち,濱口
はまぐり,濱繰
はまぐり,濱操
はまこ,浜子
はまこうじ,濱小路
はまさか,浜坂
はまさか,濱坂
はまさき,（濱の宀の下が眉に八）（崎の大が立）
はまさき,（濱の宀の下が眉に八）嵜
はまさき,浜崎
はまさき,浜先
はまさき,濱（崎の大が立）
はまさき,濱咲
はまさき,濱崎
はまさき,濱嵜
はまさと,濱里
はまさわ,濱澤
はまざき,（濱の宀の下が眉に八）（崎の大が立）
はまざき,浜崎
はまざき,濱崎
はまざと,浜里
はまざと,濱里
はました,（濱の宀の下が眉に八）下
はました,浜下
はました,濱下
はましま,浜島
はましま,濱島
はましま,濱嶋
はましま,濱嶌
はましょうじ,濱小路
はまじ,（濱の宀の下が眉に八）路
はまじ,浜地
はまじ,浜路
はまじ,濱治
はまじ,濱地
はまじ,濱路
はまじま,飯万島
はまじま,浜島
はまじま,濱島
はまじょう,浜條
はます,浜洲
はます,濱州
はます,濱洲
はます,濱須
はますな,浜砂
はますな,濱砂
はまずみ,浜住
はまずみ,濱住
はませ,（濱の宀の下が眉に八）瀬
はませ,浜瀬
はませ,濱瀬
はまそと,浜外
はまそと,濱外
はまぞの,浜園
はまぞの,濱園
はまたか,（濱の宀の下が眉に八）高
はまたか,浜高
はまたけ,浜武
はまたけ,濱竹
はまたけ,濱武
はまたに,浜谷
はまたに,濱谷
はまたに,濵谷
はまだ,浜多
はまだ,浜田
はまだ,葉満田
はまだ,濱多
はまだ,濱田
はまだて,浜舘
はまだて,濱舘
はまち,浜地
はまち,濱地
はまちょう,濱長
はまちよ,濱千代
はまぢ,浜地
はまぢ,濱地
はまつ,浜津
はまつ,濱津
はまつき,浜月
はまづめ,浜詰
はまづめ,濱詰
はまて,浜手
はまで,浜出
はまで,濱出
はまと,濱戸
はまと,濱登
はまな,浜名
はまな,濱名
はまなか,浜中
はまなか,濱中
はまなか,濱仲
はまなが,浜永
はまなみ,濱波
はまなり,濱也
はまにし,浜西
はまにし,濱西
はまね,浜根
はまね,濱根
はまの,浜野
はまの,濱埜
はまの,濱野
はまのうえ,浜ノ上
はまのうえ,浜之上
はまのうえ,濱ノ上
はまのうえ,濱之上
はまのその,浜ノ園
はまのや,浜野谷
はまのや,濱野谷
はまのわ,浜野和
はまはた,浜端
はまはた,浜畑
はまはた,濱畑
はまはら,濱原
はまば,濱場
はまばた,浜端
はまばた,浜畑
はまばた,濱端
はまばた,濱畑
はまひら,浜平
はまひら,濱平
はまふく,濱福
はまふじ,浜藤
はまぶち,浜渕
はまぶち,濱淵
はまべ,浜部
はまべ,浜辺
はまべ,濱部
はまべ,濱辺
はまべ,濱邊
はまべ,濱邉
はままち,浜町
はままち,濱町
はままつ,浜松
はままつ,濱松
はまみち,浜道
はまみち,濱道
はまむき,浜向
はまむら,浜村
はまむら,濱村
はまもと,（濱の宀の下が眉に八）元
はまもと,浜元
はまもと,浜本
はまもと,濱元
はまもと,濱本
はまもり,浜守
はまもり,浜森
はまや,（濱の宀の下が眉に八）屋
はまや,（濱の宀の下が眉に八）矢
はまや,浜屋
はまや,浜家
はまや,浜谷
はまや,濱屋
はまや,濱家
はまや,濱谷
はまやしき,浜屋敷
はまやす,浜安
はまやす,濱安
はまやす,濱保
はまやま,浜山
はまよせ,浜寄
はまよつ,浜四津
はまわき,浜脇
はまわたり,浜渡
はみ,波見
はみや,頓宮
はむ,羽牟
はむら,羽村
はむら,波村
はむろ,羽室
はむろ,葉室
はもたに,鱧谷
はもち,羽持
はもと,葉本
はもり,羽森
はや,羽矢
はや,早
はやい,早井
はやいし,早石
はやうま,早馬
はやお,早尾
はやおか,早岡
はやかし,早貸
はやかぜ,早風
はやかた,速形
はやかね,早兼
はやかみ,早上
はやかり,早狩
はやかわ,早河
はやかわ,早川
はやかわ,速川
はやき,早木
はやくさ,早草
はやくも,早雲
はやさか,早坂
はやさか,早阪
はやさき,早（崎の大が立）
はやさき,早咲
はやさき,早崎
はやさこ,早佐古
はやざき,早崎
はやし,早志
はやし,早矢仕
はやし,林
はやしい,林井
はやしうち,林内
はやしかわ,林川
はやしがき,林垣
はやしぎ,林木
はやしくら,林倉
はやしぐち,林口
はやしざき,林（崎の大が立）
はやしざき,林崎
はやしざき,林嵜
はやしした,林下
はやしじり,林尻
はやした,早下
はやしたに,林谷
はやしだ,林田
はやしだに,林谷
はやしでら,林寺
はやしど,林戸
はやしどう,林堂
はやしぬま,林沼
はやしのした,林之下
はやしはら,林原
はやしばら,林原
はやしべ,林部
はやしべ,林辺
はやしま,早島
はやしま,早嶋
はやしもと,林元
はやしもと,林本
はやしや,林屋
はやしやま,林山
はやすけ,早助
はやせ,早（瀬の頁が刀の下に貝）
はやせ,早瀬
はやせ,早勢
はやせ,隼瀬
はやた,早田
はやた,隼田
はやだ,早田
はやつ,早津
はやつき,早月
はやと,早戸
はやと,速渡
はやと,隼人
はやと,勇都
はやなぎ,葉柳
はやなり,早生
はやの,早野
はやのせ,早ノ瀬
はやはら,早原
はやばら,早原
はやふじ,早藤
はやふね,早船
はやぶち,早渕
はやぶね,早船
はやま,羽山
はやま,早間
はやま,早山
はやま,早馬
はやま,早麻
はやま,端山
はやま,吐山
はやま,葉山
はやみ,早弓
はやみ,早見
はやみ,早水
はやみ,早速
はやみ,早味
はやみ,速見
はやみ,速水
はやみ,頓宮
はやみず,早水
はやみず,速水
はやみち,早道
はやゆみ,早弓
はゆか,羽床
はよう,葉養
はら,原
はら,波良
はらい,原井
はらいかわ,原井川
はらいかわ,祓川
はらいかわ,秡川
はらいち,原市
はらうち,原内
はらお,原尾
はらおか,原岡
はらかみ,原神
はらかわ,原川
はらが,原賀
はらがうち,原垣内
はらき,原城
はらき,原木
はらくに,原國
はらぐち,原口
はらぐに,原国
はらぐに,原國
はらこ,原子
はらこ,腹子
はらさき,原崎
はらさき,原先
はらささ,原笹
はらさわ,原沢
はらさわ,原澤
はらざき,原崎
はらざわ,原澤
はらしげ,原重
はらしだ,原信田
はらしな,原科
はらしな,原品
はらしない,原子内
はらしま,原島
はらしま,原嶋
はらしま,原嶌
はらじま,原島
はらじま,原嶋
はらじり,原尻
はらせ,原瀬
はらせ,原勢
はらぞえ,原添
はらぞの,原園
はらぞの,原薗
はらぞの,原囿
はらた,原田
はらたけ,原竹
はらたけ,原武
はらたに,原谷
はらだ,原田
はらだひら,原田平
はらと,原戸
はらとう,原藤
はらとみ,原冨
はらどめ,原留
はらなか,原中
はらにし,原西
はらね,原根
はらの,原野
はらのう,原納
はらのその,原ノ園
はらのその,原之園
はらばやし,原林
はらふじ,服藤
はらぶち,原淵
はらぶち,原渕
はらべ,原部
はらべ,原邊
はらま,原間
はらまき,原槙
はらまき,服巻
はらまき,服卷
はらまき,腹巻
はらみ,原見
はらみいし,孕石
はらみず,原水
はらむら,原村
はらも,原茂
はらもと,原元
はらもと,原本
はらや,原谷
はらやま,原山
はり,羽里
はり,針
はり,張
はり,播
はり,波里
はり,葉里
はり,畭
はりい,播井
はりい,波利井
はりう,針生
はりえ,張江
はりお,針尾
はりおか,播岡
はりかい,針貝
はりかい,針替
はりかい,張替
はりかえ,針替
はりかえ,張替
はりかご,張籠
はりがい,針谷
はりがい,張替
はりがえ,針谷
はりがえ,張替
はりがね,針金
はりがや,針ヶ谷
はりがや,針谷
はりがや,張ヶ谷
はりき,榛木
はりき,針木
はりき,梁木
はりぐち,播口
はりしげ,針重
はりしま,播島
はりた,榛田
はりた,針田
はりた,張田
はりた,播田
はりた,幡田
はりたに,播谷
はりづか,針塚
はりの,張野
はりの,播野
はりはら,針原
はりはら,張原
はりま,針間
はりま,針馬
はりま,張間
はりま,播摩
はりま,播磨
はりま,播广
はりま,梁間
はりまや,播摩谷
はりまや,播磨屋
はりまや,播磨谷
はりまや,播广谷
はりむら,張村
はりもと,針本
はりもと,張本
はりもと,播本
はりや,針屋
はりや,針谷
はりや,播谷
はりやま,針山
はりやま,張山
はりゅう,針生
はりょう,巴陵
はる,春
はる,波留
はるあけ,春明
はるい,治井
はるい,春井
はるうみ,春海
はるえ,春江
はるお,春尾
はるおか,春岡
はるかみ,春上
はるかわ,春川
はるき,春樹
はるき,春木
はるきや,春木屋
はるぐち,春口
はるさわ,春沢
はるしま,春島
はるぞの,春園
はるた,治多
はるた,治田
はるた,春田
はるたか,春（はしご高）
はるたか,春高
はるたに,春谷
はるで,春出
はるな,春名
はるなが,春永
はるなり,春成
はるの,春野
はるのその,原之園
はるはら,春原
はるびゅう,春別府
はるふく,治福
はるべっぷ,春別府
はるま,春間
はるまき,春披
はるまき,晴
はるまき,晴披
はるまし,春増
はるみ,春見
はるみ,晴海
はるみや,春宮
はるもと,春本
はるやま,治山
はるやま,春山
はるやま,晴山
はるよし,春好
はるわか,春若
はれ,晴
はれさく,晴佐久
はれさわ,晴澤
はれまき,晴
はれまき,晴（木へんに皮）
はれまき,晴まき
はれやま,晴山
はれん,波連
はろ,波呂
はわい,羽合
はんがい,半谷
はんがい,板谷
はんがいし,半下石
はんきょう,范姜
はんぎょう,萩行
はんくい,半杭
はんぐい,半杭
はんさく,飯作
はんざいけ,繁在家
はんざき,半崎
はんざわ,榛沢
はんざわ,榛澤
はんざわ,半沢
はんざわ,半澤
はんざわ,繁沢
はんざわ,繁澤
はんじ,判治
はんじょう,半情
はんじょう,繁昌
はんた,繁多
はんたに,半谷
はんだ,阪田
はんだ,伴田
はんだ,判田
はんだ,半田
はんだ,繁田
はんだ,飯田
はんと,伴戸
はんど,半戸
はんど,半渡
はんどう,阪堂
はんどう,半藤
はんどう,飯藤
はんな,半那
はんにた,半仁田
はんにゃ,般若
はんにゃ,盤若
はんぬき,半貫
はんの,幡野
はんの,伴野
はんの,半野
はんの,墫野
はんのうら,半浦
はんのえ,飯橋
はんのだ,半野田
はんば,半羽
はんば,半場
はんば,半谷
はんば,半波
はんば,半塲
はんばやし,半林
はんま,半間
はんみょう,半明
はんむら,半村
はんや,半谷
はんやく,繁益
はんやま,半山
はんよう,半揚
ばい,唄
ばい,馬医
ばい,倍
ばいしょう,倍賞
ばがわ,馬川
ばく,場工
ばく,模
ばくや,麦谷
ばこし,馬越
ばさき,馬崎
ばしょ,厩所
ばしょ,馬所
ばしょう,場勝
ばしょう,芭蕉
ばじょう,馬上
ばたい,馬袋
ばたに,場谷
ばっけ,場家
ばづめ,馬詰
ばでん,馬殿
ばと,馬戸
ばとう,馬頭
ばどう,馬道
ばの,場野
ばば,馬場
ばば,馬塲
ばばうち,馬場内
ばばぐち,馬場口
ばばさき,馬場（崎の大が立）
ばばさき,馬場崎
ばばさき,馬場先
ばばぞの,馬場園
ばばの,馬場野
ばべ,馬部
ばや,場谷
ばらき,茨木
ばらじま,茨島
ばらた,茨田
ばらだ,茨田
ばん,坂
ばん,阪
ばん,播
ばん,伴
ばん,番
ばん,潘
ばんい,番井
ばんぐち,番口
ばんさい,坂齊
ばんさく,番作
ばんざい,坂西
ばんざい,阪西
ばんざい,万才
ばんざい,万歳
ばんざい,萬歳
ばんざわ,番沢
ばんざわ,番澤
ばんざわ,方鳥沢
ばんしょう,番匠
ばんしょうや,番匠谷
ばんじょ,盤所
ばんじょう,伴丈
ばんじょう,番條
ばんじょう,萬上
ばんじょうや,坂上谷
ばんじょうや,板上谷
ばんすい,番水
ばんせ,伴瀬
ばんだ,晩田
ばんだい,坂大
ばんだい,万代
ばんだい,萬代
ばんだいら,番平
ばんど,播戸
ばんど,伴戸
ばんどう,坂東
ばんどう,阪東
ばんどう,伴藤
ばんどう,板東
ばんどうばし,板東橋
ばんどばし,板東橋
ばんどめ,番留
ばんない,坂内
ばんない,伴内
ばんの,坂野
ばんの,阪埜
ばんの,阪野
ばんの,伴野
ばんの,番野
ばんば,馬場
ばんば,伴場
ばんば,番場
ばんば,番塲
ばんば,万羽
ばんばら,番原
ばんみ,萬實
ばんもと,番本
ばんや,萬谷
ひあい,日合
ひあい,肥合
ひあき,日秋
ひあさ,日浅
ひあさ,日朝
ひあさ,日淺
ひいけ,日池
ひいし,火石
ひいずみ,樋泉
ひいらぎ,柊
ひいらぎ,柊木
ひいらぎざわ,柊澤
ひいろ,日色
ひう,日宇
ひうが,日向
ひうけ,日生下
ひうぞん,日雨孫
ひうち,樋内
ひうち,燧
ひうま,日馬
ひうら,日浦
ひうら,日裏
ひうら,樋浦
ひえ,日江
ひえ,稗
ひえい,日永
ひえい,日江井
ひえい,樋江井
ひえいだ,日永田
ひえかた,稗方
ひえしま,稗島
ひえじま,比江島
ひえじま,比江嶋
ひえじま,稗島
ひえた,稗田
ひえだ,日永田
ひえだ,日枝
ひえだ,比延田
ひえだ,稗田
ひえだ,檜枝
ひえだ,檜田
ひえなえ,稗苗
ひえぬき,稗貫
ひえの,日恵野
ひえはた,稗畑
ひえはた,稗畠
ひえはた,稗圃
ひえもり,比江森
ひお,日尾
ひお,樋尾
ひおか,日岡
ひおか,飛岡
ひおき,日沖
ひおき,日置
ひおく,桶屋
ひおく,樋屋
ひおだ,日小田
ひおの,日尾野
ひかい,肥海
ひかぎ,日垣
ひかげ,日蔭
ひかげ,日影
ひかげ,日景
ひかさ,日笠
ひかさ,樋笠
ひかずたに,日数谷
ひかた,日方
ひかたい,日形井
ひかつ,樋勝
ひかみ,日上
ひかみ,樋上
ひかみ,氷上
ひかり,光
ひかわ,肥川
ひかわ,飛川
ひかわ,樋川
ひかわ,桧川
ひかわ,桧皮
ひかわ,檜皮
ひが,比嘉
ひが,比賀
ひがい,干貝
ひがい,日改
ひがい,樋貝
ひがい,桧貝
ひがい,檜貝
ひがいの,日開野
ひがえ,比賀江
ひがおんな,東恩納
ひがき,日垣
ひがき,桧垣
ひがき,檜垣
ひがくぼ,日ケ久保
ひがくぼ,日ヶ久保
ひがけ,樋掛
ひがさ,日笠
ひがさ,樋笠
ひがさやま,日笠山
ひがし,東
ひがしあしたに,東芦谷
ひがしいうえ,東井上
ひがしいずみ,東泉
ひがしうえさと,東上里
ひがしうえとこ,東上床
ひがしうち,東内
ひがしうめ,東梅
ひがしうら,東浦
ひがしうら,東裏
ひがしえ,東江
ひがしえのきだ,東榎田
ひがしお,東尾
ひがしおおじ,東大路
ひがしおおもり,東大森
ひがしおか,東岡
ひがしおの,東小野
ひがしおんな,東恩納
ひがしかた,東方
ひがしかど,東角
ひがしかりや,東假屋
ひがしかわ,東川
ひがしかわうち,東川内
ひがしがいと,東垣外
ひがしがいと,東垣内
ひがしがいとう,東垣内
ひがしがまえ,東構
ひがしがわ,東川
ひがしきんじょう,東金城
ひがしくぜ,東久世
ひがしくに,東久迩
ひがしくに,東久邇
ひがしくに,東邦
ひがしくぼ,東久保
ひがしぐち,東口
ひがしこくばる,東国原
ひがしさか,東坂
ひがしさこ,東迫
ひがしざこ,東迫
ひがしざわ,東沢
ひがしざわ,東澤
ひがししま,東島
ひがしじま,東島
ひがしじま,東嶋
ひがしせと,東瀬戸
ひがしその,東園
ひがしぞの,東園
ひがした,東田
ひがしたき,東滝
ひがしたけにし,東竹西
ひがしたなか,東田中
ひがしたに,東谷
ひがしたるみず,東垂水
ひがしだ,東田
ひがしだて,東館
ひがしだて,東舘
ひがしだに,東谷
ひがしつじ,東辻
ひがしづる,東鶴
ひがしで,東出
ひがしなか,東中
ひがしなかがわ,東中川
ひがしなかの,東中野
ひがしながた,東長田
ひがしね,東根
ひがしの,東ノ
ひがしの,東埜
ひがしの,東濃
ひがしの,東野
ひがしはた,東畑
ひがしはた,東畠
ひがしはま,東浜
ひがしはら,東原
ひがしばた,東端
ひがしばた,東畑
ひがしばた,東畠
ひがしばば,東馬場
ひがしばやし,東林
ひがしばら,東原
ひがしひら,東平
ひがしふしみ,東伏見
ひがしふなみち,東舟道
ひがしぶち,東淵
ひがしほ,東保
ひがしぼうじょう,東坊城
ひがしま,東間
ひがしま,東島
ひがしまえ,東前
ひがしまきはら,東巻原
ひがしまち,東町
ひがしまる,東丸
ひがしみね,東峰
ひがしみね,東峯
ひがしむき,東向
ひがしむら,東村
ひがしもと,東元
ひがしもと,東本
ひがしもり,東森
ひがしもり,東盛
ひがしや,東谷
ひがしや,東矢
ひがしやなぎ,東柳
ひがしやま,東山
ひがしよつやなぎ,東四柳
ひがしら,東頭
ひがしら,東良
ひがしわき,東脇
ひがじょう,比嘉門
ひがた,日潟
ひがの,日賀野
ひがの,日向野
ひがの,飛賀野
ひがの,樋上
ひがの,氷飽
ひがの,氷鉋
ひがみ,樋上
ひがわ,樋川
ひき,日岐
ひき,日置
ひき,日木
ひき,挽
ひき,比企
ひき,比氣
ひきあみ,引網
ひきぎ,引木
ひきしきばやし,引敷林
ひきしま,疋島
ひきじ,引寺
ひきじ,引治
ひきじ,引地
ひきた,引田
ひきた,曳田
ひきた,匹田
ひきた,疋田
ひきだ,引田
ひきだ,匹田
ひきだ,疋田
ひきだ,曵田
ひきち,引地
ひきち,挽地
ひきち,曵地
ひきぢ,引地
ひきづ,疋津
ひきぬま,引沼
ひきぬま,曳沼
ひきの,引野
ひきの,挽野
ひきの,比企野
ひきの,疋野
ひきはし,引橋
ひきはら,引原
ひきば,引場
ひきま,引間
ひきめ,蟇目
ひきやしき,引屋敷
ひきり,肥喜里
ひぎり,日限
ひぎり,日切
ひくま,引馬
ひぐち,樋口
ひぐま,日隅
ひぐま,日隈
ひぐま,樋熊
ひぐら,飛倉
ひぐらし,日暮
ひぐれ,日暮
ひけ,比毛
ひげ,肥下
ひげ,髭
ひげうこん,髭右近
ひげしろ,髭白
ひげた,日下田
ひげの,髭野
ひげもと,髭本
ひげやま,日下山
ひこえ,彦エ
ひこえ,彦工
ひこえ,彦江
ひこくぼ,彦久保
ひこさか,彦坂
ひこさか,彦阪
ひこそ,彦素
ひこそう,彦惣
ひこた,彦田
ひこたに,彦谷
ひこね,彦根
ひこの,日此
ひこの,彦野
ひこめん,彦面
ひご,日吾
ひご,比後
ひご,比護
ひご,肥後
ひごたに,肥後谷
ひごの,肥後野
ひごもと,肥後本
ひさ,久
ひさ,比佐
ひさ,桧佐
ひさい,久井
ひさい,久居
ひさいし,久石
ひさいずみ,久泉
ひさいた,久板
ひさいち,久一
ひさいばる,久井原
ひさうち,久内
ひさえ,久江
ひさえ,久重
ひさえだ,久枝
ひさお,久尾
ひさおか,久岡
ひさか,久下
ひさか,日坂
ひさか,日阪
ひさか,樋坂
ひさか,氷坂
ひさかぜ,瓢風
ひさかど,久門
ひさかね,久金
ひさかわ,久川
ひさが,久賀
ひさき,久樹
ひさき,久木
ひさくに,久国
ひさくに,久國
ひさくら,久蔵
ひさご,久後
ひさご,瓢
ひさざき,久（崎の大が立）
ひさざき,久崎
ひさざわ,久沢
ひさし,久
ひさし,久司
ひさしげ,久重
ひさしば,久芝
ひさしま,久島
ひさじま,久島
ひさじま,久嶋
ひさすえ,久末
ひさずみ,久住
ひさずみ,久積
ひさた,久田
ひさたか,久高
ひさたき,久滝
ひさたけ,久武
ひさだ,久田
ひさだ,壽田
ひさつ,久津
ひさつか,久塚
ひさつぐ,久次
ひさつね,久恒
ひさつね,久常
ひさづみ,久積
ひさと,久戸
ひさと,久斗
ひさとく,久（徳の心の上に一）
ひさとく,久徳
ひさとく,久德
ひさとみ,久富
ひさとみ,久冨
ひさとめ,久留
ひさどみ,久冨
ひさどめ,久留
ひさなが,久永
ひさなが,久長
ひさの,久野
ひさの,比佐野
ひさのぶ,久延
ひさはら,久原
ひさばやし,久林
ひさふじ,久藤
ひさべ,久部
ひさぼり,久堀
ひさま,久間
ひさまつ,久松
ひさみず,久水
ひさみち,久道
ひさみつ,久光
ひさみつ,久満
ひさみなと,久湊
ひさむね,久宗
ひさむら,久村
ひさもち,久持
ひさもと,久元
ひさもと,久本
ひさもり,久守
ひさもり,久森
ひさや,久爾
ひさやす,久安
ひさやま,久山
ひさゆき,久幸
ひさゆき,久行
ひさよし,久吉
ひさよし,久好
ひさり,久利
ひさわ,久和
ひさわ,日沢
ひざか,日坂
ひざか,飛坂
ひざき,日崎
ひざたて,膝舘
ひざと,日里
ひざわ,日沢
ひざわ,比沢
ひざわ,比澤
ひざわ,樋澤
ひざわ,檜澤
ひし,菱
ひしい,菱井
ひしかり,菱刈
ひしかわ,菱川
ひしき,日紫喜
ひしき,飛鋪
ひしき,菱木
ひしくら,菱倉
ひしざき,菱崎
ひしじま,比志島
ひした,日下
ひした,菱田
ひしたに,菱谷
ひしだ,菱田
ひしど,菱戸
ひしな,斐品
ひしぬま,菱沼
ひしの,菱野
ひしのたに,菱谷
ひしま,比島
ひしむら,菱村
ひしも,日下
ひしもと,菱本
ひしもと,櫃本
ひしゃご,鴻
ひしや,菱谷
ひしやま,菱山
ひしろ,日城
ひじい,肘井
ひじおか,肱岡
ひじおか,比地岡
ひじかい,文違
ひじかた,（土｀）方
ひじかた,泥方
ひじかた,土方
ひじかわ,聖川
ひじかわ,土方
ひじき,日食
ひじき,日直
ひじきがわ,枅川
ひじくろ,肱黒
ひじの,土野
ひじま,日島
ひじま,比島
ひじもと,肱元
ひじや,泥谷
ひじや,土屋
ひじや,比知屋
ひじり,日聖
ひじりさわ,聖澤
ひずみ,日角
ひずみ,日隅
ひずめ,樋爪
ひせ,樋瀬
ひぜん,肥前
ひたい,比田井
ひたか,日（はしご高）
ひたか,日高
ひたか,飛（はしご高）
ひたち,月出
ひたち,常陸
ひたち,日達
ひたち,日立
ひたに,樋谷
ひだ,火田
ひだ,日田
ひだ,披田
ひだ,比田
ひだ,肥田
ひだ,飛多
ひだ,飛騨
ひだ,飛弾
ひだ,飛田
ひだ,飛彈
ひだ,樋田
ひだ,氷田
ひだ,檜田
ひだい,日台
ひだい,日臺
ひだい,比田井
ひだい,樋代
ひだお,干田尾
ひだか,日（はしご高）
ひだか,日高
ひだか,日鷹
ひだか,肥（はしご高）
ひだか,飛高
ひだか,飛鷹
ひだか,樋高
ひだか,桧高
ひだか,氷高
ひだき,肥田木
ひだに,日谷
ひだに,比谷
ひだに,肥谷
ひだに,樋谷
ひだの,披田野
ひだの,肥田埜
ひだの,肥田野
ひだの,飛騨野
ひだの,飛弾野
ひだの,飛田野
ひだの,飛彈野
ひだむら,飛騨村
ひだむら,飛彈村
ひだり,左
ひだり,左リ
ひだりとも,左伴
ひだん,飛弾
ひちのへ,七戸
ひちわ,飛知和
ひぢや,泥谷
ひっぽう,筆宝
ひついし,櫃石
ひつおか,櫃岡
ひつか,肥塚
ひつだ,七田
ひつだ,櫃田
ひつのうえ,櫃ノ上
ひつもと,櫃本
ひつゆ,日露
ひつわり,櫃割
ひづ,比津
ひづか,肥塚
ひづくり,檜作
ひづめ,火爪
ひづめ,蹄
ひづめ,日詰
ひづめ,日爪
ひづめ,肥爪
ひづめ,樋詰
ひづめ,樋爪
ひで,秀
ひで,樋出
ひでうら,秀浦
ひでかわ,秀川
ひでくま,秀熊
ひでさき,秀（崎の大が立）
ひでさわ,秀沢
ひでしま,秀島
ひでしま,秀嶋
ひでしま,日出島
ひでじま,秀島
ひでたか,秀高
ひでなが,秀永
ひでの,秀野
ひでひら,秀平
ひでま,日出間
ひでむら,秀村
ひでや,秀谷
ひでやま,秀山
ひでやま,日出山
ひでよし,秀吉
ひとうじ,一氏
ひとかた,人形
ひとかべ,人首
ひとき,一木
ひとくわた,一鍬田
ひとくわだ,一鍬田
ひとこと,一言
ひとじ,一氏
ひとすぎ,一杉
ひとすぎ,仁杉
ひとつい,一井
ひとついし,一ツ石
ひとついし,壹ツ石
ひとつかぶと,一兜
ひとつぎ,一ツ木
ひとつばし,一橋
ひとつまち,一ツ町
ひとつまつ,一ツ松
ひとつや,一家
ひとつやなぎ,一柳
ひとと,一青
ひとはね,一刎
ひとふで,一筆
ひとぼ,人母
ひとまつ,一松
ひとみ,人見
ひとみ,人美
ひとみ,仁見
ひとみ,樋富
ひともと,一本
ひとら,人羅
ひど,比戸
ひど,肥土
ひどう,樋堂
ひな,日名
ひな,比名
ひない,比内
ひないじ,日内地
ひなか,日中
ひなが,日永
ひながた,雛形
ひなくら,雛倉
ひなこ,日名子
ひなご,日名子
ひなじ,比奈地
ひなた,日向
ひなた,日当
ひなた,日南田
ひなた,日名田
ひなた,日當
ひなたに,雛谷
ひなたや,雛田谷
ひなだ,雛田
ひなつ,日夏
ひなつ,肥夏
ひなはた,日向端
ひなみ,日南
ひなみ,日並
ひなもと,雛元
ひなもと,雛本
ひなもと,比奈本
ひにし,日西
ひぬき,稗貫
ひぬま,日沼
ひぬま,肥沼
ひぬま,樋沼
ひね,日根
ひねの,日根野
ひねのや,日根野谷
ひの,日埜
ひの,日納
ひの,日野
ひの,肥野
ひの,樋野
ひの,桧野
ひの,檜野
ひのい,樋井
ひのい,檜井
ひのいし,日石
ひのう,日納
ひのう,比能
ひのうえ,樋上
ひのうち,日之内
ひのうら,火之浦
ひのうら,日野浦
ひのお,日野尾
ひのおか,旭岡
ひのおか,日野岡
ひのかわ,火ノ川
ひのかわ,日野川
ひのがみ,日野上
ひのき,桧
ひのき,桧木
ひのき,檜
ひのき,檜木
ひのきお,桧尾
ひのきお,檜尾
ひのきだ,桧田
ひのきだ,檜田
ひのきだに,桧谷
ひのきだに,檜谷
ひのきもと,桧本
ひのきや,檜谷
ひのくち,日野口
ひのくち,樋ノ口
ひのくち,樋之口
ひのくま,日熊
ひのくま,日隈
ひのぐち,日野口
ひのぐち,樋之口
ひのさわ,日ノ沢
ひのさわ,日野澤
ひのした,日下
ひのした,樋下
ひのすぎ,日野杉
ひのたに,桧谷
ひのたに,檜谷
ひのだ,日野田
ひのつ,樋之津
ひのつき,日野月
ひので,日出
ひので,日野出
ひので,杲
ひのと,日戸
ひのにし,日ノ西
ひのにし,日之西
ひのにし,日野西
ひのはら,日野原
ひのばやし,日野林
ひのまる,日丸
ひのみず,日野水
ひのもと,日本
ひのもと,樋本
ひのやま,日野山
ひのやま,桧山
ひはら,火原
ひはら,日原
ひはら,肥原
ひはら,飛原
ひはら,桧原
ひはら,檜原
ひばかり,日計
ひばかり,比計
ひばこ,火箱
ひばさみ,樋廻
ひばた,日端
ひばた,日幡
ひばやし,桧林
ひばら,火原
ひばら,日原
ひばら,樋原
ひばら,桧原
ひばら,檜原
ひばり,雲雀
ひび,日（立の下に廾）
ひび,日（卉の十が立）
ひび,日比
ひびお,日比生
ひびき,日引
ひびき,日疋
ひびき,枇々木
ひびの,日々野
ひびの,日比野
ひびの,日尾野
ひびの,比日野
ひびや,日比谷
ひふみ,一二三
ひまえ,日前
ひまき,日巻
ひまき,檜槇
ひまた,日俣
ひまわり,向日葵
ひまわり,樋廻
ひみ,日美
ひみ,比見
ひみ,飛見
ひみ,氷見
ひみず,日水
ひみの,氷見野
ひみや,氷見谷
ひみやま,氷見山
ひむかい,日向
ひむかし,日昔
ひむら,日村
ひむら,比村
ひむら,檜村
ひむろ,氷室
ひむろ,檜室
ひめい,姫井
ひめお,姫尾
ひめかわ,姫川
ひめしま,姫嶋
ひめじ,姫治
ひめじ,姫路
ひめじま,姫嶋
ひめた,姫田
ひめだ,姫田
ひめの,姫野
ひめばら,姫原
ひめみ,姫見
ひめみや,姫宮
ひめもと,姫本
ひもと,緋本
ひもと,樋元
ひもと,樋本
ひもの,桧物
ひもの,檜物
ひもり,日森
ひもり,桧森
ひもり,檜森
ひもろ,日諸
ひもんや,碑文谷
ひゃくかい,百海
ひゃくこく,百石
ひゃくさい,百済
ひゃくしま,百島
ひゃくそく,百束
ひゃくた,百田
ひゃくたけ,百武
ひゃくだ,百田
ひゃくだい,百代
ひゃくづか,百塚
ひゃくとみ,百富
ひゃくとめ,百留
ひゃくな,百名
ひゃくの,百野
ひゃくまち,百町
ひゃくまん,百万
ひゃくむら,百村
ひゃくもと,百本
ひゃっこく,百石
ひや,肥谷
ひや,飛矢
ひや,樋谷
ひやごん,比屋根
ひやざき,飛矢（崎の大が立）
ひやざき,飛矢崎
ひやね,小波本
ひやね,比屋根
ひやま,日山
ひやま,比山
ひやま,肥山
ひやま,飛山
ひやま,樋山
ひやま,桧山
ひやま,檜山
ひやみず,冷水
ひやむた,冷牟田
ひゅうが,日向
ひゅうがじ,日向寺
ひゅうがの,日向野
ひょう,兵
ひょうい,兵井
ひょうえ,兵恵
ひょうかい,氷海
ひょうが,氷華
ひょうき,俵木
ひょうぐち,俵口
ひょうご,兵庫
ひょうご,兵後
ひょうず,兵主
ひょうたに,俵谷
ひょうだ,俵田
ひょうだ,表田
ひょうだ,兵田
ひょうだに,俵谷
ひょうとう,兵東
ひょうどう,俵道
ひょうどう,兵東
ひょうどう,兵藤
ひょうどう,兵頭
ひょうどう,兵働
ひょうどう,兵動
ひょうどう,兵道
ひょうの,瓢野
ひょうの,表野
ひょうま,兵間
ひょうもと,兵本
ひよし,旭吉
ひよし,日（吉の士が土）
ひよし,日吉
ひよやま,日代山
ひら,日良
ひら,比良
ひら,平
ひらあき,平明
ひらい,平位
ひらい,平井
ひらい,平居
ひらいけ,平池
ひらいし,平石
ひらいずみ,平泉
ひらいで,平井出
ひらいで,平出
ひらいわ,平岩
ひらうみ,平海
ひらえ,平永
ひらえ,平江
ひらお,平生
ひらお,平尾
ひらおか,比羅岡
ひらおか,平岡
ひらおき,平沖
ひらか,平賀
ひらかきうち,平垣内
ひらかた,平潟
ひらかた,平形
ひらかた,平方
ひらかわ,平河
ひらかわ,平川
ひらが,平賀
ひらがいち,平垣内
ひらがき,平垣
ひらがき,平柿
ひらがきうち,平垣内
ひらがた,平形
ひらがね,平金
ひらがね,平包
ひらがみ,平上
ひらき,開
ひらき,比良木
ひらき,平城
ひらき,平木
ひらきうち,開内
ひらきざわ,開澤
ひらきだ,開田
ひらきばら,開原
ひらきもと,開本
ひらぎ,柊
ひらぎ,平城
ひらぎ,平木
ひらく,比楽
ひらく,平工
ひらくえ,平久江
ひらくし,平櫛
ひらくち,平口
ひらくに,平国
ひらくに,平國
ひらくぼ,平久保
ひらくら,平倉
ひらくり,平栗
ひらぐし,平櫛
ひらぐち,平口
ひらぐり,平栗
ひらぐん,平郡
ひらこ,平子
ひらこう,平光
ひらこうち,平河内
ひらこうぢ,平河内
ひらこし,平越
ひらこし,平腰
ひらこそ,平社
ひらこば,平古場
ひらこば,平木場
ひらごうち,平垣内
ひらごおり,平郡
ひらさ,平佐
ひらさ,平沙
ひらさか,平坂
ひらさき,平崎
ひらさた,平佐多
ひらさわ,平沢
ひらさわ,平澤
ひらざくら,平櫻
ひらざわ,平澤
ひらしげ,平繁
ひらした,平下
ひらしば,平柴
ひらしま,平島
ひらしま,平嶋
ひらしま,平嶌
ひらしみず,平清水
ひらじま,平島
ひらじょう,平城
ひらすえ,平末
ひらすぎ,平杉
ひらせ,平世
ひらせ,平瀬
ひらせ,平勢
ひらせど,平瀬戸
ひらた,担田
ひらた,平田
ひらた,枚田
ひらたい,平体
ひらたか,平高
ひらたけ,平竹
ひらたて,平舘
ひらたに,平谷
ひらだて,平館
ひらだて,平舘
ひらち,平地
ひらつ,平津
ひらつか,平（土へんに冢）
ひらつか,平塚
ひらつか,平墳
ひらて,平手
ひらで,平出
ひらと,平戸
ひらとう,平等
ひらとう,平藤
ひらとこ,平床
ひらど,平戸
ひらな,平名
ひらな,平兮
ひらない,平内
ひらなか,平中
ひらなか,平仲
ひらなが,平永
ひらぬま,平沼
ひらね,平根
ひらの,平能
ひらの,平野
ひらのい,平野井
ひらのうち,平之内
ひらのべ,平延
ひらはし,平橋
ひらはた,平畑
ひらはた,平畠
ひらはや,平碆
ひらはら,平原
ひらはら,櫟原
ひらば,平場
ひらばえ,平生
ひらばたけ,平畠
ひらばやし,平林
ひらばら,平原
ひらふく,平福
ひらふじ,平藤
ひらふね,平船
ひらぶき,平吹
ひらぶち,平渕
ひらべ,平部
ひらぼし,平星
ひらま,平間
ひらま,平馬
ひらます,平増
ひらます,平桝
ひらまつ,比良松
ひらまつ,平松
ひらみ,平見
ひらみつ,平光
ひらみね,平峰
ひらみね,平峯
ひらみね,平嶺
ひらむき,平向
ひらむら,平村
ひらむら,平邑
ひらめ,平目
ひらもと,平元
ひらもと,平本
ひらもり,平盛
ひらや,平谷
ひらやす,平安
ひらやなぎ,平柳
ひらやぶ,平藪
ひらやま,平安山
ひらやま,平山
ひらゆ,平湯
ひらよし,平芳
ひらよし,平良
ひららぎ,平良木
ひらわ,平和
ひらわき,平脇
ひらわけ,平譯
ひらわた,平綿
ひらわたり,平渡
ひりゅう,飛龍
ひるい,比留井
ひるい,蛭井
ひるかわ,昼川
ひるかわ,比留川
ひるかわ,肥留川
ひるかわ,蛭川
ひるがみ,昼神
ひるき,比留木
ひるこい,蛭子井
ひるさき,蛭（崎の大が立）
ひるさわ,蛭沢
ひるさわ,蛭澤
ひるた,昼田
ひるた,比留田
ひるた,蛭田
ひるた,晝田
ひるなぎ,蛭薙
ひるぬま,蛭沼
ひるま,昼間
ひるま,昼馬
ひるま,比留間
ひるま,肥留間
ひるま,蛭間
ひるま,晝間
ひるま,晝馬
ひるまち,蛭町
ひるむた,蛭牟田
ひれさき,鰭崎
ひれんざき,比連崎
ひろ,広
ひろ,弘
ひろ,廣
ひろあき,広明
ひろあき,廣明
ひろい,広井
ひろい,広居
ひろい,弘井
ひろい,廣井
ひろい,廣居
ひろいけ,広池
ひろいけ,廣池
ひろいし,広石
ひろいし,廣石
ひろいわ,廣岩
ひろうち,広内
ひろうち,廣内
ひろうみ,広海
ひろうら,広浦
ひろうら,廣浦
ひろえ,広江
ひろえ,廣江
ひろお,広尾
ひろお,廣尾
ひろおか,広岡
ひろおか,弘岡
ひろおか,廣岡
ひろおく,弘奥
ひろかが,広利
ひろかど,広門
ひろかね,広兼
ひろかね,弘兼
ひろかね,廣兼
ひろかみ,広上
ひろかみ,広神
ひろかみ,廣上
ひろかわ,広川
ひろかわ,弘川
ひろかわ,廣川
ひろがき,広垣
ひろがき,廣垣
ひろき,広木
ひろき,廣亀
ひろき,廣木
ひろぐち,広口
ひろこう,廣幸
ひろさか,広坂
ひろさか,広阪
ひろさか,廣坂
ひろさき,広崎
ひろさき,広嵜
ひろさき,廣（崎の大が立）
ひろさき,廣（山かんむりに奇）
ひろさき,廣崎
ひろさこ,廣佐古
ひろさと,広里
ひろさわ,広沢
ひろさわ,広澤
ひろさわ,廣沢
ひろさわ,廣澤
ひろざね,広実
ひろざね,広實
ひろざね,廣實
ひろし,寛司
ひろしげ,広重
ひろしげ,弘重
ひろしげ,廣重
ひろしば,広芝
ひろしば,廣芝
ひろしま,広島
ひろしま,広嶋
ひろしま,弘島
ひろしま,廣島
ひろしま,廣嶋
ひろしろ,広城
ひろすえ,広末
ひろすえ,弘末
ひろすえ,廣末
ひろすみ,広済
ひろずみ,広住
ひろずみ,廣角
ひろせ,広世
ひろせ,広瀬
ひろせ,広清
ひろせ,弘世
ひろせ,弘瀬
ひろせ,廣（瀬の頁が刀の下に貝）
ひろせ,廣世
ひろせ,廣瀬
ひろせ,廣清
ひろそこ,廣底
ひろた,広田
ひろた,弘田
ひろた,廣多
ひろた,廣田
ひろたき,広滝
ひろたき,廣滝
ひろたき,廣瀧
ひろたけ,廣竹
ひろたに,広谷
ひろたに,弘谷
ひろたに,廣谷
ひろたね,弘胤
ひろだん,広段
ひろち,広地
ひろち,廣地
ひろちか,廣近
ひろちょう,広長
ひろちょう,廣長
ひろつ,広津
ひろつ,弘津
ひろつ,廣津
ひろつか,廣塚
ひろつぐ,広次
ひろつじ,廣辻
ひろつね,広常
ひろつね,廣常
ひろと,広戸
ひろと,廣戸
ひろとう,広東
ひろとみ,広富
ひろとみ,廣冨
ひろとも,弘友
ひろない,広内
ひろなか,広中
ひろなか,弘中
ひろなか,廣中
ひろなが,広永
ひろなが,広長
ひろなが,弘永
ひろなが,廣永
ひろなが,廣長
ひろなみ,広波
ひろにわ,廣庭
ひろね,広根
ひろの,広納
ひろの,広野
ひろの,日露野
ひろの,博野
ひろの,廣野
ひろのう,廣納
ひろは,広羽
ひろは,広葉
ひろは,廣羽
ひろはし,広橋
ひろはし,廣橋
ひろはた,広幡
ひろはた,広畑
ひろはた,広畠
ひろはた,弘畑
ひろはた,廣幡
ひろはた,廣畑
ひろはた,廣畠
ひろはま,広浜
ひろはま,広濱
ひろはま,廣濱
ひろはら,広原
ひろはら,廣原
ひろば,広場
ひろばた,廣畠
ひろばやし,宏林
ひろばやし,広林
ひろばやし,廣林
ひろふさ,広房
ひろふじ,広藤
ひろふじ,廣藤
ひろべ,広部
ひろべ,弘部
ひろべ,廣部
ひろま,広間
ひろま,廣間
ひろまさ,広政
ひろまさ,廣政
ひろまさ,廣正
ひろまち,広町
ひろまち,廣町
ひろまつ,広松
ひろまつ,弘松
ひろまつ,廣松
ひろみ,広海
ひろみ,弘海
ひろみ,廣見
ひろみつ,広光
ひろみつ,弘光
ひろみつ,廣光
ひろみね,広峰
ひろむら,広村
ひろむら,廣村
ひろもと,広本
ひろもと,廣本
ひろもり,広森
ひろもり,廣森
ひろや,広谷
ひろや,廣屋
ひろや,廣谷
ひろやす,広安
ひろやす,広康
ひろやす,廣安
ひろやす,廣保
ひろやま,寛山
ひろやま,広山
ひろやま,弘山
ひろやま,廣山
ひろよし,広吉
ひろよし,廣吉
ひろり,廣理
ひろわたり,広渡
ひろわたり,廣渡
ひわ,日和
ひわき,樋脇
ひわき,枇杷木
ひわき,桧脇
ひわき,檜脇
ひわさ,日和佐
ひわさき,日和（崎の大が立）
ひわさき,日和崎
ひわたし,日渡
ひわたし,飛渡
ひわたし,樋渡
ひわたり,日渡
ひわたり,飛渡
ひわたり,樋渡
ひわだ,日和田
ひわだ,桧和田
ひわだ,檜皮
ひわだ,檜和田
ひわだ,鶸田
ひわの,肥和野
ひわら,檜原
びかい,備海
びさか,昆沙賀
びしま,備嶋
びしゃり,毘舎利
びしょう,備生
びしょう,微笑
びせ,備瀬
びぜ,備瀬
びぜん,備前
びぜんじま,備前島
びた,尾田
びたに,備谷
びとう,備藤
びとう,尾藤
びとう,尾頭
びとう,美藤
びの,尾野
びふ,上別府
びゃくの,百野
びやじま,美谷島
びょうどう,平等
びりかわ,備里川
びるかわ,尾留川
びるまち,美留町
びれい,美麗
びろう,枇榔
びわ,琵琶
びわさか,琵琶坂
びわさか,琵琶阪
びん,保栄茂
びんぎょ,備魚
びんぐし,鬢櫛
びんご,備後
ふ,夫
ふうげつ,古月
ふうしゅく,冨宿
ふうたい,風袋
ふうたがわ,風田川
ふうと,風斗
ふうとう,風当
ふうの,風能
ふうのう,風能
ふうら,布浦
ふえ,笛
ふえき,殖木
ふえき,笛木
ふえた,笛田
ふえだ,笛田
ふえとう,不破勝
ふえの,笛野
ふか,深
ふかい,深井
ふかいざわ,深井澤
ふかいし,深石
ふかうみ,深海
ふかうら,深浦
ふかえ,深江
ふかお,深尾
ふかがい,深貝
ふかがい,深谷
ふかがた,深潟
ふかがや,深萱
ふかがわ,深川
ふかき,深城
ふかき,深木
ふかくさ,深草
ふかくし,深串
ふかくら,深倉
ふかさか,深坂
ふかさく,深作
ふかさこ,深迫
ふかさわ,深沢
ふかさわ,深澤
ふかさわぐち,深澤口
ふかざわ,深沢
ふかざわ,深澤
ふかしま,深島
ふかしろ,深城
ふかしろ,深代
ふかずみ,深栖
ふかせ,深瀬
ふかた,深田
ふかたき,深滝
ふかたに,深谷
ふかたみ,深民
ふかだ,深田
ふかつ,深津
ふかつ,深柄
ふかつ,普勝
ふかつ,武津
ふかどう,深道
ふかぬま,深沼
ふかの,深野
ふかはた,深畑
ふかはら,深原
ふかほり,深堀
ふかぼり,深掘
ふかぼり,深堀
ふかまうち,深間内
ふかまき,深牧
ふかまち,深町
ふかまつ,深松
ふかみ,深海
ふかみ,深見
ふかみ,深水
ふかみ,深美
ふかみ,深味
ふかみ,冨加見
ふかみ,冨賀見
ふかみず,深水
ふかみぞ,深溝
ふかみち,深道
ふかみなと,深港
ふかみや,深宮
ふかむら,深村
ふかもと,深本
ふかもり,深森
ふかや,深谷
ふかやま,深山
ふかよ,深代
ふかり,深利
ふかわ,布川
ふかわ,府川
ふかわ,扶川
ふかわ,普川
ふかわたり,深渡
ふがね,府金
ふがみ,普神
ふき,冨氣
ふき,普喜
ふきあげ,吹上
ふきい,吹井
ふきいし,吹石
ふきうら,吹浦
ふきがみ,吹上
ふきこし,吹越
ふきさこ,柊迫
ふきざき,柊崎
ふきざわ,吹澤
ふきざわ,蕗沢
ふきざわ,蕗澤
ふきしま,冨貴島
ふきた,吹田
ふきた,冨木田
ふきた,蕗田
ふきた,福貴田
ふきだ,吹田
ふきだ,冨木田
ふきつか,富貴塚
ふきつけ,吹附
ふきづか,富貴塚
ふきと,吹戸
ふきどめ,吹留
ふきぬき,吹抜
ふきの,吹野
ふきの,生城山
ふきの,蕗野
ふきのと,吹ノ戸
ふきはら,吹原
ふきはる,吹春
ふきば,吹場
ふきや,吹屋
ふきや,蕗谷
ふきやま,柊山
ふきんばら,冨金原
ふく,福
ふくあり,福有
ふくい,副井
ふくい,福意
ふくい,福井
ふくい,福居
ふくいし,福石
ふくいずみ,福泉
ふくいち,福市
ふくいわ,福岩
ふくうち,福内
ふくうみ,福海
ふくうら,福浦
ふくえ,福栄
ふくえ,福江
ふくえ,福榮
ふくえい,福栄
ふくえん,福圓
ふくお,冨久尾
ふくお,福尾
ふくおう,福王
ふくおう,福應
ふくおうじ,福王寺
ふくおか,福岡
ふくかわ,福川
ふくがいち,福垣内
ふくがうち,福垣内
ふくがき,福垣
ふくがさこ,福ヶ迫
ふくがわ,福川
ふくき,福木
ふくきた,福喜多
ふくぎた,福来
ふくくら,福倉
ふくけい,福慶
ふくごもり,福籠
ふくさか,福坂
ふくさき,福（崎の大が立）
ふくさき,福崎
ふくさく,福迫
ふくさくら,福桜
ふくさこ,福迫
ふくさと,福里
ふくさわ,福澤
ふくざき,福（崎の大が立）
ふくざき,福崎
ふくざき,福嵜
ふくざこ,福迫
ふくざと,福里
ふくざわ,福沢
ふくざわ,福澤
ふくし,福司
ふくし,福士
ふくしげ,福重
ふくした,福下
ふくしま,副島
ふくしま,福州
ふくしま,福島
ふくしま,福嶋
ふくしま,福嶌
ふくしま,福島
ふくしやま,福司山
ふくしょ,福所
ふくしょう,福生
ふくしよ,福所
ふくしろ,福代
ふくじゅ,福寿
ふくじゅ,福壽
ふくじん,福神
ふくすみ,福角
ふくすみ,福住
ふくずみ,吹角
ふくずみ,福隅
ふくずみ,福住
ふくずみ,福澄
ふくずみ,福積
ふくせ,福瀬
ふくせ,福勢
ふくぞえ,福添
ふくぞの,福園
ふくぞの,福薗
ふくぞの,福囿
ふくた,福田
ふくた,福夛
ふくたけ,福竹
ふくたけ,福武
ふくたに,福谷
ふくたん,福丹
ふくだ,富久田
ふくだ,福多
ふくだ,福田
ふくだがわ,福田川
ふくち,福知
ふくち,福地
ふくち,福智
ふくつ,福津
ふくつじ,福辻
ふくづか,福塚
ふくづみ,播磨
ふくて,福手
ふくでん,福伝
ふくと,福戸
ふくとう,服藤
ふくとう,福藤
ふくとく,福徳
ふくとみ,福富
ふくとみ,福冨
ふくとめ,福留
ふくど,福土
ふくどめ,福留
ふくどり,福躍
ふくなか,福中
ふくなか,福仲
ふくなが,福永
ふくなが,福長
ふくなみ,福並
ふくなみ,福浪
ふくなり,福成
ふくにし,福西
ふくね,福根
ふくの,福野
ふくのう,福納
ふくは,福羽
ふくはま,福浜
ふくはま,福濱
ふくはら,普久原
ふくはら,福原
ふくば,福羽
ふくば,福場
ふくば,福庭
ふくば,福馬
ふくばやし,福林
ふくひら,福平
ふくひろ,福廣
ふくふじ,福藤
ふくべ,福部
ふくべ,腹部
ふくま,福間
ふくま,福真
ふくま,福島
ふくま,福馬
ふくま,福眞
ふくまき,服巻
ふくまき,福巻
ふくまさ,福政
ふくまし,福増
ふくます,福益
ふくます,福増
ふくます,福枡
ふくまつ,福松
ふくまる,福丸
ふくまん,福万
ふくみ,福海
ふくみ,福見
ふくみ,福味
ふくみず,福水
ふくみた,福三田
ふくみつ,福光
ふくみつ,福満
ふくみつ,福滿
ふくみね,譜久嶺
ふくみね,福嶺
ふくみや,福宮
ふくむら,譜久村
ふくむら,福村
ふくむろ,福室
ふくもち,福持
ふくもと,復本
ふくもと,福元
ふくもと,福本
ふくもり,福守
ふくもり,福森
ふくもり,福盛
ふくや,譜久山
ふくや,福屋
ふくや,福家
ふくや,福谷
ふくやす,福安
ふくやま,冨久山
ふくやま,譜久山
ふくやま,福山
ふくゆ,福湯
ふくよ,福世
ふくよ,福代
ふくよ,福与
ふくよ,福與
ふくよし,福（吉の士が土）
ふくよし,福吉
ふくより,福頼
ふくら,福楽
ふくら,福羅
ふくら,福良
ふくらい,福来
ふくろ,袋
ふくろ,福呂
ふくろい,袋井
ふくろえ,袋江
ふくろく,福録
ふくろせ,袋瀬
ふくろたに,袋谷
ふくろだ,袋田
ふくろだて,袋舘
ふくろだに,袋谷
ふくろの,袋野
ふくろや,袋谷
ふくわ,福和
ふくわか,福若
ふくわき,福脇
ふくわたり,福渡
ふけ,富家
ふけ,冨家
ふけ,冨宅
ふけ,福家
ふけい,吹毛井
ふけた,更田
ふけた,泓田
ふけだ,更田
ふげん,普賢
ふこうず,深水
ふごう,富居
ふごう,冨居
ふごう,普後
ふごた,畚田
ふごの,畚野
ふさ,房
ふさうち,房内
ふさえだ,房枝
ふさお,房尾
ふさおか,房岡
ふさか,苻坂
ふさがわ,房川
ふさざき,総崎
ふさざき,房崎
ふさと,冨里
ふさとも,房友
ふさの,房野
ふさまえ,房前
ふさむら,房村
ふさもと,房本
ふさや,房家
ふさやす,房安
ふさやま,総山
ふし,伏
ふしえ,伏江
ふしお,伏尾
ふしき,節木
ふしき,布志木
ふしき,伏木
ふしきだ,伏木田
ふしくろ,伏黒
ふしした,伏下
ふした,鮒子田
ふしたに,伏谷
ふしだ,伏田
ふしだ,鮒子田
ふしぬき,伏貫
ふしのぶ,伏信
ふしま,不島
ふしま,伏間
ふしみ,伏見
ふしもと,伏本
ふしや,伏屋
ふしや,伏谷
ふしやま,伏山
ふしょう,普照
ふしわき,伏脇
ふじ,藤
ふじ,不二
ふじ,富士
ふじ,冨士
ふじい,葛井
ふじい,藤井
ふじい,藤居
ふじい,藤猪
ふじいえ,藤家
ふじいけ,藤池
ふじいし,藤石
ふじいわ,藤岩
ふじう,藤生
ふじうえ,藤上
ふじうち,藤内
ふじうら,藤浦
ふじえ,渋江
ふじえ,藤栄
ふじえ,藤江
ふじえ,藤榮
ふじえ,富士栄
ふじえ,富士榮
ふじえだ,藤枝
ふじお,藤生
ふじお,藤尾
ふじおか,藤岡
ふじおぎ,藤雄木
ふじおと,藤音
ふじか,藤家
ふじかけ,藤掛
ふじかけ,藤懸
ふじかげ,藤蔭
ふじかさ,藤笠
ふじかた,藤方
ふじかつ,藤勝
ふじかど,藤門
ふじかど,不二門
ふじかね,藤金
ふじかね,藤兼
ふじかみ,藤上
ふじかわ,藤河
ふじかわ,藤川
ふじかわ,不二川
ふじかわ,富士川
ふじかわ,冨士川
ふじがき,藤垣
ふじがさき,藤ヶ崎
ふじがもり,藤ヶ森
ふじがや,藤ケ谷
ふじがや,藤ヶ谷
ふじがわ,藤側
ふじき,藤樹
ふじき,藤城
ふじき,藤木
ふじき,藤来
ふじきた,藤北
ふじきわ,藤極
ふじぎし,藤岸
ふじぎわ,藤極
ふじくに,藤国
ふじくぼ,藤久保
ふじくら,藤倉
ふじくろ,藤黒
ふじぐち,藤口
ふじこうげ,藤河家
ふじこし,藤越
ふじさか,藤坂
ふじさか,藤阪
ふじさき,藤（崎の大が立）
ふじさき,藤咲
ふじさき,藤崎
ふじさき,藤嵜
ふじさき,不二崎
ふじさき,富士崎
ふじさき,冨士崎
ふじさく,藤咲
ふじさだ,藤定
ふじさと,藤里
ふじさわ,藤沢
ふじさわ,藤澤
ふじざ,藤座
ふじざね,藤實
ふじしげ,藤重
ふじしげ,藤茂
ふじした,藤下
ふじしま,藤島
ふじしま,藤嶋
ふじしろ,藤城
ふじしろ,藤代
ふじしろ,藤白
ふじすえ,藤末
ふじせ,藤瀬
ふじせき,藤関
ふじせき,藤關
ふじその,藤園
ふじぞの,藤園
ふじた,藤多
ふじた,藤田
ふじた,冨士田
ふじたか,藤（はしご高）
ふじたか,藤高
ふじたか,藤鷹
ふじたき,藤滝
ふじたけ,藤竹
ふじたけ,藤武
ふじたけ,藤嶽
ふじたて,藤立
ふじたに,藤多
ふじたに,藤谷
ふじたに,富士谷
ふじたに,冨士谷
ふじだい,藤大
ふじだい,冨士大
ふじちか,藤近
ふじつ,藤津
ふじつか,藤（土へんに冢）
ふじつか,藤塚
ふじつか,藤墳
ふじつぐ,藤次
ふじつな,藤綱
ふじづか,藤塚
ふじと,藤戸
ふじと,藤渡
ふじと,藤土
ふじと,不二門
ふじとう,藤東
ふじとみ,藤冨
ふじとも,藤友
ふじな,藤名
ふじなか,藤中
ふじなが,藤永
ふじなが,藤長
ふじなみ,藤涛
ふじなみ,藤波
ふじなみ,藤並
ふじなみ,藤浪
ふじなわ,藤縄
ふじなわ,藤繩
ふじなわ,冨士縄
ふじぬま,藤沼
ふじね,藤根
ふじの,藤埜
ふじの,藤野
ふじの,富士野
ふじの,冨士野
ふじのい,藤ノ井
ふじのき,藤ノ木
ふじのぶ,藤信
ふじはし,藤橋
ふじはた,藤幡
ふじはた,藤畠
ふじはな,藤花
ふじはら,藤原
ふじはら,富士原
ふじはら,冨士原
ふじばやし,藤林
ふじひさ,藤久
ふじひら,藤平
ふじひろ,藤広
ふじひろ,藤廣
ふじぶち,藤渕
ふじべ,藤部
ふじま,藤間
ふじまがり,藤曲
ふじまき,藤巻
ふじまき,藤牧
ふじまき,藤卷
ふじまさ,藤政
ふじまさ,藤正
ふじます,藤枡
ふじまつ,藤松
ふじまる,藤丸
ふじみ,藤見
ふじみ,富士見
ふじみち,富士道
ふじみち,冨士道
ふじみつ,藤光
ふじみつ,藤満
ふじみね,藤峰
ふじみね,藤峯
ふじみや,藤宮
ふじむら,藤村
ふじむら,藤邨
ふじむろ,藤室
ふじむろ,藤堂
ふじめ,藤目
ふじもと,藤下
ふじもと,藤基
ふじもと,藤元
ふじもと,藤本
ふじもと,藤茂登
ふじもと,富士元
ふじもと,富士本
ふじもと,冨士元
ふじもと,冨士本
ふじもり,藤守
ふじもり,藤森
ふじもり,藤盛
ふじもり,冨士森
ふじもり,冨士盛
ふじもん,藤門
ふじや,藤屋
ふじや,藤谷
ふじや,藤矢
ふじやす,藤安
ふじやす,藤保
ふじやぶ,藤藪
ふじやま,藤山
ふじやま,冨士山
ふじゅう,藤生
ふじゆき,藤幸
ふじよし,藤吉
ふじよし,藤好
ふじよし,藤善
ふじよし,藤芳
ふじよし,藤由
ふじろく,藤六
ふじわき,藤脇
ふじわけ,藤分
ふじわら,藤原
ふじわら,不死原
ふじわら,不二原
ふじわら,富士原
ふじわら,冨士原
ふすく,賦勺
ふすま,伏間
ふせ,布施
ふせ,扶瀬
ふせいし,伏石
ふせかわ,布施川
ふせがわ,布施川
ふせがわ,布瀬川
ふせがわ,府瀬川
ふせがわ,伏川
ふせき,布施木
ふせぎ,布施木
ふせぎ,伏木
ふせじま,伏島
ふせたに,伏谷
ふせや,布施谷
ふせや,伏屋
ふた,布田
ふたい,二井
ふたいし,二石
ふたえさく,二重作
ふたおか,二岡
ふたかた,二方
ふたかど,二角
ふたかみ,二上
ふたかみ,二神
ふたかわ,二川
ふたがみ,二上
ふたがみ,二神
ふたがわ,双川
ふたがわ,二川
ふたき,二木
ふたぎ,二木
ふたくち,二口
ふたぐち,二口
ふたごいし,二子石
ふたじま,二島
ふたすぎ,二杉
ふたすぎ,二椙
ふたた,二田
ふたたに,二谷
ふただ,二田
ふたついけ,二ツ池
ふたついし,二ツ石
ふたつか,二（土へんに冢）
ふたつか,二ッ塚
ふたつか,二塚
ふたつかわ,二ツ川
ふたつかわ,二川
ふたつがみ,二ッ神
ふたつがみ,二ツ神
ふたつき,二木
ふたつぎ,二木
ふたつでら,二ツ寺
ふたつばし,二ツ橋
ふたつまた,二俣
ふたつもり,二ッ森
ふたつもり,二ツ森
ふたつや,二ッ谷
ふたつや,二ツ屋
ふたつや,二ツ矢
ふたつや,二谷
ふたつやま,二ツ山
ふたつやま,二山
ふたな,二名
ふたなみ,二浪
ふたに,麸谷
ふたはし,二橋
ふたば,二場
ふたば,二葉
ふたませ,二間瀬
ふたまた,二俣
ふたまた,二又
ふたまた,弐又
ふたまたがわ,二又川
ふたまつ,二松
ふたみ,二タ見
ふたみ,二見
ふたみや,二宮
ふたむら,仁村
ふたむら,二タ村
ふたむら,二村
ふたもと,二元
ふたや,二家
ふたや,二矢
ふたら,二荒
ふたわたり,二渡
ふだ,布田
ふだい,布臺
ふだき,札木
ふだつじ,札辻
ふだの,札埜
ふだの,札野
ふだば,札場
ふだもと,札元
ふだもと,札本
ふち,淵
ふち,泓
ふち,渕
ふちい,渕井
ふちうち,渕内
ふちえ,淵江
ふちえ,渕江
ふちおか,淵岡
ふちおか,渕岡
ふちかみ,淵上
ふちかわ,渕川
ふちがみ,淵上
ふちがみ,渕上
ふちさき,渕先
ふちさわ,淵沢
ふちざき,渕（崎の大が立）
ふちざき,渕崎
ふちざわ,淵沢
ふちざわ,淵澤
ふちざわ,渕沢
ふちざわ,渕澤
ふちせ,渕瀬
ふちた,淵田
ふちた,渕田
ふちだ,淵田
ふちだ,渕田
ふちな,淵名
ふちの,淵野
ふちの,渕野
ふちのうえ,淵之上
ふちのうえ,渕ノ上
ふちのうえ,渕之上
ふちはた,淵端
ふちはた,渕端
ふちはた,渕畑
ふちはら,渕原
ふちべ,淵辺
ふちべ,渕辺
ふちもと,淵本
ふちもと,渕元
ふちもと,渕本
ふちゃく,冨着
ふちゅう,府中
ふちわき,淵脇
ふちわき,渕脇
ふぢい,藤井
ふぢかわ,藤川
ふぢしま,藤島
ふぢのき,藤ノ木
ふぢや,藤谷
ふっきり,吹切
ふっこし,吹越
ふった,振田
ふつかいち,二日一
ふつかいち,二日市
ふつだ,弗田
ふつはら,蓬原
ふづき,夫津木
ふてんま,普天間
ふでうち,筆内
ふでさか,筆坂
ふでたに,筆谷
ふでもと,筆本
ふでや,筆谷
ふでやす,筆保
ふでよし,筆吉
ふでら,布寺
ふと,布戸
ふとい,太井
ふとう,布藤
ふとかみ,太上
ふとせ,太瀬
ふとなか,太中
ふとなが,太中
ふとの,太布
ふとはし,太箸
ふとゆ,太湯
ふとり,太
ふとり,太利
ふどう,不藤
ふどう,不動
ふどうじ,不動寺
ふな,鮒
ふない,船井
ふない,府内
ふないけ,鮒池
ふないし,船石
ふないわ,舩岩
ふなうち,船内
ふなえ,船江
ふなえ,舩江
ふなお,舟尾
ふなお,船生
ふなお,船尾
ふなお,舩尾
ふなおい,舟生
ふなおか,舟岡
ふなおか,船岡
ふなおか,舩岡
ふなおき,船起
ふなかわ,舟川
ふなかわ,船川
ふなかわ,舩川
ふながい,舟貝
ふながき,船垣
ふながさき,舟ヶ崎
ふながた,舩形
ふながみ,船上
ふなき,舟喜
ふなき,舟木
ふなき,船喜
ふなき,船城
ふなき,船木
ふなき,舩木
ふなぎ,舩城
ふなくし,舟串
ふなくし,船串
ふなくぼ,舟久保
ふなくぼ,舟窪
ふなくぼ,船久保
ふなくぼ,舩久保
ふなくら,船倉
ふなくら,舩倉
ふなぐま,船隈
ふなこ,舟子
ふなこえ,舟越
ふなこし,舟越
ふなこし,船越
ふなこし,冨名腰
ふなこし,舩越
ふなご,船後
ふなさか,舟阪
ふなさか,船坂
ふなさか,舩坂
ふなさか,舩阪
ふなさき,舟崎
ふなさき,船崎
ふなさき,船先
ふなさこ,船迫
ふなざき,舟崎
ふなざき,船崎
ふなしま,舟島
ふなしま,船島
ふなしま,舩島
ふなしょ,船所
ふなすぎ,舟杉
ふなせ,舟瀬
ふなせ,船瀬
ふなぞう,船造
ふなたに,舟谷
ふなたに,船谷
ふなだ,舟田
ふなだ,船田
ふなだ,鮒田
ふなだ,舩田
ふなだい,船台
ふなだいく,船大工
ふなつ,舟津
ふなつ,船津
ふなつ,舩津
ふなつき,船附
ふなつまる,船津丸
ふなづか,舟塚
ふなづくり,船造
ふなづみ,舩積
ふなと,舟戸
ふなと,船戸
ふなと,船渡
ふなと,船登
ふなと,舩戸
ふなと,舩渡
ふなとがわ,船戸川
ふなとがわ,船渡川
ふなとみ,船富
ふなとみ,舩冨
ふなどころ,船所
ふなね,舟根
ふなの,船野
ふなはし,舟橋
ふなはし,船橋
ふなはし,舩橋
ふなはら,船原
ふなば,舟場
ふなば,船場
ふなば,船波
ふなば,船迫
ふなばさま,舟迫
ふなばし,舟橋
ふなばし,船橋
ふなばし,舩橋
ふなばら,船原
ふなひき,船曳
ふなひら,船平
ふなびき,舟引
ふなびき,船引
ふなびき,船曳
ふなびき,船曵
ふなびき,舩曳
ふなべ,舟部
ふなべ,舟辺
ふなま,船間
ふなみ,舟見
ふなみ,舟波
ふなみ,船見
ふなみず,船水
ふなみち,船道
ふなむら,船村
ふなもと,舟元
ふなもと,舟本
ふなもと,船本
ふなもと,舩本
ふなもり,舟守
ふなもり,船守
ふなもり,船盛
ふなや,舟屋
ふなや,船屋
ふなや,船谷
ふなや,舩屋
ふなや,舩矢
ふなやま,舟山
ふなやま,船山
ふなやま,舩山
ふなわたし,舟渡
ふにゅう,舟生
ふにゅう,船生
ふにゅう,普入
ふね,舟
ふね,船
ふの,布野
ふのう,布能
ふのき,朴木
ふのぼり,五六
ふぼ,父母
ふま,夫馬
ふま,府馬
ふみいり,文入
ふみいわ,文岩
ふみおか,文岡
ふみくら,文倉
ふみくら,文藏
ふみざわ,文沢
ふみし,二三四
ふみぞの,文園
ふみだ,文田
ふみの,文野
ふみひら,文平
ふみむら,文村
ふみもと,文本
ふみやま,文山
ふみわけ,踏分
ふむろ,文室
ふもと,府本
ふもと,麓
ふもとがわ,麓川
ふもん,普門
ふやま,布山
ふやま,府山
ふやま,麩山
ふゆ,冬
ふゆき,冬木
ふゆしば,冬柴
ふゆた,冬田
ふゆつめ,冬爪
ふゆの,冬野
ふゆひろ,冬廣
ふゆむろ,冬室
ふらく,冨樂
ふりかど,振角
ふりこま,降駒
ふりつ,振津
ふりはた,降旗
ふりはた,降幡
ふりはた,降籏
ふりや,降屋
ふりや,降矢
ふりよし,振吉
ふる,古
ふるあん,古庵
ふるい,古井
ふるい,古居
ふるい,降井
ふるいえ,古家
ふるいけ,古池
ふるいし,古石
ふるいち,古一
ふるいち,古市
ふるいち,古都
ふるいど,古井戸
ふるうち,古内
ふるうま,古馬
ふるうみ,古海
ふるえ,古家
ふるえ,古恵
ふるえ,古江
ふるえだ,古枝
ふるえびす,古胡
ふるお,降雄
ふるおか,古岡
ふるおや,古尾谷
ふるかこい,古栫
ふるかた,古堅
ふるかつ,古勝
ふるかど,古角
ふるかど,古門
ふるかわ,古河
ふるかわ,古川
ふるかわ,布留川
ふるかわら,古川原
ふるがいち,古垣内
ふるがき,古垣
ふるがね,古金
ふるがわ,布留川
ふるき,古城
ふるき,古木
ふるきど,古城戸
ふるきみ,古卿
ふるきみ,古君
ふるくさ,古草
ふるくち,古口
ふるくぼ,古久保
ふるくま,古熊
ふるぐち,古口
ふるけ,古家
ふるげん,古堅
ふるこ,古庫
ふるこ,古湖
ふるこ,古子
ふるこ,古府
ふるこう,古国府
ふるこうじ,古小路
ふるこおり,古郡
ふるこし,古越
ふるごう,古郷
ふるごうり,古郡
ふるごおり,古郡
ふるさか,古坂
ふるさか,古阪
ふるさき,古崎
ふるさと,古里
ふるさわ,古沢
ふるさわ,古澤
ふるざわ,古沢
ふるざわ,古澤
ふるしば,古芝
ふるしま,古島
ふるしま,古嶋
ふるしも,古霜
ふるしょう,古庄
ふるしょう,古姓
ふるしょう,古性
ふるしょう,古正
ふるしょう,古荘
ふるしょう,古莊
ふるしろ,古城
ふるしろ,古代
ふるじく,古軸
ふるじょう,古城
ふるす,古巣
ふるずみ,古隅
ふるせ,古瀬
ふるせこ,古迫
ふるぜ,古是
ふるそう,古相
ふるぞの,古園
ふるぞの,古薗
ふるた,古田
ふるたけ,古竹
ふるたけ,古武
ふるたち,古館
ふるたち,古舘
ふるたつ,古達
ふるたて,古館
ふるたて,古舘
ふるたに,古谷
ふるたに,布留谷
ふるたま,古玉
ふるだち,古舘
ふるだて,古館
ふるだて,古舘
ふるち,古地
ふるつ,古津
ふるつ,古都
ふるつか,古（土へんに冢）
ふるつか,古塚
ふるづき,古月
ふると,古戸
ふると,古門
ふるとう,古頭
ふるとこ,古床
ふるとち,古栃
ふるとの,古殿
ふるとよ,古豊
ふるどい,古土井
ふるどう,古藤
ふるどまり,古泊
ふるな,古名
ふるなか,古中
ふるなか,古仲
ふるなが,古永
ふるにし,古西
ふるぬま,古沼
ふるね,古根
ふるの,古埜
ふるの,古野
ふるはし,古橋
ふるはた,古旗
ふるはた,古幡
ふるはた,古畑
ふるはた,古籏
ふるはた,降旗
ふるはた,降幡
ふるはま,古浜
ふるはま,古濱
ふるはら,古原
ふるばやし,古林
ふるひ,古樋
ふるびき,古曳
ふるふ,古府
ふるべ,古部
ふるべ,古邊
ふるぼう,古坊
ふるまい,古米
ふるまき,古牧
ふるまた,古俣
ふるまち,古町
ふるまつ,古松
ふるまや,古厩
ふるみ,古海
ふるみ,古見
ふるみず,古水
ふるみぞ,古溝
ふるみち,古道
ふるみつ,古満
ふるみどう,古御堂
ふるみなと,古湊
ふるみや,古宮
ふるみや,布留宮
ふるむら,古村
ふるもち,古用
ふるもと,古元
ふるもと,古本
ふるもり,古守
ふるもり,古森
ふるや,古屋
ふるや,古家
ふるや,古谷
ふるや,古矢
ふるや,降屋
ふるや,降矢
ふるやしき,古屋敷
ふるやま,古山
ふるよし,古吉
ふれさわ,觸澤
ふろ,風呂
ふろう,不老
ふろく,府録
ふろた,風呂田
ふろなか,風呂中
ふろみつ,風呂光
ふろもと,風呂本
ふわ,不破
ふわ,富和
ふわ,冨和
ふわ,府和
ふわの,不破野
ふんどう,分銅
ぶえい,武衛
ぶかわ,武川
ぶくら,分倉
ぶしか,武鹿
ぶしがいと,武士垣外
ぶしざわ,武士沢
ぶしざわ,武士澤
ぶしすえ,武士末
ぶしだ,武士田
ぶしまた,武士俣
ぶしまた,武士又
ぶじがみ,藤上
ぶじょう,武城
ぶすじま,毒島
ぶちまる,駮丸
ぶっさか,佛坂
ぶっしょう,佛性
ぶっしょう,佛生
ぶっそう,佛生
ぶった,佛田
ぶつえん,仏円
ぶつえん,佛円
ぶつさか,佛坂
ぶつさき,佛崎
ぶつみょう,佛明
ぶとう,武藤
ぶどう,武道
ぶない,武内
ぶなか,武中
ぶなさわ,樗沢
ぶなさわ,樗澤
ぶなざわ,樗沢
ぶなざわ,樗澤
ぶにう,丹生
ぶにゅう,豊丹生
ぶま,武馬
ぶよう,武用
ぶりおか,鰤岡
ぶんえい,文栄
ぶんき,分木
ぶんけ,分家
ぶんこう,分校
ぶんご,豊後
ぶんせん,文仙
ぶんだ,分田
ぶんどう,分藤
ぶんどう,分道
ぶんどう,分銅
ぶんどう,文堂
ぶんね,分根
ぶんの,文野
ぶんの,豊
ぶんのう,文能
ぶんや,文屋
ぶんや,文箭
ぶんや,文谷
ぶんやま,文山
ぶんりょう,分領
へい,弊
へいあんざん,平安山
へいあんじ,平安寺
へいあんな,平安名
へいうち,塀内
へいぐん,平郡
へいけ,平家
へいし,瓶子
へいしき,平敷
へいしま,平島
へいしん,平親
へいせん,平仙
へいぜい,平生
へいぞう,平蔵
へいたみ,兵丹
へいち,平地
へいま,平間
へいま,平馬
へいもと,塀本
へき,日置
へき,枌
へきぞの,辺木園
へぎ,枌
へぐり,平郡
へさか,部坂
へしき,平識
へしき,平敷
へしきり,辺志切
へしきり,邉志切
へた,部田
へた,辺田
へた,邊田
へだ,辺田
へつぎ,戸次
へど,辺土
へびいし,蛇石
へびかわ,蛇川
へびぐち,蛇口
へびさわ,蛇沢
へびさわ,蛇澤
へびた,蛇田
へびやま,蛇山
へや,部家
へや,部谷
へらい,戸来
へらい,戸來
へらい,箆伊
へんざん,平安山
へんだ,蛇田
へんとな,辺土名
へんとな,邊土名
へんな,平安名
へんみ,逸見
へんみ,片見
へんみ,辺見
へんみ,邊見
へんみ,邉見
べい,部井
べいか,米花
べっき,戸次
べっき,別木
べっく,別宮
べっくや,鼈宮谷
べっし,別枝
べっしょ,別所
べっしょ,別處
べっしょう,別生
べっそ,別曽
べっそう,別惣
べった,別田
べっちゃく,別役
べっとう,別当
べっとう,別當
べっとうやしき,別当屋敷
べっぷ,別府
べっぷ,別部
べつい,別井
べつかわ,別川
べつき,戸次
べつき,別技
べつぎ,戸次
べつく,別宮
べつし,別枝
べつしま,別島
べつだん,別段
べつちゃく,別役
べつちやく,別役
べつみや,別宮
べつもと,別本
べつやく,別役
べな,部奈
べにかわ,紅川
べにこ,紅粉
べにたに,紅谷
べにたに,紅粉谷
べにで,紅出
べにの,紅野
べにむら,紅邑
べにや,紅屋
べにや,紅谷
べにやま,紅山
べのき,辺野喜
べふ,別府
べべこ,遍々古
べんてん,弁天
べんてん,辨天
べんど,（木へんに黒）
べんどう,（木へんに黒）
べんの,辨野
べんの,辧野
べんのう,弁納
ぺて,辺泥
ぺてい,辺泥
ほあき,帆秋
ほあし,帆足
ほあし,保芦
ほいずみ,保泉
ほいん,保院
ほう,芳生
ほう,鳳
ほう,朴
ほうえい,宝榮
ほうかべ,方ヶ部
ほうかわ,宝川
ほうかわ,法川
ほうかん,宝官
ほうが,宝賀
ほうが,法（亠に儿）
ほうが,法元
ほうが,法亢
ほうがく,豊岳
ほうがく,寳學
ほうがさこ,芳ヶ迫
ほうがん,法官
ほうがん,寶官
ほうがん,寳官
ほうき,伯耆
ほうき,保木
ほうき,宝亀
ほうき,法貴
ほうき,法木
ほうきた,伯耆田
ほうきだ,伯耆田
ほうきばら,伯耆原
ほうきやま,宝寄山
ほうきょ,宝居
ほうきょう,宝鏡
ほうきょう,法橋
ほうきん,宝金
ほうきん,寶金
ほうきん,寳金
ほうぎ,法木
ほうけ,穂毛
ほうけん,宝剱
ほうげつ,宝月
ほうげつ,寶月
ほうげつ,寳月
ほうげん,法眼
ほうこ,寶壷
ほうこ,寶壺
ほうさか,芳坂
ほうさこ,宝迫
ほうさこ,寳迫
ほうさやま,柞山
ほうざき,宝崎
ほうざわ,宝澤
ほうざわ,法澤
ほうざわ,朴沢
ほうざわ,朴澤
ほうざん,宝山
ほうし,方志
ほうし,芳司
ほうし,蓬茨
ほうしと,法師人
ほうしはま,法師濱
ほうしま,法嶋
ほうしまる,寶子丸
ほうしゃく,宝積
ほうしゃく,寳積
ほうしやま,寳子山
ほうしやま,寳珠山
ほうしゅやま,宝珠山
ほうしゅやま,寶珠山
ほうしょ,宝諸
ほうしょう,保正
ほうしょう,宝性
ほうしょう,宝生
ほうしょう,法性
ほうしょう,法正
ほうじ,傍士
ほうじ,傍示
ほうじま,法島
ほうじゅ,宝珠
ほうじゅやま,宝珠山
ほうじょう,保条
ほうじょう,宝井
ほうじょう,宝定
ほうじょう,放生
ほうじょう,方城
ほうじょう,鳳城
ほうじょう,北篠
ほうじょう,北城
ほうじょう,北条
ほうじょう,北條
ほうじょうえ,放生会
ほうすい,宝水
ほうすい,法水
ほうずみ,宝角
ほうずみ,宝住
ほうずみ,寶角
ほうせこ,宝迫
ほうせん,宝泉
ほうせん,法銭
ほうせん,法專
ほうせん,寶泉
ほうぞう,宝蔵
ほうぞうじ,宝蔵寺
ほうた,祝田
ほうたに,寳谷
ほうだ,宝田
ほうだ,法田
ほうだ,寶田
ほうだ,寳田
ほうだい,宝代
ほうだい,蓬台
ほうだい,寳代
ほうだつ,宝達
ほうだつ,寳達
ほうち,宝池
ほうち,放地
ほうち,芳地
ほうち,寶地
ほうちど,宝地戸
ほうちん,宝珍
ほうちん,寶珍
ほうつき,宝槻
ほうつき,面
ほうでん,法伝
ほうとうげ,朴峠
ほうとく,宝徳
ほうとく,寳徳
ほうど,法戸
ほうど,法土
ほうない,宝内
ほうにし,芳西
ほうの,宝野
ほうの,法野
ほうの,寳野
ほうのき,厚朴
ほうのき,朴木
ほうのきだに,朴谷
ほうはら,芳原
ほうばら,芳原
ほうふく,宝福
ほうふく,法福
ほうふく,寶福
ほうふく,寳福
ほうべん,方便
ほうみょう,法名
ほうむら,法邑
ほうもと,法元
ほうや,保谷
ほうよう,法用
ほうら,保浦
ほうらい,宝来
ほうらい,蓬（くさかんむりに來）
ほうらい,蓬（莱の来が來）
ほうらい,蓬来
ほうらい,蓬莱
ほうらい,蓬莢
ほうらい,寶来
ほうらい,寶來
ほうらい,寳来
ほうり,祝
ほうり,祝部
ほうり,宝利
ほうり,宝里
ほうり,法理
ほうり,法里
ほうりき,宝力
ほうりゅう,寳龍
ほうりょう,法量
ほうりん,法林
ほえも,保栄茂
ほお,保尾
ほおかべ,波々伯部
ほおざわ,朴澤
ほおのき,厚木
ほおのき,朴木
ほおのきだに,朴谷
ほか,外
ほか,補伽
ほかい,保海
ほかお,外尾
ほかく,保格
ほかぞの,外園
ほかぞの,外薗
ほかぞの,外囿
ほかたねだ,外種子田
ほかだ,外田
ほかどころ,外所
ほかにし,外西
ほかま,外間
ほかむら,外村
ほかもと,外本
ほかや,外屋
ほかり,帆刈
ほかり,帆苅
ほかり,保刈
ほかり,保苅
ほかり,穂刈
ほかり,穂苅
ほかり,穗刈
ほかり,穗苅
ほかわ,保川
ほがさこ,芳ヶ迫
ほがり,帆苅
ほがり,穂苅
ほき,保喜
ほき,保木
ほき,穂岐
ほきぐち,保木口
ほきた,帆北
ほきのうえ,洞ノ上
ほきもと,（山の下に川）本
ほきもと,掃本
ほきもと,保木本
ほきもと,甫喜本
ほきやま,甫喜山
ほきやま,穂岐山
ほきわき,保木脇
ほぎ,保木
ほぎ,穂木
ほくご,北後
ほくごう,北郷
ほくとう,北東
ほくはら,保久原
ほくむら,保久村
ほくもり,保久盛
ほくら,保久良
ほくら,保倉
ほけ,保家
ほけつ,法花津
ほけつ,法華津
ほけづ,法華津
ほこい,鉾井
ほこいし,鉾石
ほこうら,鉾浦
ほこさき,鉾碕
ほこたて,鉾立
ほこだて,鉾立
ほこね,鉾根
ほこのき,鉾木
ほこのはら,鉾之原
ほこやま,鋒山
ほこら,洞
ほご,保古
ほごおり,保郡
ほさか,保坂
ほさか,保阪
ほさか,穂坂
ほさき,保崎
ほさき,穂崎
ほざき,保（崎の大が立）
ほざき,保崎
ほざき,穂崎
ほし,星
ほし,帆士
ほし,保志
ほしあい,星合
ほしい,干井
ほしい,星井
ほしか,星加
ほしかわ,干川
ほしかわ,星河
ほしかわ,星川
ほしが,星賀
ほしがみ,星上
ほしき,星木
ほしくま,星隈
ほしこ,星子
ほしこし,干越
ほしこし,星越
ほしさし,星指
ほしざき,星崎
ほしざわ,星沢
ほしざわ,星澤
ほししば,星芝
ほししま,星島
ほしじま,星島
ほしずみ,星住
ほしたに,星谷
ほしだ,干田
ほしだ,星田
ほしづ,星津
ほしづき,星月
ほしで,星出
ほしと,法師人
ほしな,星名
ほしな,保科
ほしなが,星長
ほしの,干野
ほしの,星乃
ほしの,星埜
ほしの,星野
ほしの,斗野
ほしのお,星野尾
ほしはた,星畑
ほしはら,星原
ほしば,干場
ほしば,星場
ほしば,星塲
ほしば,保志場
ほしば,穂芝
ほしみ,星見
ほしみや,星宮
ほしむら,星村
ほしもと,星本
ほしもの,干物
ほしや,星屋
ほしや,星谷
ほしやま,干山
ほしやま,星山
ほしょう,保昌
ほしょう,保正
ほしろ,保城
ほじ,保地
ほじゅ,保寿
ほじょう,保條
ほずみ,八月一日
ほずみ,八月朔日
ほずみ,保角
ほずみ,保住
ほずみ,保栖
ほずみ,保積
ほずみ,保泉
ほずみ,穂積
ほそ,細
ほそあい,細合
ほそい,細井
ほそい,細居
ほそい,保曽井
ほそいけ,細池
ほそいと,細糸
ほそいり,細入
ほそうち,細内
ほそえ,細江
ほそお,細尾
ほそおか,細岡
ほそかい,細貝
ほそかわ,細川
ほそがい,細貝
ほそがき,細垣
ほそがね,細金
ほそがね,細包
ほそがや,細萱
ほそき,細木
ほそきはら,細木原
ほそぎ,細木
ほそくに,細國
ほそくら,細倉
ほそこうじ,細小路
ほそこし,細越
ほそこしやま,細越山
ほそごえ,細越
ほそごし,蟇目
ほそさか,細坂
ほそさこ,細迫
ほそざわ,細澤
ほそじま,細島
ほそじま,臍島
ほそたに,細谷
ほそだ,細田
ほそだに,細谷
ほそつじ,細辻
ほそど,細戸
ほそど,細土
ほそぬま,細沼
ほその,細野
ほそはた,細機
ほそはた,細畑
ほそはた,細畠
ほそば,細羽
ほそぶち,細淵
ほそぶち,細渕
ほそべ,細部
ほそぼり,細掘
ほそぼり,細堀
ほそま,細間
ほそま,細馬
ほそまつ,細松
ほそみ,細海
ほそみ,細見
ほそみ,細美
ほそみず,細水
ほそみぞ,細溝
ほそみち,細道
ほそむら,細村
ほそもみ,細樅
ほそもり,細森
ほそや,細屋
ほそや,細家
ほそや,細谷
ほそや,細矢
ほそやち,細谷地
ほそやなぎ,細柳
ほそやま,細山
ほそやまだ,細山田
ほそろぎ,細呂木
ほそん,保尊
ほぞの,保園
ほぞの,穂園
ほた,保田
ほたい,保田井
ほたか,帆高
ほたか,保高
ほたか,穂（はしご高）
ほたか,穂高
ほたか,穗高
ほたち,保立
ほたて,保立
ほたに,帆谷
ほたに,保谷
ほだか,保高
ほだて,甫立
ほち,保知
ほち,保地
ほち,保智
ほっかい,北海
ほっきょう,法橋
ほっきりがわ,堀切川
ほっけ,法花
ほっけづ,法華津
ほっこくや,北国谷
ほった,堀田
ほった,發田
ほっち,発知
ほっち,発地
ほっち,發知
ほっち,發地
ほっぽう,北方
ほつか,穂束
ほつか,穗束
ほつき,保月
ほつた,堀田
ほつぼ,母坪
ほつみ,穂積
ほづ,保都
ほづか,穂束
ほづき,保月
ほづみ,八月一日
ほづみ,八月朔日
ほづみ,保積
ほづみ,穂積
ほづみ,寳積
ほづみ,穗積
ほてい,布袋
ほていだ,布袋田
ほてはま,保手浜
ほてはま,保手濱
ほてや,布袋屋
ほとぎ,缶
ほとけざか,仏坂
ほとけざか,佛坂
ほとけぶち,仏淵
ほとけぶち,佛淵
ほとた,穂戸田
ほとだ,程田
ほとだ,保戸田
ほとだ,保土田
ほとだ,穂戸田
ほとづか,保戸（土へんに冢）
ほとはら,蛍原
ほとみ,保富
ほとやま,保戸山
ほとり,阿
ほとり,辺
ほどうち,程内
ほどかわ,程川
ほどくま,程熊
ほどさわ,保土澤
ほどしま,程島
ほどた,程田
ほどた,保土田
ほどだ,程田
ほどつか,程塚
ほどづか,程塚
ほどづか,保土（土へんに冢）
ほどの,程野
ほどはら,程原
ほどはら,保土原
ほどやま,程山
ほなが,保永
ほなみ,帆波
ほなみ,穂波
ほにし,帆西
ほにし,保西
ほの,保野
ほの,穂野
ほの,穗野
ほのうえ,穂上
ほのき,厚朴
ほのぶ,本母
ほのべ,保延
ほばら,保原
ほほえみ,微笑
ほぼ,粗
ほぼ,帆保
ほぼ,保々
ほぼ,保浦
ほぼ,保母
ほまえ,保前
ほまれだ,誉田
ほみ,保見
ほむら,穂村
ほめもと,保米本
ほもと,穂本
ほもり,甫守
ほや,穂谷
ほやした,穂屋下
ほやした,穗屋下
ほやなぎ,保柳
ほやの,梅干野
ほやの,保屋野
ほやの,穂谷野
ほやまつ,保屋松
ほゆう,保勇
ほよう,保要
ほら,洞
ほら,保良
ほらうち,洞内
ほらおく,洞奥
ほらがいと,洞垣内
ほらぐち,洞口
ほらげ,洞下
ほらさわ,洞沢
ほらさわ,洞澤
ほらた,洞田
ほらない,洞内
ほらの,洞野
ほらやま,洞山
ほり,保利
ほり,保里
ほり,芳里
ほり,堀
ほりあい,堀合
ほりい,堀井
ほりい,堀居
ほりいけ,堀池
ほりいし,堀石
ほりうち,堀内
ほりうみ,堀海
ほりえ,保理江
ほりえ,堀江
ほりえ,塹江
ほりお,堀生
ほりお,堀尾
ほりおか,堀岡
ほりかね,堀金
ほりかみ,堀上
ほりかわ,堀河
ほりかわ,堀川
ほりがね,堀金
ほりがみ,堀上
ほりき,堀木
ほりきた,堀北
ほりきり,堀切
ほりきりがわ,堀切川
ほりぐち,堀口
ほりけ,堀家
ほりけ,堀毛
ほりこ,堀古
ほりこ,堀子
ほりこし,堀越
ほりこみ,堀込
ほりごめ,堀込
ほりごめ,堀米
ほりごめ,堀篭
ほりごめ,堀籠
ほりさか,堀坂
ほりさき,堀崎
ほりさき,堀嵜
ほりさわ,堀沢
ほりさわ,堀澤
ほりした,堀下
ほりずみ,堀角
ほりずみ,堀住
ほりずみ,堀澄
ほりぞえ,堀添
ほりた,堀田
ほりたに,堀谷
ほりち,堀地
ほりつ,堀津
ほりつぎ,堀次
ほりつぐ,堀次
ほりで,堀出
ほりと,堀戸
ほりどめ,堀留
ほりなか,堀中
ほりなが,堀永
ほりにし,堀西
ほりの,堀埜
ほりの,堀野
ほりのうち,堀ノ内
ほりのうち,堀之内
ほりのきた,堀之北
ほりのくち,堀ノ口
ほりのくち,堀之口
ほりはた,堀端
ほりはた,堀畑
ほりはら,堀原
ほりば,堀場
ほりばた,堀端
ほりばやし,堀林
ほりぶち,堀淵
ほりぶち,堀渕
ほりべ,堀部
ほりべ,堀辺
ほりべ,堀邊
ほりまい,堀米
ほりまち,堀町
ほりまつ,堀松
ほりみ,堀見
ほりみぞ,堀溝
ほりむかい,堀向
ほりむら,堀村
ほりもと,堀元
ほりもと,堀本
ほりや,堀家
ほりや,堀谷
ほりやす,堀安
ほりやま,堀山
ほりわき,堀脇
ほろ,保呂
ほろいわ,袰岩
ほろた,保呂田
ほろた,母良田
ほろち,袰地
ほろむら,幌村
ほろや,袰屋
ほろわた,袰綿
ほんあみ,本阿弥
ほんあみ,本阿彌
ほんいでん,本位田
ほんうち,本内
ほんえ,本江
ほんかわ,本河
ほんかわ,本川
ほんがわ,本川
ほんがわら,本瓦
ほんがん,本元
ほんぎょう,本行
ほんくら,本藏
ほんぐう,本宮
ほんけ,本家
ほんけ,本計
ほんこ,本小
ほんご,本後
ほんご,本江
ほんごう,北郷
ほんごう,本郷
ほんごう,本江
ほんごう,本合
ほんさわ,本沢
ほんざ,本座
ほんざわ,本沢
ほんざわ,本澤
ほんしゅく,本宿
ほんしょ,本庶
ほんしょう,本勝
ほんしょう,本庄
ほんじ,本地
ほんじゅく,本宿
ほんじょ,本所
ほんじょ,本庶
ほんじょう,本庄
ほんじょう,本上
ほんじょう,本城
ほんじょう,本条
ほんじょう,本浄
ほんじょう,本荘
ほんじょう,本條
ほんじょう,本淨
ほんじょう,本莊
ほんじょうや,本庄谷
ほんじん,本陣
ほんず,本図
ほんず,本津
ほんずみ,本泉
ほんせい,本清
ほんた,本多
ほんたけ,本武
ほんたに,本谷
ほんたま,本玉
ほんだ,本多
ほんだ,本田
ほんだ,本夛
ほんだ,誉田
ほんだ,譽田
ほんだい,本台
ほんつ,本津
ほんづ,本津
ほんて,本手
ほんと,本登
ほんとう,本東
ほんど,本戸
ほんど,本渡
ほんどう,本東
ほんどう,本藤
ほんどう,本同
ほんどう,本堂
ほんどう,本道
ほんな,本名
ほんなか,本仲
ほんなべた,本鍋田
ほんなみ,本波
ほんなみ,本並
ほんなみ,本浪
ほんね,本根
ほんのう,本濃
ほんば,本場
ほんば,本葉
ほんぶ,本部
ほんぷ,本富
ほんべ,本部
ほんぼ,本保
ほんぼ,本母
ほんぼう,本坊
ほんぼう,本房
ほんぽ,本保
ほんま,本間
ほんま,本馬
ほんまつ,本末
ほんみ,本美
ほんむら,本村
ほんめ,本目
ほんもう,本望
ほんもと,本元
ほんや,本谷
ほんやしき,本屋敷
ほんりょう,本領
ぼう,坊
ぼう,房
ぼういけ,坊池
ぼうおか,坊岡
ぼうがき,坊垣
ぼうがきうち,坊垣内
ぼうき,坊木
ぼうご,防護
ぼうさか,坊坂
ぼうさこ,坊迫
ぼうした,坊下
ぼうじょう,坊上
ぼうじょう,坊城
ぼうぞの,坊薗
ぼうぞの,房園
ぼうだ,保田
ぼうだ,坊田
ぼうだ,帽田
ぼうだ,棒田
ぼうなか,坊中
ぼうにし,坊西
ぼうの,坊農
ぼうの,坊野
ぼうの,房野
ぼうのう,坊農
ぼうのした,坊ノ下
ぼうやしき,坊屋敷
ぼうやま,坊山
ぼく,朴
ぼくい,朴井
ぼくだ,木田
ぼくら,卜蔵
ぼそう,母倉
ぼた,甫田
ぼだいじ,菩提寺
ぼり,母里
ぼんこはら,盆子原
ぼんこばら,盆子原
ぼんの,盆野