かあい,嘉会
かあい,河相
かい,加井
かい,改
かい,改井
かい,開
かい,貝
かい,甲斐
かい,會
かい,楷
かいあみ,貝阿弥
かいあみ,貝阿彌
かいい,開井
かいえだ,海江田
かいお,海生
かいかけ,貝掛
かいかわ,海川
かいかわ,貝川
かいが,海賀
かいが,貝賀
かいがい,海外
かいがくら,海ヶ倉
かいがら,貝柄
かいがわ,貝川
かいき,改木
かいき,貝木
かいきた,海北
かいくち,貝口
かいくら,皆倉
かいぐち,開口
かいげ,海下
かいげ,界外
かいこ,海子
かいこう,開高
かいご,海後
かいご,飼牛
かいごう,皆合
かいごう,飼牛
かいごめ,開米
かいさか,開坂
かいさわ,貝沢
かいさん,海山
かいざか,開坂
かいざき,海（崎の大が立）
かいざき,海崎
かいざき,貝崎
かいざき,甲斐崎
かいざわ,開沢
かいざわ,開澤
かいざわ,貝沢
かいざわ,貝澤
かいざん,海山
かいしま,甲斐島
かいじま,貝島
かいじゅう,海住
かいじょう,海上
かいす,貝州
かいず,海津
かいずみ,海住
かいせ,海瀬
かいせ,皆瀬
かいせ,貝瀬
かいそ,鹿礒
かいぞう,海蔵
かいた,海田
かいた,貝田
かいたに,開谷
かいたに,貝谷
かいだ,介田
かいだ,廻田
かいだ,戒田
かいだ,改田
かいだ,海田
かいだ,開田
かいだ,貝田
かいだ,甲斐田
かいだ,買田
かいだい,海内
かいだに,皆谷
かいち,開地
かいつうまる,貝通丸
かいつか,貝塚
かいつじ,貝辻
かいづ,海津
かいづ,貝津
かいづか,貝（土へんに冢）
かいづか,貝塚
かいづま,海妻
かいて,飼手
かいて,買手
かいてや,買手屋
かいで,鶏冠井
かいでん,改田
かいでん,海田
かいでん,鶏冠井
かいと,海渡
かいと,階戸
かいと,垣内
かいと,墻内
かいとう,海東
かいとう,海藤
かいとう,海透
かいとう,皆藤
かいとう,開藤
かいとう,垣内
かいとく,海徳
かいど,海渡
かいど,峡戸
かいどう,改藤
かいどう,海東
かいどう,海藤
かいどう,海道
かいどう,皆藤
かいどう,開道
かいどう,階堂
かいどう,街道
かいない,海内
かいなか,甲斐中
かいなが,海永
かいなみ,海波
かいぬま,海沼
かいぬま,開沼
かいぬま,貝沼
かいぬま,甲斐沼
かいぬま,飼沼
かいね,海稲
かいの,改野
かいの,海野
かいの,貝野
かいの,會野
かいのう,戒能
かいのう,戎能
かいのしょう,甲斐荘
かいはた,貝畑
かいはつ,改発
かいはつ,改發
かいはつ,開発
かいはつ,貝發
かいはら,海原
かいはら,灰原
かいはら,開原
かいはら,貝原
かいば,海馬
かいば,飼馬
かいば,買場
かいばざわ,海馬沢
かいばざわ,海馬澤
かいばら,灰原
かいばら,貝原
かいばら,甲斐原
かいふ,海部
かいふく,海福
かいふち,海渕
かいふち,貝淵
かいぶき,貝吹
かいぶち,海渕
かいぶち,貝淵
かいべ,海部
かいべ,海辺
かいほ,海保
かいほう,海宝
かいほう,海法
かいほう,海寶
かいほう,海寳
かいほうし,貝方士
かいほこ,海鋒
かいほつ,開発
かいほつ,開發
かいほり,海堀
かいぼり,海堀
かいまい,開米
かいます,貝増
かいみ,海見
かいめん,海面
かいもと,海本
かいもと,皆元
かいもと,開元
かいもと,階本
かいもと,貝本
かいもり,貝森
かいや,戒屋
かいや,海谷
かいや,貝谷
かいやま,貝山
かいよう,回陽
かいらだ,皆良田
かいろう,海老
かいわ,海輪
かいわ,海和
かうたに,甲谷
かうち,加内
かうち,賀内
かえつ,加悦
かえつ,嘉悦
かえで,鶏冠井
かえで,楓
かえではら,楓原
かえりやま,帰山
かえりやま,歸山
かえん,火煙
かおる,薫
かかい,抱井
かかえ,抱
かかず,嘉数
かかず,賀数
かかみ,各務
かかむ,各務
かが,佳賀
かが,加我
かが,加賀
かが,可香
かが,嘉賀
かがい,加々井
かがい,利井
かがう,加賀宇
かがお,加々尾
かがくい,加岳井
かがさき,加賀崎
かがさわ,加賀沢
かがさわ,加賀澤
かがしま,加々島
かがじ,加々路
かがじょう,加賀城
かがた,加々田
かがた,加賀田
かがた,加形
かがた,利田
かがたに,加賀谷
かがつめ,加々爪
かがつめ,加賀爪
かがつめ,蚊爪
かがの,加賀野
かがのい,加賀野井
かがのみや,鏡宮
かがはら,加賀原
かがぶ,利部
かがみ,加々見
かがみ,加々美
かがみ,加賀見
かがみ,加賀美
かがみ,賀上
かがみ,各務
かがみ,鑑
かがみ,鏡
かがみ,鏡味
かがみ,香々見
かがみ,香美
かがみいし,鏡石
かがみたに,鏡谷
かがみだ,鏡田
かがみどう,鏡堂
かがみぬま,鏡沼
かがみはた,鏡畑
かがみはら,鏡原
かがみふち,鏡淵
かがみもり,鏡森
かがみや,鏡屋
かがみやま,鏡山
かがもと,加賀本
かがや,加々谷
かがや,加賀屋
かがや,加賀谷
かがや,河々谷
かがやま,加々山
かがやま,加賀山
かがら,加々良
かがら,加唐
かがり,明松
かがり,篝
かがわ,加河
かがわ,加賀川
かがわ,加川
かがわ,賀川
かがわ,香川
かがわ,鹿川
かき,加木
かき,嘉規
かき,垣
かき,柿
かきあげ,書上
かきいち,柿市
かきいわ,垣岩
かきうち,垣内
かきうち,柿内
かきえ,垣江
かきお,垣尾
かきおか,垣岡
かきおか,柿岡
かきかわ,垣川
かきがはら,垣ケ原
かきがはら,垣ヶ原
かきがわ,柿川
かきがわ,書川
かきき,柿木
かきぎ,垣木
かきぎ,柿木
かきくぼ,柿久保
かきぐち,垣口
かきさか,垣坂
かきさか,柿坂
かきさかい,柿境
かきさこ,垣迫
かきさこ,柿迫
かきさわ,垣澤
かきさわ,柿沢
かきさわ,柿澤
かきざかい,垣堺
かきざかい,柿堺
かきざき,柿（崎の大が立）
かきざき,柿崎
かきざき,柿嵜
かきざき,蛎崎
かきざき,蠣（崎の大が立）
かきざき,蠣崎
かきざこ,柿迫
かきざわ,柿沢
かきざわ,柿澤
かきした,垣下
かきした,柿下
かきしま,柿島
かきしま,柿嶋
かきしま,柿嶌
かきす,柿栖
かきぞえ,垣添
かきぞえ,垣副
かきぞえ,柿添
かきぞの,柿薗
かきた,垣田
かきた,柿田
かきたに,垣谷
かきたに,柿谷
かきだいら,柿平
かきだに,柿谷
かきち,垣地
かきつか,柿（土へんに冢）
かきつか,柿塚
かきつじ,垣辻
かきつば,垣鍔
かきつぼ,柿坪
かきづか,垣塚
かきづか,硴塚
かきとう,垣東
かきなか,柿中
かきなが,垣永
かきなみ,柿並
かきなり,柿成
かきぬき,垣貫
かきぬま,垣沼
かきぬま,柿沼
かきの,柿埜
かきの,柿野
かきの,硴野
かきのうえ,柿野上
かきのうち,垣野内
かきのき,柿ノ木
かきのき,柿木
かきのきはら,柿木原
かきのはな,垣花
かきはた,垣畑
かきはな,垣花
かきはな,柿花
かきはら,垣原
かきはら,柿原
かきはら,柿木原
かきば,柿葉
かきばや,蛎灰谷
かきばやし,柿林
かきひ,垣樋
かきひさ,蛎久
かきひら,垣平
かきひら,柿平
かきま,柿間
かきみ,垣見
かきみず,垣水
かきむら,嘉喜村
かきもと,加木元
かきもと,垣本
かきもと,柿元
かきもと,柿本
かきもり,柿森
かきや,垣矢
かきや,柿谷
かきやま,柿山
かきゅう,瑕丘
かぎ,加木
かぎ,嘉儀
かぎ,嘉義
かぎ,賀木
かぎ,鍵
かぎい,鍵井
かぎいち,鍵市
かぎおの,鍵小野
かぎざき,鍵崎
かぎた,鍵田
かぎたに,鍵谷
かぎとみ,鍵冨
かぎぬし,鍵主
かぎの,鍵埜
かぎの,鍵野
かぎはら,鍵原
かぎまさ,鍵政
かぎむら,鍵村
かぎもと,鍵本
かぎや,加木谷
かぎや,鍵屋
かぎや,鍵家
かぎや,鍵谷
かぎやま,鍵山
かぎやま,鑰山
かぎょう,加行
かぎわたり,鍵渡
かぎわだ,鍵和田
かく,佳久
かく,加九
かく,加来
かく,加來
かく,賀久
かく,賀来
かく,賀耒
かく,角
かく,郭
かくあげ,撹上
かくあげ,攪上
かくい,覚井
かくい,角井
かくいし,角石
かくいち,角市
かくうち,角内
かくうみ,角海
かくえ,角江
かくお,角尾
かくがみ,角上
かくがら,角柄
かくがわ,角川
かくげん,角玄
かくこう,覚幸
かくご,角五
かくさか,角坂
かくさわ,角沢
かくざき,角崎
かくざわ,角澤
かくしま,角島
かくしま,角嶋
かくしょ,角所
かくしょう,覚正
かくしょう,覺正
かくぜん,覚前
かくぜん,角前
かくた,加久田
かくた,覚田
かくた,角田
かくた,赫多
かくたに,角谷
かくだ,覚田
かくだ,角田
かくだい,角台
かくだて,角舘
かくち,覚知
かくち,覚地
かくち,角地
かくちやま,角地山
かくとう,角藤
かくど,角戸
かくどう,覚道
かくどう,角藤
かくどう,角堂
かくどう,角道
かくどう,角銅
かくどう,覺道
かくなか,角中
かくなが,角永
かくなみ,角波
かくに,加國
かくの,覚野
かくの,角埜
かくの,角野
かくの,覺野
かくのその,角之園
かくのだて,角舘
かくは,（角の田が甲）羽
かくはな,角花
かくはま,角浜
かくはま,角濱
かくはら,角原
かくはら,掴原
かくはり,覚張
かくばり,角張
かくぶち,角縁
かくほう,角方
かくぼ,鹿窪
かくま,加隈
かくま,覚間
かくま,角間
かくま,角真
かくま,鹿熊
かくま,覺間
かくまえ,覚前
かくまる,角丸
かくみ,神代
かくみつ,角光
かくむ,各務
かくめい,覚明
かくもと,覚元
かくもと,角元
かくもと,角本
かくもり,角森
かくや,角屋
かくや,角谷
かくや,角矢
かくやま,角山
かくやま,岳山
かくら,加倉
かくらい,加倉井
かくらい,家久来
かくらい,角瀬
かくれだ,隠田
かくれや,隠家
かくわ,各和
かくわ,格和
かくわ,角和
かぐち,加口
かぐち,家口
かぐち,賀口
かぐらおか,神楽岡
かぐり,加栗
かけ,加計
かけ,掛
かけ,懸
かけ,鹿毛
かけい,加計
かけい,掛井
かけい,筧
かけえ,掛江
かけお,懸尾
かけかわ,掛川
かけがい,掛貝
かけがみ,掛上
かけがみ,懸上
かけがわ,掛川
かけがわ,懸川
かけざわ,掛澤
かけした,掛下
かけした,筧下
かけじ,掛地
かけす,掛須
かけた,掛田
かけた,懸田
かけたか,懸高
かけたに,掛谷
かけたに,懸谷
かけたり,掛足
かけだ,掛田
かけだ,欠田
かけだ,懸田
かけだか,懸高
かけつか,掛塚
かけの,掛野
かけはし,掛橋
かけはし,桟
かけはし,梯
かけはた,掛端
かけはた,欠端
かけばやし,掛林
かけひ,垣見
かけひ,掛飛
かけひ,掛樋
かけひ,懸樋
かけひ,筧
かけふ,掛布
かけふだ,掛札
かけみ,掛見
かけみず,掛水
かけむら,掛村
かけもと,掛本
かけや,掛合
かけや,掛谷
かけやま,掛山
かげ,影
かげ,鹿毛
かげい,影井
かげいわ,陰岩
かげうじ,景宇治
かげうち,影内
かげうら,蔭浦
かげうら,影浦
かげうら,景浦
かげおか,影岡
かげき,影木
かげさ,影佐
かげさと,陰里
かげさわ,影沢
かげさわ,影澤
かげした,（陰の人の下が長）下
かげしま,影島
かげしま,折谷
かげじ,影治
かげた,蔭田
かげた,影田
かげたくぼ,影田久保
かげたに,蔭谷
かげたに,影谷
かげちか,影近
かげと,影戸
かげの,景野
かげはら,影原
かげばやし,影林
かげひさ,陰久
かげひら,蔭平
かげひら,陰平
かげひら,影平
かげひら,景平
かげまさ,景政
かげめ,影目
かげもと,影本
かげもり,景森
かげや,影矢
かげやま,蔭山
かげやま,陰山
かげやま,影山
かげやま,景山
かげゆ,勘解由
かげゆ,景由
かげん,加減
かげん,家現
かこ,加古
かこ,加固
かこ,加子
かこ,賀古
かこい,囲
かこい,圍
かこい,栫
かこい,栫井
かこいやま,栫山
かこう,加甲
かこう,加香
かこう,賀光
かこう,賀好
かこう,鹿子生
かこお,鹿子生
かこがわ,水主川
かこのぎ,鹿子木
かご,加後
かご,加護
かご,篭
かご,籠
かごい,籠居
かごいけ,籠池
かごうら,籠浦
かごお,篭尾
かごお,籠尾
かごくら,籠倉
かごさき,籠崎
かごしま,鹿子島
かごしま,鹿子嶋
かごしま,鹿児島
かごしま,神子島
かごしま,篭島
かごしま,籠島
かごせ,籠瀬
かごたに,篭谷
かごたに,籠谷
かごの,加護野
かごはし,篭橋
かごはし,籠橋
かごはら,篭原
かごばやし,籠林
かごみや,籠宮
かごもと,籠本
かごや,籠谷
かごやま,篭山
かごろく,賀籠六
かごろく,鹿籠六
かさ,笠
かさい,可西
かさい,河西
かさい,笠井
かさい,葛西
かさい,香西
かさいし,笠石
かさうら,笠浦
かさえ,笠江
かさお,笠尾
かさおか,笠岡
かさおき,笠置
かさか,加坂
かさかわ,笠川
かさがき,笠垣
かさがけ,笠掛
かさがわ,笠川
かさき,加（崎の大が立）
かさき,笠置
かさき,笠木
かさき,傘木
かさぎ,笠置
かさぎ,笠木
かさくら,笠倉
かささく,笠作
かさしま,笠島
かさしま,笠嶋
かさじま,笠島
かさじま,笠嶋
かさたに,笠谷
かさだ,笠田
かさつき,笠月
かさつぐ,笠告
かさとり,笠鳥
かさど,笠戸
かさなが,笠永
かさなみ,笠浪
かさぬき,笠貫
かさの,笠野
かさのいん,花山院
かさはた,笠畑
かさはら,笠原
かさば,笠羽
かさひ,重昆
かさま,笠間
かさまき,笠巻
かさます,笠舛
かさまつ,笠松
かさまつ,重松
かさみ,笠見
かさみ,嵩
かさみずかみ,笠水上
かさむら,笠村
かさも,笠茂
かさも,笠毛
かさもり,笠森
かさや,笠谷
かさやま,笠山
かさゆき,笠行
かさわ,笠輪
かさんのいん,花山院
かざあな,風穴
かざおか,風岡
かざおれ,風折
かざぐち,風口
かざし,嘉指
かざたに,風谷
かざと,風戸
かざはや,風早
かざはり,風張
かざま,風間
かざまき,風巻
かざまつり,風祭
かざみ,風見
かざもと,風本
かざり,飾
かざり,文
かざり,錺
かざわ,何澤
かざわ,加沢
かざわ,加澤
かざわ,賀澤
かし,加志
かし,家始
かし,菓子
かし,樫
かし,橿
かしい,加椎
かしい,菓子井
かしい,樫井
かしい,香椎
かしい,柏井
かしうら,樫浦
かしお,加塩
かしお,菓子尾
かしお,樫尾
かしお,柏尾
かしおか,柏岡
かしかわ,樫川
かしき,樫木
かしきえ,炊江
かしくぼ,樫久保
かしくら,柏倉
かしざき,樫崎
かしざき,柏（崎の大が立）
かしざわ,樫澤
かしたに,樫谷
かしたに,柏谷
かしだ,菓子田
かしだ,樫田
かしづか,樫塚
かしとう,樫東
かしなが,樫永
かしね,樫根
かしの,菓子野
かしの,樫埜
かしの,樫野
かしの,柏野
かしのうら,槝之浦
かしのき,樫木
かしはら,樫原
かしはら,橿原
かしはら,柏原
かしば,加柴
かしば,樫葉
かしば,柏葉
かしばやし,樫林
かしひら,樫平
かしふく,樫福
かしぶち,橿淵
かしぶち,橿渕
かしぶち,柏渕
かしべ,樫部
かしま,加島
かしま,加嶋
かしま,賀嶋
かしま,香島
かしま,鹿島
かしま,鹿嶋
かしま,鹿嶌
かしまた,柏俣
かしまたに,加島谷
かしまだ,鹿島田
かしむら,樫村
かしむら,橿村
かしむら,鹿志村
かしむら,柏村
かしもと,樫本
かしもと,橿本
かしもと,柏本
かしもり,樫森
かしゃくま,嘉者熊
かしやえ,樫八重
かしやぐら,柏矢倉
かしやま,樫山
かしやま,白檮山
かしゅう,加洲
かしゅう,賀集
かしょう,加生
かしょう,香庄
かしょうじ,嘉祥寺
かしら,孟
かしらくぼ,頭久保
かしらじま,頭島
かしろ,嘉代
かしろ,香城
かしわ,柏
かしわい,柏井
かしわき,樫脇
かしわき,柏木
かしわぎ,柏樹
かしわぎ,柏木
かしわくら,柏倉
かしわぐち,柏口
かしわぐま,柏熊
かしわぐら,柏倉
かしわざか,柏坂
かしわざき,柏崎
かしわじ,柏次
かしわせ,柏（瀬の頁が刀の下に貝）
かしわせ,柏瀬
かしわだ,柏田
かしわだに,柏谷
かしわで,柏手
かしわど,柏戸
かしわの,柏野
かしわば,柏葉
かしわばた,柏端
かしわばら,柏原
かしわばわ,柏原
かしわまた,柏俣
かしわむら,柏村
かしわめ,柏女
かしわや,柏谷
かしわやなぎ,栢柳
かしわやなぎ,柏柳
かしわら,柏原
かしん,嘉信
かじ,加持
かじ,加治
かじ,加地
かじ,可児
かじ,嘉治
かじ,嘉地
かじ,嘉冶
かじ,家治
かじ,梶
かじ,鍛
かじ,鍛治
かじ,鍛冶
かじ,楫
かじ,鍜冶
かじい,梶井
かじうめ,梶梅
かじうら,梶浦
かじお,梶尾
かじおう,梶應
かじおか,梶岡
かじか,梶賀
かじかざわ,鰍澤
かじかわ,加治川
かじかわ,梶河
かじかわ,梶川
かじかわ,柁川
かじかわ,鍛治川
かじかわ,鍛冶川
かじがき,梶垣
かじがや,梶ヶ谷
かじき,加治木
かじき,梶木
かじきや,梶木屋
かじきよ,梶清
かじく,加治工
かじくり,梶栗
かじさ,加治佐
かじさき,梶崎
かじさこ,梶佐古
かじさわ,梶澤
かじさわ,鍛冶澤
かじざき,梶崎
かじしま,梶島
かじしゃ,鍛冶舎
かじた,梶田
かじた,鍛治田
かじた,鍛冶田
かじた,楫田
かじたに,梶谷
かじたに,柁谷
かじたに,鍛治谷
かじつか,梶塚
かじづか,梶（土へんに冢）
かじづか,梶塚
かじとり,楫取
かじなみ,梶並
かじにし,楫西
かじぬま,梶沼
かじの,梶野
かじはま,梶浜
かじはら,梶原
かじはら,柁原
かじはら,鍛原
かじはら,鍛冶原
かじばやし,梶林
かじふさ,梶房
かじほ,梶保
かじま,加島
かじま,賀島
かじま,梶間
かじま,鹿島
かじま,鍜島
かじまえ,加治前
かじむら,梶村
かじもと,梶本
かじもと,鍛冶本
かじや,加治屋
かじや,加治家
かじや,梶屋
かじや,梶家
かじや,梶谷
かじや,梶矢
かじや,鍛治谷
かじや,鍛冶谷
かじや,楫屋
かじやしき,鍛冶屋敷
かじやま,華地山
かじやま,梶山
かじやま,鍛治山
かじやま,楮山
かじよし,梶芳
かじり,加尻
かじろ,上代
かじろ,神代
かじろ,神白
かじわき,梶脇
かじわら,梶原
かじわら,柁原
かじわら,鍛原
かすい,香水
かすい,糟井
かすい,粕井
かすう,嘉数
かすえ,加須栄
かすえ,霞末
かすお,粕尾
かすかべ,春日部
かすかべ,粕壁
かすかわ,糟川
かすかわ,粕川
かすが,春日
かすがい,春日井
かすがかわ,春日川
かすががわ,春日川
かすがはら,春日原
かすがや,春日谷
かすがや,粕加屋
かすたに,糟谷
かすたに,粕谷
かすだ,粕田
かすの,糟野
かすぶち,粕渕
かすみ,霞
かすみ,鹿住
かすみ,春見
かすや,加須屋
かすや,糟屋
かすや,糟谷
かすや,粕谷
かず,数
かずい,数井
かずい,數井
かずいえ,数家
かずえ,数江
かずおか,数岡
かずかわ,数川
かずき,香月
かずさ,葛佐
かずさ,上総
かずさ,上總
かずさ,数佐
かずさ,數佐
かずた,数田
かずなが,数永
かずの,数野
かずの,數野
かずのう,数納
かずのう,數納
かずはら,数原
かずま,数間
かずま,数馬
かずみ,一見
かずみ,鹿住
かずみ,数見
かずみ,數見
かずむら,数村
かずもと,数本
かずもと,楮本
かずもり,数森
かずやま,和山
かせ,加瀬
かせ,加勢
かせ,可瀬
かせ,嘉（瀬の頁が刀の下に貝）
かせ,嘉瀬
かせ,嘉勢
かせい,加勢
かせい,加清
かせい,賀勢
かせい,活芬
かせがい,加瀬谷
かせき,可世木
かせざわ,加瀬沢
かせたに,加瀬谷
かせたに,綛谷
かせだ,（悴の卒が九の下に十）田
かせだ,加世多
かせだ,加世田
かせだ,加瀬田
かせだ,加勢田
かせだ,悴田
かせだ,忰田
かせだ,綛田
かせの,加瀬野
かせべ,加瀬部
かせま,加瀬間
かせむら,綛村
かせや,加瀬谷
かせや,綛谷
かせやま,忰山
かせやま,綛山
かぜ,嘉瀬
かぜ,風
かぜおか,風岡
かぜかみ,風神
かぜき,風木
かぜたに,風谷
かぜの,風野
かぜはや,風早
かぜはや,風隼
かぜはれ,風晴
かぜもと,風本
かその,加園
かそり,加曾利
かそり,加曽利
かそり,加反
かぞう,加増
かた,片
かた,方
かたい,形井
かたい,片井
かたい,片居
かたいぎ,片居木
かたいし,片石
かたいた,片板
かたうみ,片海
かたうら,形浦
かたうら,片浦
かたえ,片江
かたお,堅尾
かたお,片尾
かたおか,潟岡
かたおか,片岡
かたおり,片折
かたかい,片貝
かたかべ,片伯部
かたかみ,片上
かたかわ,片川
かたがい,片貝
かたがた,片方
かたがみ,片上
かたがわ,片河
かたがわ,片川
かたがわ,方川
かたき,片木
かたきだ,柄木田
かたきり,片桐
かたぎ,加田木
かたぎ,堅木
かたぎ,片木
かたぎく,片菊
かたぎし,片岸
かたぎり,片桐
かたくせ,交久瀬
かたくら,片倉
かたくら,方倉
かたぐち,片口
かたけ,鹿嶽
かたさかい,片境
かたざ,片（坐の左上の人が口）
かたざかい,片境
かたしお,片塩
かたしば,片芝
かたしま,片島
かたしま,片嶌
かたしろ,片白
かたじ,片地
かたせ,片瀬
かたた,堅田
かたた,片田
かたたに,角谷
かたたに,片谷
かただ,潟田
かただ,形田
かただ,堅田
かただ,片多
かただ,片田
かたなざわ,刀澤
かたなづか,刀塚
かたなや,刀谷
かたに,加谷
かたにし,片西
かたにわ,片庭
かたぬま,潟沼
かたぬま,片沼
かたね,片根
かたの,形野
かたの,肩野
かたの,交野
かたの,片野
かたのさか,片ノ坂
かたのさか,片野坂
かたのざか,片野坂
かたのだ,片野田
かたはし,片橋
かたはた,片畑
かたはら,形原
かたはら,片原
かたはらだ,片原田
かたば,片場
かたばみ,方喰
かたばみ,方波見
かたひら,加田平
かたひら,片平
かたびら,帷
かたびら,帷子
かたふち,潟渕
かたふち,片淵
かたふち,片渕
かたぶち,潟渕
かたぶち,片淵
かたぶち,片渕
かたべ,形部
かたまち,片町
かたまつ,片松
かたみ,形見
かたみね,片峰
かたみね,片峯
かたむら,片村
かたもと,形本
かたもと,片本
かたや,片谷
かたや,片矢
かたやなぎ,片柳
かたやま,形山
かたやま,堅山
かたやま,片山
かたやま,方山
かたやま,縣山
かたよせ,片寄
かたより,片寄
かたらお,荊尾
かたわき,片脇
かだ,加太
かだ,加田
かだ,嘉田
かだ,蚊田
かだ,賀田
かだ,鍜田
かだん,花壇
かち,加知
かち,加地
かち,加智
かち,可知
かち,賀知
かち,勝
かぢ,加地
かぢつか,梶塚
かぢもと,梶本
かぢわら,梶原
かっさい,葛西
かっせき,葛石
かっち,甲地
かっち,勝地
かって,勝手
かっとう,甲藤
かっぱい,合羽井
かつ,加津
かつ,葛
かつ,且
かつ,勝
かつ,勝津
かつい,葛井
かつい,勝井
かついえ,勝家
かつうみ,勝海
かつうら,勝浦
かつお,勝尾
かつおか,勝岡
かつかた,勝方
かつかわ,勝川
かつき,甲木
かつき,香月
かつき,勝木
かつくら,勝倉
かつさい,葛西
かつさこ,葛迫
かつざき,勝崎
かつざわ,勝澤
かつしま,勝島
かつせ,勝世
かつせ,勝瀬
かつせこ,葛迫
かつた,葛田
かつた,勝田
かつたに,葛谷
かつたに,勝谷
かつだ,勝田
かつち,勝地
かつとう,甲藤
かつなが,勝永
かつにし,勝西
かつぬま,勝沼
かつね,勝根
かつの,鹿角
かつの,勝野
かつのい,勝野井
かつはた,勝畑
かつはら,葛原
かつはら,且原
かつはら,勝原
かつば,勝場
かつば,勝葉
かつひら,勝平
かつふじ,勝藤
かつべ,勝部
かつま,葛馬
かつま,勝間
かつま,勝眞
かつまた,勝間田
かつまた,勝股
かつまた,勝亦
かつまた,勝俣
かつまた,勝又
かつまる,勝丸
かつみ,且見
かつみ,勝見
かつみ,勝美
かつみや,勝宮
かつむら,勝村
かつめ,勝目
かつめい,勝命
かつもと,且元
かつもと,勝元
かつもと,勝本
かつもり,勝守
かつもり,勝森
かつや,鰹谷
かつや,勝屋
かつや,勝谷
かつや,勝矢
かつやま,嘉津山
かつやま,葛山
かつやま,堪山
かつやま,勝山
かつら,葛良
かつら,桂
かつら,勝良
かつら,曽良
かつらい,葛井
かつらい,桂井
かつらうま,葛馬
かつらかわ,桂川
かつらがわ,桂川
かつらぎ,葛城
かつらぎ,桂樹
かつらぎ,桂城
かつらぎ,桂木
かつらく,勝楽
かつらさこ,葛迫
かつらざわ,桂澤
かつらしま,桂島
かつらしま,桂嶋
かつらだ,葛田
かつらだ,桂田
かつらだけ,桂嶽
かつらの,桂野
かつらはた,桂畑
かつらばやし,桂林
かつらまき,桂巻
かつらもと,桂本
かつらやま,葛山
かつらやま,桂山
かつれん,勝連
かつろ,勝呂
かつわた,葛綿
かづき,香月
かづの,鹿角
かづめ,蚊爪
かづらやま,葛山
かてかり,嘉手苅
かてがり,嘉手苅
かてがる,嘉手刈
かてがる,嘉手苅
かてがわ,嘉手川
かてな,嘉手納
かでかる,嘉手苅
かでかわ,嘉手川
かでな,嘉手納
かでのこうじ,勘解由小路
かと,下戸
かと,加戸
かと,加登
かと,嘉戸
かと,蚊戸
かとう,加登
かとう,加藤
かとう,嘉藤
かとう,歌藤
かとう,歌頭
かとう,河東
かとう,華藤
かとう,賀東
かとう,賀藤
かとう,香藤
かとうぎ,加藤木
かとうだ,加藤田
かとうだ,嘉藤田
かとうだ,河東田
かとうの,上遠野
かとおの,上遠野
かとく,家徳
かとだ,加登田
かとみ,加登見
かとや,加登屋
かとり,加鳥
かとり,香取
かとり,鹿取
かとり,楫取
かど,加戸
かど,加渡
かど,嘉戸
かど,賀戸
かど,角
かど,鹿渡
かど,門
かど,門戸
かどい,門井
かどいし,角石
かどいわ,門岩
かどう,加堂
かどう,加道
かどう,嘉堂
かどう,荷堂
かどうの,上遠野
かどうみ,角海
かどお,角尾
かどおか,角岡
かどおか,門岡
かどおの,上遠野
かどかき,門垣
かどかみ,門上
かどかわ,角川
かどかわ,門川
かどかわ,楞川
かどがき,門垣
かどがみ,門上
かどがわ,加道川
かどがわ,門側
かどき,門木
かどき,闥木
かどくら,角倉
かどくら,門倉
かどぐち,角口
かどぐち,門口
かどさか,門坂
かどさか,門阪
かどさき,角崎
かどさき,門崎
かどさき,門前
かどさし,角指
かどさわ,角沢
かどさわ,門澤
かどざき,角崎
かどしげ,角重
かどした,門下
かどしま,角島
かどしま,角嶋
かどしま,葛島
かどしま,門島
かどしま,門嶋
かどた,角田
かどた,門多
かどた,門田
かどた,廉田
かどたに,角谷
かどたに,門谷
かどたに,楞谷
かどたやしき,門田屋敷
かどなが,門永
かどなが,門長
かどの,角埜
かどの,角能
かどの,角野
かどの,葛野
かどの,上遠野
かどの,門野
かどの,稜野
かどのその,門之園
かどはし,門橋
かどはた,門畑
かどはま,角浜
かどはら,角原
かどはら,門原
かどばやし,門林
かどひさ,門久
かどひら,門平
かどひろ,門廣
かどふく,門福
かどま,門間
かどま,門磨
かどまえ,角前
かどます,角桝
かどまつ,門松
かどむら,角村
かどむら,門村
かどもと,角本
かどもと,門元
かどや,格谷
かどや,角屋
かどや,角家
かどや,角舎
かどや,角谷
かどや,角矢
かどや,門屋
かどや,門家
かどや,門矢
かどやしき,角屋敷
かどやなぎ,角柳
かどやま,角山
かどやま,門山
かどゆ,角湯
かどりく,角陸
かどわき,加登脇
かどわき,角脇
かどわき,門脇
かなあき,金秋
かなあみ,金編
かない,叶井
かない,金井
かない,金居
かないし,金石
かないずか,金井（土へんに冢）
かないずみ,金泉
かないだ,金井田
かないづか,金井（土へんに冢）
かないづか,金井塚
かないで,金出
かないわ,金岩
かなう,金宇
かなうじ,金氏
かなうち,叶内
かなうち,金内
かなうみ,金海
かなえ,金江
かなえ,鼎
かなえだ,金枝
かなお,金生
かなお,金尾
かなお,鐘尾
かなおか,金岡
かなおや,金親
かなおや,金生谷
かなおり,金折
かなか,金中
かなか,香中
かなか,鹿中
かなが,嘉寿
かながえ,金ヶ江
かながき,金垣
かながき,金柿
かながき,金墻
かながさき,金ヶ崎
かながみ,金上
かながわ,金川
かながわ,神奈川
かなき,金木
かなきち,金吉
かなくち,金口
かなくつ,金究
かなくぼ,金久保
かなくら,金倉
かなぐち,鉛口
かなぐち,金口
かなぐり,金栗
かなさか,金坂
かなさき,金咲
かなさき,金崎
かなさく,金作
かなさし,金指
かなざ,金座
かなざき,金崎
かなざし,金刺
かなざし,金指
かなざわ,金沢
かなざわ,金澤
かなしき,金敷
かなしき,金鋪
かなしげ,金重
かなしげ,金繁
かなしま,金島
かなしろ,金城
かなしろ,金代
かなじ,金治
かなじ,金地
かなす,金須
かなすぎ,金杉
かなずみ,金住
かなせ,金瀬
かなせき,金関
かなた,金田
かなたき,金滝
かなたに,叶谷
かなたに,金谷
かなだ,叶田
かなだ,金田
かなだに,金谷
かなち,金地
かなつ,金津
かなつか,金塚
かなつき,金築
かなつき,金附
かなつぐ,金次
かなつじ,金辻
かなづ,金津
かなづか,金（土へんに冢）
かなづか,金塚
かなづめ,金集
かなで,金出
かなとみ,金富
かなとみ,金冨
かなど,金戸
かなどう,叶堂
かなどう,金堂
かなどめ,京
かなはし,金橋
かなはし,金端
かなはま,金浜
かなはら,金原
かなはら,鐵原
かなばやし,金林
かなひら,金平
かなふさ,金房
かなふだ,金札
かなぶし,金伏
かなぶち,金淵
かなぶち,金渕
かなべ,加邉
かなべ,金邊
かなべ,金邉
かなほ,金保
かなほり,金堀
かなまき,金巻
かなまさ,金政
かなまた,金俣
かなまつ,金松
かなまる,金丸
かなまる,神余
かなみ,加波
かなみ,金見
かなみつ,金光
かなみや,金宮
かなむら,金村
かなむろ,金室
かなめ,要
かなめだ,要田
かなもと,叶本
かなもと,金本
かなもの,金物
かなもり,金守
かなもり,金森
かなもり,金盛
かなもり,鉄穴森
かなもり,鐵穴森
かなや,叶屋
かなや,金屋
かなや,金谷
かなや,金彌
かなや,兼谷
かなやうち,金谷内
かなやま,加奈山
かなやま,金山
かなゆき,金行
かなり,加成
かなり,嘉成
かなり,金成
かなわ,金輪
かなわ,金和
かなわき,金脇
かに,可児
かに,可兒
かに,嘉仁
かに,蟹
かにい,蟹井
かにいけ,蟹池
かにえ,蟹江
かにさわ,蟹沢
かにさわ,蟹澤
かにし,香西
かにしま,可児島
かにせ,蟹瀬
かにた,蟹田
かにたに,蟹谷
かにまき,蟹巻
かにもと,蟹本
かにやしき,蟹屋敷
かにやま,蟹山
かにわ,加庭
かにわ,鹿庭
かぬか,嘉糠
かぬか,鹿糠
かぬま,可沼
かぬま,鹿沼
かぬま,神沼
かね,加根
かね,金
かねい,金井
かねい,兼為
かねい,兼井
かねい,鐘井
かねい,鐘居
かねいし,金石
かねいし,兼石
かねいた,兼板
かねいり,金入
かねいわ,兼岩
かねうじ,金氏
かねうち,金内
かねうみ,金海
かねうら,兼浦
かねえだ,金枝
かねお,金尾
かねお,兼尾
かねおか,金岡
かねおか,兼岡
かねおけ,金桶
かねおや,金親
かねおり,兼折
かねかす,金粕
かねかだん,兼箇段
かねかつ,金勝
かねかま,金釜
かねかわ,金川
かねが,金賀
かねがい,金替
かねがえ,金ケ江
かねがえ,金替
かねがえ,鐘ケ江
かねがえ,鐘ヶ江
かねがえ,鐘江
かねがき,金垣
かねがはら,金ヶ原
かねがわ,金川
かねがわ,鐘川
かねき,金生
かねき,金木
かねき,兼城
かねきよ,金清
かねきよ,兼清
かねきよ,包清
かねくに,包国
かねくぼ,金久保
かねくら,金蔵
かねくら,金藏
かねぐち,金口
かねこ,金古
かねこ,金湖
かねこ,金香
かねこ,金子
かねこ,金児
かねこ,金兒
かねこ,金籠
かねこ,兼古
かねこ,兼子
かねこ,兼児
かねこ,包子
かねさ,金佐
かねさか,金坂
かねさか,兼坂
かねさき,兼崎
かねさく,金作
かねさし,金刺
かねさだ,金定
かねさだ,兼貞
かねさと,金里
かねざき,金（崎の大が立）
かねざき,金崎
かねざし,金刺
かねざわ,金澤
かねざわ,兼沢
かねし,兼次
かねしげ,金重
かねしげ,兼重
かねした,金下
かねした,鐘下
かねしな,金品
かねしま,金島
かねしま,金嶋
かねしま,兼島
かねしろ,金城
かねしろ,金代
かねしろ,兼城
かねじ,金治
かねじま,兼島
かねじょう,金上
かねすえ,金末
かねせ,金瀬
かねせ,兼瀬
かねせき,金関
かねそ,金曽
かねた,金田
かねた,兼田
かねたか,金高
かねたか,兼高
かねたき,金瀧
かねたけ,金武
かねたけ,兼武
かねただ,金只
かねたに,金谷
かねだ,金田
かねだ,兼田
かねちか,金親
かねちか,兼近
かねちく,兼築
かねつき,金築
かねつき,鐘搗
かねつぐ,兼次
かねつな,金綱
かねつね,金常
かねづか,金塚
かねてら,金寺
かねと,金戸
かねと,金刃
かねと,金刀
かねとう,金藤
かねとう,金任
かねとう,兼頭
かねとき,兼時
かねとし,兼歳
かねとし,兼俊
かねとし,兼利
かねとも,金友
かねなか,金中
かねなか,兼中
かねなが,金永
かねなが,金長
かねなが,兼永
かねなり,金成
かねなわ,金縄
かねにし,金西
かねにし,兼西
かねにわ,金庭
かねの,金野
かねのぶ,兼述
かねのぶ,兼信
かねはし,兼橋
かねはち,兼八
かねはま,金浜
かねはま,金濱
かねはら,金原
かねはら,兼原
かねば,金場
かねばこ,金箱
かねばやし,金林
かねひさ,金久
かねひさ,兼久
かねひょう,金兵
かねひら,金平
かねひら,兼平
かねひろ,金広
かねひろ,金廣
かねひろ,兼寛
かねひろ,兼広
かねひろ,兼弘
かねひろ,兼廣
かねふさ,兼房
かねふじ,金藤
かねふじ,兼藤
かねぶち,曲渕
かねぶち,金渕
かねほり,金堀
かねほり,兼堀
かねま,兼間
かねまき,印牧
かねまき,金巻
かねまき,金牧
かねまき,鐘巻
かねまさ,金政
かねまさ,金正
かねます,金益
かねます,金升
かねます,金舛
かねます,金桝
かねます,兼桝
かねまた,金又
かねまつ,金松
かねまつ,兼松
かねまる,金丸
かねまる,兼丸
かねみ,金見
かねみつ,金光
かねみつ,金三津
かねみつ,金満
かねみつ,兼光
かねむね,兼宗
かねむら,金村
かねむら,兼村
かねもち,金持
かねもと,金元
かねもと,金本
かねもと,兼元
かねもと,兼本
かねもと,鐘本
かねもり,金森
かねもり,兼森
かねや,金屋
かねや,金谷
かねや,兼屋
かねやしき,金屋敷
かねやす,金安
かねやす,金保
かねやす,兼安
かねやす,兼保
かねやま,加祢山
かねやま,金山
かねやま,兼山
かねゆき,金行
かねゆき,兼行
かねゆき,包行
かねよし,金吉
かねよし,金好
かねよし,金善
かねよし,金芳
かねよし,兼吉
かねわか,兼若
かねわき,金脇
かの,加埜
かの,加納
かの,加野
かの,可野
かの,嘉野
かの,蚊野
かの,叶
かの,鹿野
かの,狩野
かの,假野
かのう,加納
かのう,加能
かのう,嘉納
かのう,家納
かのう,稼農
かのう,叶
かのう,金生
かのう,鹿生
かのう,鹿能
かのう,狩野
かのうざわ,叶澤
かのうち,叶内
かのうや,叶谷
かのえ,鹿江
かのおか,鹿岡
かのこ,鹿ノ子
かのこ,鹿子
かのこぎ,鹿子木
かのしま,鹿野島
かのしま,彼島
かのすえ,鹿末
かのすえ,彼末
かのせ,鹿瀬
かのそ,鹿礒
かのたま,鹿俣
かのだ,鹿野田
かのまた,鹿股
かのまた,鹿俣
かのまた,鹿又
かのみ,嘉ノ海
かのみ,狩野見
かのめ,鹿目
かのや,加ノ矢
かのや,鹿野谷
かのや,彼ノ矢
かはた,加畑
かはら,加原
かはら,香原
かはる,香春
かば,加幡
かば,椛
かば,蒲
かばい,樺井
かばさわ,加羽沢
かばさわ,加羽澤
かばさわ,椛沢
かばさわ,椛澤
かばさわ,樺沢
かばさわ,樺澤
かばさわ,蒲沢
かばしま,椛島
かばしま,椛嶋
かばしま,樺島
かばしま,樺嶋
かばしま,蒲島
かばじま,椛島
かばじま,樺島
かばた,加幡
かばた,加畑
かばた,加畠
かばた,加葉田
かばた,椛田
かばたに,樺谷
かばむら,香葉村
かばもと,椛本
かばや,蒲谷
かばやま,椛山
かばやま,樺山
かばやま,蕪山
かばら,賀原
かばら,鹿原
かぱた,加畑
かひょう,華表
かびら,川平
かふく,加福
かぶ,加峯
かぶお,蕪尾
かぶき,株木
かぶき,冠木
かぶき,蕪木
かぶた,株田
かぶたん,株丹
かぶち,鹿渕
かぶと,加太
かぶと,加部東
かぶと,兜
かぶと,甲
かぶとう,加部東
かぶともり,兜森
かぶとや,甲谷
かぶはし,株橋
かぶもと,株本
かぶやなぎ,株柳
かぶやね,株屋根
かぶやま,蕪山
かぶら,蕪
かぶらき,鏑木
かぶらき,蕪城
かぶらき,蕪木
かぶらぎ,冠城
かぶらぎ,鏑木
かぶらぎ,蕪城
かぶらぎ,蕪木
かべ,加部
かべ,加辺
かべ,可部
かべ,嘉部
かべ,河辺
かべ,鴨部
かべ,壁
かべい,壁井
かべうち,壁内
かべぎし,壁岸
かべした,壁下
かべしま,壁島
かべた,壁田
かべたに,可部谷
かべの,可部野
かべもと,河部本
かべもと,壁本
かべや,壁屋
かべや,壁谷
かべや,壁矢
かべやさわ,壁谷澤
かべやま,我部山
かほ,下保
かぼし,加星
かま,蒲
かま,釜
かま,鎌
かまい,釜井
かまい,鎌居
かまい,構
かまいけ,釜池
かまいし,釜石
かまう,蒲生
かまうち,釜内
かまうち,鎌内
かまうら,鎌浦
かまえ,釜江
かまえ,鎌江
かまえ,構
かまえ,搆
かまえぐち,搆口
かまお,鎌尾
かまかみ,鎌上
かまかり,鎌苅
かまかわ,鎌川
かまが,釜我
かまが,釜賀
かまがさわ,釜ヶ澤
かまがた,釜形
かまがた,鎌形
かまがはら,蒲ケ原
かまき,釜木
かまくら,釜倉
かまくら,鎌倉
かまぐち,釜口
かまぐち,鎌口
かまこし,鎌腰
かまごめ,鎌込
かまさか,釜坂
かまさき,釜崎
かまさき,鎌崎
かまさこ,鎌迫
かまさわ,蒲澤
かまざき,鎌崎
かまざわ,蒲澤
かまざわ,釜澤
かまざわ,鎌澤
かました,鎌下
かましま,釜島
かましま,鎌島
かまじ,釜地
かます,釜須
かますず,釜鈴
かませ,釜瀬
かまた,蒲田
かまた,釜田
かまた,鎌田
かまた,鎗田
かまたき,鎌滝
かまたに,釜谷
かまたに,鎌谷
かまたり,鎌足
かまだ,釜田
かまだ,鎌田
かまだ,兒玉
かまだい,釜台
かまち,蒲地
かまち,蒲池
かまつ,嘉松
かまつか,一尺八寸
かまつか,鎌（土へんに冢）
かまつか,鎌塚
かまつき,釜付
かまつだ,釜津田
かまづか,一尺八寸
かまづか,鎌塚
かまと,鎌戸
かまとこ,釜床
かまど,釜戸
かまど,釜土
かまど,鎌土
かまど,竈
かまなか,鎌仲
かまなり,釜鳴
かまなる,釜鳴
かまの,釜埜
かまの,釜野
かまの,鎌野
かまはら,蒲原
かまはら,釜原
かまはら,鎌原
かまば,釜場
かまぶち,釜淵
かまべ,鎌部
かまほら,釜洞
かまほり,釜堀
かまむた,蒲牟田
かまもと,釜本
かまもと,鎌本
かまもと,竈本
かまもり,鎌森
かまや,釜屋
かまや,釜谷
かまや,鎌谷
かまや,釡谷
かまやち,釜萢
かまやま,釜山
かみ,加美
かみ,嘉見
かみ,紙
かみ,上
かみ,上見
かみ,神
かみあか,上赤
かみあきと,上明戸
かみあくつ,上圷
かみあらいそ,上荒磯
かみい,紙井
かみい,上井
かみい,神居
かみいえ,上家
かみいけ,上池
かみいし,上石
かみいずみ,上泉
かみいち,上市
かみいちぞの,上市園
かみいわ,上岩
かみうえ,神上
かみうせ,上鵜瀬
かみうち,上内
かみうち,神内
かみうったない,上打田内
かみうつり,神移
かみうと,上宇都
かみうら,紙浦
かみうら,上浦
かみうら,神浦
かみうんてん,上運天
かみえ,上江
かみえ,神榮
かみえがわ,上江川
かみえす,上江洲
かみえだ,紙枝
かみえだ,上枝
かみお,紙尾
かみお,神尾
かみおおさき,上大崎
かみおおさこ,上大迫
かみおか,上岡
かみおか,神岡
かみおき,上沖
かみおざき,上尾崎
かみおのべ,上尾野辺
かみかけ,上掛
かみかげ,神影
かみかせだ,上加世田
かみかた,上方
かみかたの,上片野
かみかたひら,上片平
かみかど,上鹿渡
かみかど,上門
かみかど,神門
かみかみや,上神谷
かみかわ,加美川
かみかわ,上河
かみかわ,上川
かみかわ,神河
かみかわ,神川
かみかわい,上川井
かみかわい,上川合
かみかわじ,上川路
かみかわち,上川内
かみかわと,上川渡
かみかわばた,上川畑
かみかわら,上河原
かみかんだ,上神田
かみが,神賀
かみがいち,上垣内
かみがいと,上垣外
かみがいと,上垣内
かみがき,上垣
かみがき,神垣
かみがさ,神笠
かみがしま,上ケ島
かみがしま,上ヶ島
かみがた,上形
かみがた,上方
かみがね,上金
かみがはら,上河原
かみがま,上釜
かみがみ,鎌上
かみがわ,上川
かみき,上木
かみき,神木
かみきただ,上北田
かみきはら,上木原
かみぎし,上岸
かみくち,上口
かみくぼ,上久保
かみくぼ,上窪
かみくら,上倉
かみくら,神倉
かみくら,神蔵
かみくら,神藏
かみくり,上栗
かみぐち,上口
かみぐち,神口
かみぐり,上栗
かみこ,上子
かみこ,神子
かみこうじ,上小路
かみこうち,上川内
かみこくりょう,上國料
かみこざわ,上小澤
かみこざわ,神子沢
かみこざわ,神子澤
かみこじま,神子嶋
かみこづる,上小鶴
かみこばやし,上小林
かみこまき,上小牧
かみこみ,上古見
かみこや,上小家
かみこんや,上紺屋
かみごうち,上河内
かみごうち,上垣内
かみごうち,上川内
かみごおり,神郡
かみごろ,神頃
かみさか,上坂
かみさか,上阪
かみさか,神坂
かみさき,上崎
かみさき,神前
かみさく,神作
かみさこ,上迫
かみさこ,上硲
かみさご,上砂
かみささ,上笹
かみささぬき,上笹貫
かみさだ,神定
かみさと,上里
かみさと,神里
かみさわ,上沢
かみさわ,上澤
かみさわ,神澤
かみざいく,神細工
かみざき,紙崎
かみざき,上崎
かみざと,神里
かみざわ,上沢
かみざわ,上澤
かみざわ,神沢
かみざわ,神澤
かみしおいり,上塩入
かみしきりょう,上敷領
かみしげ,上重
かみしげ,神重
かみした,上下
かみした,神下
かみしま,上島
かみしま,上嶋
かみしま,神島
かみしま,神嶋
かみしま,神嶌
かみしゅく,上宿
かみしらいし,上白石
かみしろ,上城
かみしろ,上代
かみしろ,神代
かみしん,上新
かみじ,上地
かみじき,神喰
かみじま,上島
かみじま,上嶋
かみじま,神島
かみじま,神嶋
かみじゅっこく,上拾石
かみじょう,上乗
かみじょう,上城
かみじょう,上条
かみじょう,上條
かみすが,上須賀
かみすき,紙透
かみすき,上薄
かみすぎ,神杉
かみすずき,上鈴木
かみすわ,上諏訪
かみずま,上妻
かみずる,上水流
かみせ,上瀬
かみせ,神瀬
かみせき,上関
かみぜき,上関
かみその,神園
かみそのだ,上園田
かみそやま,上曽山
かみぞの,上園
かみぞの,上薗
かみぞの,神園
かみぞの,神薗
かみた,紙田
かみたい,上平
かみたいら,上平
かみたか,上高
かみたか,神鷹
かみたかはら,上高原
かみたき,上滝
かみたき,上瀧
かみたけ,上武
かみたけ,神竹
かみたけはら,上竹原
かみたに,加見谷
かみたに,紙谷
かみたに,上谷
かみたに,神谷
かみたに,狼谷
かみたの,神多野
かみたまり,上玉利
かみだ,上田
かみだい,上代
かみだいもん,上大門
かみだいら,上平
かみだき,上滝
かみださい,上田才
かみだて,上館
かみだて,上舘
かみだて,神立
かみち,上地
かみちか,神近
かみちゃたに,上茶谷
かみつか,神塚
かみつかさ,上司
かみつくえ,上机
かみつじ,上辻
かみつちばし,上土橋
かみつぼ,上坪
かみつま,上妻
かみづか,神塚
かみづま,上妻
かみづる,上水流
かみづる,上鶴
かみて,上手
かみで,上手
かみで,上出
かみで,神出
かみでら,上寺
かみと,上戸
かみとうの,上遠野
かみとまい,上斗米
かみとも,上塘
かみとり,神鳥
かみどい,上土井
かみどい,上土居
かみどうぞの,上堂園
かみどうぞの,上堂薗
かみどうち,上堂地
かみどの,守殿
かみな,紙名
かみなか,紙中
かみなか,上中
かみなか,上仲
かみなかべっぷ,上中別府
かみなかや,上中谷
かみなかやしき,上中屋敷
かみなが,上永
かみなが,神永
かみなが,神長
かみながね,上長根
かみながよし,上永吉
かみなし,上梨
かみなで,上撫
かみなみ,神南
かみにし,紙西
かみにし,上西
かみにし,神西
かみにしぞの,上西園
かみぬし,上主
かみぬま,上沼
かみぬま,神沼
かみね,加味根
かみね,上根
かみの,紙野
かみの,上野
かみの,神野
かみのう,上農
かみのう,神農
かみのかど,上之門
かみのかど,神之門
かみのくち,神ノ口
かみのくち,神之口
かみのごう,上之郷
かみのし,神野志
かみのその,上之園
かみのその,上之薗
かみのた,神ノ田
かみのた,神之田
かみのだ,神之田
かみのぼう,上ノ坊
かみのみや,上ノ宮
かみのみや,上宮
かみのやま,上ノ山
かみはぎ,上萩
かみはし,上橋
かみはし,神橋
かみはし,神箸
かみはた,上畑
かみはた,神畠
かみはら,神原
かみはらこ,上原子
かみばた,上端
かみばば,上馬場
かみばやし,上林
かみばやしやま,上林山
かみひがし,上東
かみひごし,上吹越
かみひさ,神久
かみひら,上平
かみひら,神平
かみひらた,上平田
かみふくもと,上福元
かみふご,上冨居
かみふじ,神藤
かみべ,神部
かみべっぷ,上別府
かみほぎ,上甫木
かみほり,上堀
かみほりうち,上堀内
かみまえ,上前
かみまえ,神前
かみまき,神巻
かみまる,上丸
かみまる,神丸
かみみず,上水
かみみぞ,上溝
かみみなみ,上南
かみみや,上宮
かみみやた,上宮田
かみみょうず,上名主
かみむら,紙村
かみむら,上村
かみむら,神村
かみめが,上女鹿
かみもと,紙本
かみもと,上元
かみもと,上本
かみもと,神元
かみもと,神本
かみもとの,上本野
かみもや,鴨宮
かみもり,紙森
かみもり,神守
かみもり,神森
かみや,加宮
かみや,紙屋
かみや,紙谷
かみや,上屋
かみや,上谷
かみや,上矢
かみや,神屋
かみや,神宮
かみや,神谷
かみや,神矢
かみやうち,上谷内
かみやしき,上屋敷
かみやしき,神屋敷
かみやす,上安
かみやす,神安
かみやすんば,上休場
かみやち,上谷地
かみやっこ,神奴
かみやなぎ,上（木へんに夘）
かみやなぎだ,上柳田
かみやはた,紙谷畑
かみやま,加美山
かみやま,上山
かみやま,神家満
かみやま,神山
かみやま,霊山
かみよこて,上横手
かみよし,神吉
かみよし,神好
かみよしかわ,上吉川
かみよしはら,上吉原
かみよつもと,上四元
かみりょう,上良
かみりょう,上領
かみわ,上羽
かみわき,上脇
かみわき,神脇
かみわずみ,神和住
かみわだ,上和田
かみわの,上和野
かむき,加無木
かむき,嘉無木
かむら,加村
かむら,嘉村
かむら,賀村
かむら,香村
かむろ,加室
かむろ,家室
かむろ,禿
かめ,亀
かめい,亀井
かめい,瓶井
かめいし,亀石
かめいわ,亀岩
かめいわ,亀窟
かめうえ,亀上
かめうみ,亀海
かめえ,亀江
かめお,亀尾
かめおか,亀岡
かめおか,龜岡
かめかわ,亀川
かめがい,亀ヶ谷
かめがい,亀海
かめがい,亀貝
かめがい,亀飼
かめがい,亀谷
かめがき,亀垣
かめがさわ,亀ヶ澤
かめがしら,亀頭
かめがふち,亀ヶ渕
かめがもり,亀ヶ森
かめがや,亀ヶ谷
かめがわ,亀川
かめくら,亀倉
かめぐち,亀口
かめこ,亀子
かめこう,亀甲
かめさか,亀坂
かめさき,亀崎
かめさき,亀岬
かめさこ,亀迫
かめさわ,亀沢
かめさわ,亀澤
かめざき,亀（崎の大が立）
かめざき,亀崎
かめざわ,亀沢
かめざわ,亀澤
かめしま,亀島
かめしま,亀嶋
かめしろ,亀代
かめじま,亀島
かめすい,亀水
かめず,亀頭
かめた,亀田
かめたか,亀（はしご高）
かめたか,亀高
かめたに,亀谷
かめだ,亀田
かめだ,瓶田
かめだ,龜田
かめつ,亀津
かめつた,亀蔦
かめなが,亀永
かめなが,亀長
かめなし,亀梨
かめの,亀野
かめのい,亀廼井
かめのその,亀之園
かめのはら,亀之原
かめはら,亀原
かめばやし,亀林
かめひろ,亀廣
かめぶち,亀渕
かめみず,亀水
かめむら,亀村
かめもと,亀元
かめもと,亀本
かめもり,亀森
かめや,亀谷
かめやま,亀山
かめよし,亀好
かめわか,亀若
かめわだ,亀和田
かめわり,亀割
かも,加茂
かも,加毛
かも,賀茂
かも,鴨
かもい,鴨井
かもい,鴨居
かもいけ,鴨池
かもう,蒲生
かもうち,鴨打
かもがしら,鴨頭
かもがり,鴨狩
かもがわ,加茂川
かもがわ,鴨川
かもき,鴨木
かもさか,加茂坂
かもさき,鴨崎
かもさく,鴨作
かもざき,鴨（崎の大が立）
かもざき,鴨崎
かもざわ,鴨澤
かもした,加茂下
かもした,鴨下
かもしだ,鴨志田
かもしま,鴨島
かもじ,鴨治
かもた,鴨田
かもだ,加守田
かもだ,鴨田
かもち,加持
かもち,蒲地
かもと,加本
かもと,嘉本
かもと,賀本
かもと,鴨東
かもの,加茂野
かもの,鴨野
かもはら,蒲原
かもばやし,鴨林
かもまえ,加茂前
かもめ,鴨目
かもや,加茂谷
かもや,釜親
かもり,加森
かもり,家守
かもん,加門
かもん,嘉門
かもん,香門
かもん,掃部
かや,加悦
かや,加舎
かや,加谷
かや,嘉屋
かや,賀屋
かや,賀谷
かや,栢
かや,茅
かや,萱
かや,彼谷
かやお,栢尾
かやお,萱尾
かやおか,茅岡
かやおか,萱岡
かやがき,萱垣
かやがせこ,茅ヶ迫
かやがわ,仮谷川
かやき,栢木
かやき,榧木
かやきり,茅切
かやした,栢下
かやしま,茅島
かやしま,萱島
かやしま,萱嶋
かやしま,萓嶋
かやじま,茅島
かやじま,萱島
かやじま,萱嶌
かやすが,栢菅
かやた,茅田
かやた,萱田
かやたに,萱谷
かやつ,萱津
かやなぎ,嘉柳
かやぬま,栢沼
かやぬま,茅沼
かやぬま,萱沼
かやね,栢根
かやね,茅根
かやね,榧根
かやの,栢野
かやの,茅野
かやの,萱野
かやの,榧野
かやのき,栢木
かやのき,榧木
かやのま,茅ノ間
かやはな,茅花
かやはら,栢原
かやはら,茅原
かやはら,萱原
かやば,栢場
かやば,茅場
かやば,萱場
かやば,榧場
かやばら,栢原
かやぶき,茅吹
かやぶき,萱葺
かやま,佳山
かやま,加山
かやま,嘉山
かやま,賀山
かやま,茅山
かやま,萱間
かやま,香山
かやま,鹿山
かやみょう,萱苗
かやむら,萱村
かやもと,加屋本
かやもと,栢本
かやもと,茅本
かやもと,榧本
かやもり,栢森
かやもり,栢盛
かやもり,茅森
かやもり,萱森
かやもり,榧森
かやわり,栢割
かゆかわ,粥川
かゆがわ,粥川
かゆみ,家弓
かよう,加用
かよう,加陽
かよう,加養
かよう,嘉陽
かよう,賀陽
かよう,鹿養
かようだ,嘉陽田
かよお,萱生
かよかた,通形
かよし,嘉吉
から,唐
からい,唐井
からいけ,唐池
からうし,唐牛
からうじ,唐牛
からお,唐尾
からかさ,傘
からかさ,唐笠
からかま,唐鎌
からかみ,唐紙
からかみ,唐神
からかわ,辛川
からかわ,唐川
からき,辛木
からき,唐木
からき,柄木
からきさわ,唐木沢
からきざわ,唐木沢
からきた,百木田
からきた,柄木田
からきだ,唐木田
からくに,唐國
からこ,唐子
からさき,唐（崎の大が立）
からさき,唐崎
からさわ,唐沢
からさわ,唐澤
からさわ,柄沢
からさわ,柄澤
からしま,辛島
からしま,辛嶋
からしま,唐島
からしま,唐嶋
からす,鴉
からすぎ,唐杉
からすご,烏子
からすだ,烏田
からすだ,鴉田
からすだに,烏谷
からすだに,鳥谷
からすの,烏野
からすの,鳥野
からすみ,唐住
からすやま,烏山
からた,唐田
からたに,加良谷
からたに,唐谷
からたに,柄谷
からだ,加羅田
からつ,唐津
からつ,柄津
からづら,川面
からと,唐渡
からと,柄戸
からはし,唐橋
からはら,唐原
からみ,唐見
からやま,柄山
からわたり,唐渡
からん,加覧
かりあつまり,狩集
かりあつめ,狩集
かりう,狩生
かりうら,狩浦
かりお,雁尾
かりが,刈賀
かりがね,雁金
かりくさ,苅草
かりこみ,刈込
かりこみ,苅込
かりこめ,刈込
かりごう,狩郷
かりごめ,苅込
かりしき,刈敷
かりしゅく,苅宿
かりしゅく,假宿
かりじゅく,假宿
かりせ,雁瀬
かりた,仮田
かりた,刈田
かりた,苅田
かりた,狩田
かりたに,仮谷
かりつか,狩塚
かりどころ,狩所
かりな,仮名
かりの,苅野
かりの,狩野
かりば,狩場
かりばやし,雁林
かりばやし,鳫林
かりべ,苅部
かりま,刈間
かりまい,刈米
かりまさわ,苅間澤
かりまざわ,刈間沢
かりまた,狩俣
かりみね,狩峰
かりや,仮屋
かりや,仮家
かりや,仮谷
かりや,刈屋
かりや,刈谷
かりや,苅谷
かりや,狩谷
かりや,假屋
かりや,假家
かりや,假谷
かりやざき,仮屋崎
かりやざき,假屋崎
かりやぞの,仮屋園
かりやぞの,仮屋薗
かりやど,苅宿
かりやぶ,芟薮
かりやま,刈山
かりやま,苅山
かりやま,狩山
かりゅう,家柳
かりゅう,狩生
かりわ,苅和
かるい,軽井
かるいし,軽石
かるお,輕尾
かるかや,刈茅
かるこみ,軽込
かるの,軽野
かるべ,加留部
かるべ,苅部
かるべ,軽部
かるべ,軽辺
かるべ,輕部
かるまい,軽米
かるもと,軽本
かれい,家令
かれき,枯木
かろ,夏路
かろう,家老
かろうじ,唐牛
かわ,河
かわ,川
かわあい,河相
かわあい,川合
かわい,河井
かわい,河合
かわい,河相
かわい,合羽井
かわい,川井
かわい,川居
かわい,川合
かわい,川相
かわいけ,川池
かわいし,河石
かわいし,川石
かわいだ,川井田
かわいち,川市
かわうえ,川植
かわうち,河内
かわうち,川内
かわうちや,川内谷
かわうら,河浦
かわうら,川浦
かわえ,河江
かわえ,川江
かわえい,川栄
かわえだ,川枝
かわお,川尾
かわおか,河岡
かわおか,川岡
かわおく,河奥
かわおと,川音
かわかた,川方
かわかつ,川勝
かわかど,河角
かわかど,川門
かわかね,河金
かわかみ,加輪上
かわかみ,河上
かわかみ,川上
かわかみ,川神
かわかみや,河上屋
かわがた,河形
かわがた,川潟
かわき,川木
かわきた,河喜多
かわきた,河北
かわきた,川喜多
かわきた,川喜田
かわきた,川北
かわぎし,河岸
かわぎし,川崖
かわぎし,川岸
かわぎり,川桐
かわくぼ,河久保
かわくぼ,河窪
かわくぼ,川久保
かわくぼ,川窪
かわくら,川倉
かわぐち,河口
かわぐち,川口
かわぐちや,川口谷
かわけ,河毛
かわけ,川分
かわこたに,川古谷
かわこや,川古谷
かわごい,川鯉
かわごいし,皮籠石
かわごえ,河越
かわごえ,川越
かわごし,川越
かわごし,川腰
かわさか,川坂
かわさか,川阪
かわさき,河（崎の大が立）
かわさき,河崎
かわさき,河嵜
かわさき,川（崎の大が立）
かわさき,川崎
かわさき,川埼
かわさき,川先
かわさき,川嵜
かわさと,川里
かわさわ,川沢
かわしげ,河重
かわしげ,川茂
かわした,河下
かわした,川下
かわしま,河島
かわしま,河嶋
かわしま,河嶌
かわしま,革島
かわしま,川島
かわしま,川嶋
かわしま,川嶌
かわしも,川下
かわしり,川尻
かわしろ,川城
かわしろ,川代
かわしろ,川白
かわじ,河地
かわじ,河路
かわじ,川治
かわじ,川地
かわじ,川路
かわじょう,川条
かわじり,河尻
かわじり,川（尻の九が丸）
かわじり,川尻
かわすぎ,川杉
かわすざき,河須崎
かわすじ,川筋
かわすそ,河裾
かわすみ,河角
かわすみ,河済
かわすみ,河住
かわすみ,河澄
かわすみ,川角
かわすみ,川隅
かわすみ,川住
かわすみ,川澄
かわず,河津
かわず,川頭
かわずみ,河済
かわずみ,河澄
かわずみ,川住
かわせ,河瀬
かわせ,川瀬
かわせき,川堰
かわせき,川関
かわそい,河添
かわそえ,河添
かわそえ,川添
かわそえ,川副
かわそこ,河底
かわそめ,川染
かわぞい,川添
かわぞえ,河添
かわぞえ,河副
かわぞえ,川添
かわぞえ,川副
かわぞめ,河染
かわぞめ,川染
かわた,河太
かわた,河田
かわた,川多
かわた,川太
かわた,川田
かわたか,河高
かわたか,川高
かわたき,川滝
かわたき,川瀧
かわたけ,河竹
かわたけ,川竹
かわたけ,川武
かわたに,河谷
かわたに,川谷
かわだ,河田
かわだ,川田
かわだい,川代
かわち,嘉和知
かわち,河地
かわち,河智
かわち,河内
かわち,川治
かわち,川地
かわち,川内
かわちだ,河千田
かわちの,川内野
かわちや,河内谷
かわちやま,河内山
かわぢ,川地
かわつ,河津
かわつ,川津
かわつき,川月
かわつま,川妻
かわつら,川面
かわつれ,河連
かわつれ,川連
かわづ,河津
かわづ,川津
かわづま,川妻
かわづら,河面
かわづら,川面
かわづれ,川連
かわて,河手
かわて,川手
かわてい,川廷
かわで,河出
かわで,川出
かわと,河戸
かわと,河登
かわと,川戸
かわと,川人
かわとう,河東
かわとう,河藤
かわとう,川東
かわとう,川等
かわとう,川藤
かわとこ,川床
かわとび,川飛
かわとり,川取
かわど,河戸
かわど,川戸
かわな,河奈
かわな,河名
かわな,川奈
かわな,川名
かわなか,河中
かわなか,川中
かわなかご,川中子
かわなこ,川那子
かわなご,川中子
かわなご,川那子
かわなべ,河鍋
かわなべ,河辺
かわなべ,川奈部
かわなべ,川那部
かわなべ,川那辺
かわなべ,川鍋
かわなべ,川辺
かわなべ,川名部
かわなべ,川邊
かわなべ,川邉
かわなみ,河南
かわなみ,河波
かわなみ,河浪
かわなみ,川南
かわなみ,川波
かわなみ,川並
かわなみ,川浪
かわなり,川成
かわに,河二
かわに,川尼
かわにし,河西
かわにし,川西
かわね,河根
かわね,川根
かわの,河埜
かわの,河野
かわの,川埜
かわの,川野
かわのうえ,川野上
かわのかみ,川ノ上
かわのぶ,川信
かわのべ,河野辺
かわのべ,川述
かわのべ,川野辺
かわのべ,川野邊
かわのべ,川野邉
かわのべ,川逑
かわのわ,川野輪
かわはけ,川端下
かわはし,川橋
かわはた,河端
かわはた,川羽田
かわはた,川端
かわはた,川幡
かわはた,川畑
かわはた,川畠
かわはつ,川初
かわはら,河原
かわはら,川原
かわはらい,河原井
かわはらさき,川原崎
かわはらざき,川原崎
かわはらだ,河原田
かわはらだ,川原田
かわはらづか,河原塚
かわはらづか,川原塚
かわはらばやし,川原林
かわばた,河端
かわばた,河畠
かわばた,河鰭
かわばた,川羽田
かわばた,川端
かわばた,川幡
かわばた,川畑
かわばた,川畠
かわばた,川鰭
かわばた,川鮨
かわばやし,河林
かわばやし,川林
かわひがし,河東
かわひがし,川東
かわひと,川人
かわひら,川平
かわひろ,川広
かわびらき,川開
かわふく,川福
かわふじ,川藤
かわふち,川渕
かわふね,川船
かわぶち,河渕
かわぶち,川縁
かわぶち,川淵
かわぶち,川渕
かわべ,河部
かわべ,河辺
かわべ,河邊
かわべ,河邉
かわべ,川部
かわべ,川辺
かわべ,川邊
かわべ,川邉
かわべり,川縁
かわほり,川堀
かわま,河間
かわま,川間
かわまえ,川前
かわまた,河股
かわまた,河俣
かわまた,河又
かわまた,川股
かわまた,川真田
かわまた,川亦
かわまた,川俣
かわまた,川又
かわまた,川眞田
かわまつ,川松
かわみ,河見
かわみ,川見
かわみだれ,川乱
かわみち,川通
かわみち,川道
かわみつ,川光
かわみつ,川満
かわみなみ,河南
かわみなみ,川南
かわみなみ,汾陽
かわみや,河宮
かわむかい,川向
かわむき,川向
かわむこう,川向
かわむら,河村
かわむら,河邑
かわむら,河邨
かわむら,川村
かわむら,川邑
かわむろ,川室
かわめ,河目
かわめ,川目
かわも,川面
かわもと,河元
かわもと,河本
かわもと,川元
かわもと,川本
かわもり,河守
かわもり,河森
かわもり,河盛
かわもり,川守
かわもり,川森
かわもりた,川守田
かわもんぜん,河門前
かわやち,川谷内
かわやま,川山
かわよけ,河除
かわよけ,川除
かわら,河原
かわら,瓦
かわら,川原
かわら,川良
かわらい,河原井
かわらい,瓦井
かわらい,川原井
かわらいち,河原市
かわらぎ,河原木
かわらぎ,川原木
かわらぐち,瓦口
かわらぐち,川原口
かわらさき,河原（先の大が立）
かわらさき,河原崎
かわらさき,川原崎
かわらざき,河原崎
かわらざき,瓦崎
かわらざき,川原崎
かわらじ,河原地
かわらたに,瓦谷
かわらだ,河原田
かわらだ,瓦田
かわらだ,川原田
かわらだに,瓦谷
かわらづか,河原（土へんに冢）
かわらばた,河原畑
かわらばやし,河原林
かわらばやし,瓦林
かわらばやし,川原林
かわらぶき,瓦葺
かわらもと,瓦本
かわらや,瓦家
かわらや,川原谷
かわりゅう,河流
かわわ,河和
かわわ,川和
かわわき,河脇
かわわき,川脇
かわわけ,川分
かわわだ,川和田
かわんど,川人
かん,官
かん,幹
かん,管
かん,簡
かん,韓
かん,菅
かん,姜
かんお,神尾
かんおん,観音
かんかわ,寒川
かんかわ,勘川
かんがわ,寒川
かんがわ,勘川
かんき,神吉
かんき,神木
かんぎ,歓喜
かんくら,完倉
かんけ,管家
かんけ,菅家
かんこ,神戸
かんこう,鑑江
かんごおり,神郡
かんさい,閑歳
かんさく,神作
かんざ,神座
かんざか,勘坂
かんざき,勘崎
かんざき,官崎
かんざき,歓崎
かんざき,神（崎の大が立）
かんざき,神崎
かんざき,神先
かんざき,神前
かんざき,神嵜
かんざき,菅崎
かんざく,神作
かんざと,神里
かんざわ,官沢
かんざわ,官澤
かんざわ,神沢
かんざわ,神澤
かんじゃ,神社
かんじや,貫地谷
かんじょう,官上
かんじょう,神定
かんじん,勘甚
かんずい,澗随
かんずい,澗膸
かんずい,澗隨
かんぜ,観世
かんたけ,寒竹
かんたに,看谷
かんだ,苅田
かんだ,勘田
かんだ,管田
かんだ,観田
かんだ,鑑田
かんだ,閑田
かんだ,上田
かんだ,神田
かんだ,菅田
かんだ,諫田
かんだか,神高
かんだち,神立
かんだつ,神達
かんだつ,神立
かんだて,神立
かんだばし,神田橋
かんち,冠地
かんちか,菅近
かんちく,寒竹
かんで,寒出
かんでん,勘傳
かんとう,関東
かんとう,神東
かんとう,神頭
かんとう,菅藤
かんとう,菅頭
かんど,神戸
かんど,神門
かんどう,勘藤
かんどう,観堂
かんどう,貫洞
かんどう,還藤
かんどう,神藤
かんどり,香取
かんどり,神取
かんどり,神鳥
かんな,漢那
かんな,神名
かんなか,甘中
かんなぎ,神奈木
かんなべ,間鍋
かんなべ,神辺
かんなみ,神南
かんなみ,菅波
かんなり,金成
かんなり,神成
かんなん,河南
かんねん,閑念
かんの,冠野
かんの,寒野
かんの,勧野
かんの,官能
かんの,官野
かんの,寛野
かんの,漢野
かんの,管野
かんの,簡野
かんの,観野
かんの,貫野
かんの,閑野
かんの,神呪
かんの,神能
かんの,神農
かんの,神野
かんの,菅納
かんの,菅野
かんのう,官能
かんのう,金納
かんのう,神呪
かんのう,神納
かんのう,神能
かんのう,菅能
かんのうじ,感王寺
かんのとう,神野藤
かんのんじ,観音寺
かんのんどう,観音堂
かんのんばやし,観音林
かんば,勘場
かんば,上場
かんば,神場
かんば,神庭
かんば,神波
かんばい,寒梅
かんばし,神橋
かんばし,芳
かんばやし,管林
かんばやし,上林
かんばやし,神林
かんばやしやま,上林山
かんばら,蒲原
かんばら,鎌原
かんばら,関原
かんばら,上原
かんばら,神原
かんぶ,神部
かんぷう,寒風
かんべ,上部
かんべ,神戸
かんべ,神部
かんべ,神辺
かんべ,神邊
かんべ,神邉
かんべがわ,神戸川
かんぼう,神棒
かんま,菅間
かんまい,上舞
かんまき,上牧
かんまち,上町
かんまつせ,上松瀬
かんまにわ,上馬庭
かんまる,上丸
かんむら,上村
かんむり,冠
かんめい,貫名
かんめら,勘米良
かんめら,上米良
かんもり,神森
かんもん,神門
かんや,官谷
かんや,歸家
かんやけ,神宅
かんやま,完山
かんり,柬理
かんろ,甘露
かんろくの,勘六野
かんろじ,甘露寺
がい,賀井
がいの,我伊野
がう,我有
がうち,賀内
がうん,臥雲
がきや,我喜屋
がく,岳
がくはら,額原
がくはり,覚張
がくまさわ,嶽間沢
がけした,峨家下
がさ,賀佐
がしゃ,我謝
がじゃ,我謝
がたなが,潟永
がたやま,潟山
がっこう,月光
がっしょう,合掌
がっとう,月東
がっぱ,甲把
がっぽ,合浦
がっぽう,合寶
がと,我戸
がなは,我那覇
がねこ,我如古
がばた,蒲田
がぶ,我部
がべ,我部
がま,蒲
がまた,蒲田
がまだ,蒲田
がまぬま,蒲沼
がまの,蒲野
がまん,我慢
がまん,我満
がも,蒲生
がもう,蒲生
がや,我谷
がらいけ,柄池
がらん,加覧
がわ,側
がわさわ,椛沢
がわさわ,蒲沢
がわせ,側瀬
がわはら,側原
がんえい,願永
がんか,願化
がんこ,雁子
がんこ,鳫子
がんこう,雁行
がんこうじ,願興寺
がんさ,元佐
がんざわ,鴈澤
がんせ,雁瀬
がんだ,雁田
がんちょう,雁長
がんとう,丸藤
がんどう,丸藤
がんにょ,元女
がんの,雁野
がんの,鴈野
がんの,鳫野
がんばら,厂原
がんべ,雁部
がんみょう,元明
がんりゅう,眼龍
き,紀
きい,喜井
きい,紀伊
きい,紀井
きい,記伊
きい,記井
きい,城井
きい,木井
きいくに,紀伊国
きいくに,紀伊國
きいち,鬼一
きいち,生一
きいのもと,紀伊埜本
きいれ,喜入
きうえ,木植
きうち,紀内
きうち,記内
きうち,城内
きうち,木内
きうみ,黄海
きうみ,鬼海
きうら,木浦
きえだ,木枝
きお,木尾
きおい,鬼追
きおか,喜岡
きおか,紀岡
きおか,木岡
きおり,木織
きかい,鬼海
きかい,鬼界
きかた,木方
きかま,木鎌
きかわ,紀川
きかわ,鬼川
きかわ,木川
きかわ,木皮
きかわだ,黄川田
きかわだ,木川田
きが,気賀
きが,木我
きが,木賀
きが,氣賀
きが,氣駕
きがさわ,気賀澤
きがさわ,氣賀澤
きがみ,木上
きがわ,黄川
きがわ,城川
きがわ,木川
きがわ,木皮
ききつ,喜々津
ききづ,喜々津
ききま,聞間
ききゅう,木久
ききょう,桔梗
きぎ,喜木
きく,規矩
きく,菊
きく,橲久
きく,禧久
きくい,菊井
きくいち,菊一
きくいり,菊入
きくうえ,菊植
きくうち,菊内
きくおか,菊岡
きくかわ,菊川
きくがわ,喜久川
きくがわ,菊川
きくこ,菊子
きくさき,菊崎
きくさと,菊里
きくさわ,菊沢
きくさわ,菊澤
きくざき,菊咲
きくざき,菊崎
きくざと,喜久里
きくざわ,菊沢
きくざわ,菊澤
きくしま,菊島
きくしま,菊嶋
きくすい,菊水
きくた,喜久田
きくた,菊田
きくたけ,菊竹
きくたけ,菊武
きくたに,菊谷
きくたに,鞠谷
きくたに,聞谷
きくち,規矩智
きくち,菊知
きくち,菊地
きくち,菊智
きくち,菊池
きくちはら,菊地原
きくちばら,菊地原
きくつぎ,菊次
きくづま,菊妻
きくなか,菊仲
きくなが,喜久永
きくなが,菊永
きくに,喜国
きくの,菊野
きくはら,菊原
きくふじ,菊藤
きくま,菊間
きくみ,菊見
きくむら,喜久村
きくむら,菊村
きくもと,菊本
きくもと,鞠本
きくもり,菊森
きくもり,菊盛
きくや,菊屋
きくや,菊谷
きくや,菊矢
きくやま,喜久山
きくやま,菊山
きくら,木倉
きくらく,菊楽
きぐち,木口
きぐちや,木口屋
きぐれ,木暮
きけがわ,亀ケ川
きけがわ,亀掛川
きけがわ,亀卦川
きこ,喜古
きこ,木子
きこう,亀甲
きこう,木興
きこく,枳穀
きこじま,鬼児島
きこや,亀甲谷
きご,木子
きごし,城越
きごし,木越
きごろ,木頃
きさ,吉舎
きさ,木佐
きさい,木済
きさい,木濟
きさいち,私市
きさか,木坂
きさか,木阪
きさき,薪先
きさき,木佐木
きさき,木咲
きさき,木崎
きさきばる,木崎原
きさたと,北里
きさたに,木佐谷
きさだ,幾左田
きさだ,木貞
きさぬき,木佐貫
きさもり,木佐森
きさら,木皿
きさらぎ,如月
きさらぎ,木皿儀
きさらづ,木更津
きさわ,鬼澤
きさわ,木澤
きざき,木（崎の大が立）
きざき,木崎
きざき,木嵜
きざわ,鬼沢
きざわ,木沢
きざわ,木澤
きし,岸
きし,喜始
きし,喜志
きし,幾志
きし,紀氏
きし,貴志
きし,来住
きし,來住
きしい,岸井
きしうえ,岸上
きしえ,岸江
きしお,岸尾
きしおか,岸岡
きしかけ,岸懸
きしかげ,岸蔭
きしかわ,岸川
きしがみ,岸上
きしがわ,岸川
きしき,岸木
きしき,吉敷
きしぎ,岸木
きしさと,岸里
きしした,岸下
きしぞえ,岸副
きしぞの,岸園
きした,木下
きしたか,岸（はしご高）
きしたか,岸高
きしたに,岸谷
きしだ,岸田
きしつ,鬼室
きしな,岸科
きしな,岸名
きしな,木科
きしなが,岸永
きしなみ,岸波
きしなみ,岸並
きしなみ,岸浪
きしね,岸根
きしの,岸野
きしの,木住野
きしの,来住野
きしはた,岸端
きしはら,岸原
きしば,岸場
きしば,岸塲
きしばた,岸端
きしばやし,岸林
きしぶち,岸渕
きしべ,岸部
きしべ,岸邊
きしべ,岸邉
きしほ,岸保
きしま,岸間
きしま,喜志麻
きしま,貴島
きしま,貴嶋
きしま,杵島
きしま,木島
きしま,木嶋
きしまえ,岸前
きしみ,岸見
きしみず,岸水
きしみね,岸峯
きしむね,岸宗
きしむら,岸村
きしもと,岸本
きしゃば,喜舎場
きしや,岸谷
きしやま,岸山
きしゅ,寄主
きしゅう,紀洲
きしら,岸良
きしろ,稀代
きしろ,木城
きしろ,木代
きしろ,木白
きしわだ,岸和田
きしんど,岸人
きじ,喜治
きじ,喜地
きじ,貴治
きじ,木地
きじたに,木地谷
きじたに,雉子谷
きじだに,雉子谷
きじつ,其日
きじとり,雉鳥
きじなみ,雉子波
きじの,雉野
きじま,喜島
きじま,喜嶋
きじま,貴島
きじま,鬼島
きじま,杵島
きじま,木島
きじま,木嶋
きじま,来島
きじま,来嶋
きじま,雉間
きじまや,木嶋谷
きじむた,雉子牟田
きじもと,雉本
きじや,木次谷
きじやま,木地山
きじょう,鬼城
きす,木須
きすい,木須井
きすき,木透
きすぎ,来生
きすな,来住南
きすみ,木栖
きず,木津
きずか,木塚
きずき,城
きずみ,木住
きずみ,来住
きずみの,木住野
きせ,黄瀬
きせ,喜瀬
きせ,吉瀬
きせ,木瀬
きせ,木勢
きせき,幾石
きせん,気仙
きせん,氣仙
きそ,競
きそ,木曽
きそう,競
きそだ,木曽田
きその,木曽野
きそはら,木曽原
きぞえ,木添
きた,喜多
きた,喜田
きた,喜夛
きた,貴多
きた,城多
きた,北
きた,木多
きた,木太
きた,木田
きた,来田
きた,耒田
きたあらし,北嵐
きたい,希代
きたい,稀代
きたい,稀与
きたい,鍛
きたい,鍛代
きたい,北井
きたい,北居
きたいけ,北池
きたいずみ,北泉
きたいち,北市
きたいぬい,北乾
きたうえ,北上
きたうえだ,北上田
きたうじ,北氏
きたうち,北内
きたうら,北浦
きたうら,北裏
きたえ,北栄
きたお,喜多尾
きたお,北尾
きたおう,北王
きたおおじ,北大路
きたおか,貴田岡
きたおか,北岡
きたおく,北奥
きたおち,北落
きたおも,北面
きたおり,北折
きたかく,北角
きたかぜ,北風
きたかた,北方
きたかど,北角
きたかど,北門
きたかまえ,北構
きたかみ,北上
きたかわ,北川
きたがいと,北垣戸
きたがいと,北垣内
きたがき,北垣
きたがた,北潟
きたがた,北形
きたがた,北方
きたがたや,北潟谷
きたがち,北陸
きたがみ,北上
きたがみ,北神
きたがわ,喜多川
きたがわ,北河
きたがわ,北川
きたがわ,北側
きたがわ,木田川
きたがわら,北河原
きたがわら,北川原
きたき,北木
きたき,木滝
きたきど,北城戸
きたきみ,北龍
きたぎし,北岸
きたくに,北国
きたくぼ,北久保
きたくら,北倉
きたぐち,北口
きたこうじ,北小路
きたこが,北古賀
きたこし,北越
きたご,北後
きたごう,北郷
きたごおり,北郡
きたさか,北坂
きたさか,北阪
きたさき,北崎
きたさこ,北迫
きたさと,北里
きたざき,喜多崎
きたざき,北崎
きたざこ,北迫
きたざと,北里
きたざわ,喜多澤
きたざわ,北沢
きたざわ,北澤
きたしば,北芝
きたしま,喜多嶋
きたしま,北島
きたしま,北嶋
きたしょう,北庄
きたしょうじ,北庄司
きたしらかわ,北白川
きたしろ,喜多代
きたしろ,北城
きたしろ,北代
きたしろ,来代
きたじ,北地
きたじま,喜多島
きたじま,喜多嶋
きたじま,北島
きたじま,北嶋
きたじま,北嶌
きたじょ,北所
きたじょう,喜多條
きたじょう,北上
きたじょう,北城
きたじょう,北條
きたじり,北尻
きたすか,北須賀
きたすが,北須賀
きたずみ,北角
きたずみ,北隅
きたずみ,北住
きたせ,北瀬
きたせい,吉清
きたせい,北清
きたぞえ,北添
きたぞの,北園
きたぞの,北薗
きたたに,北谷
きただ,喜多田
きただ,北田
きただ,来田
きただい,北代
きただい,北台
きただい,北臺
きただい,来代
きただい,耒代
きただき,北滝
きただて,北舘
きただて,北楯
きただに,北谷
きただに,北谿
きたち,北地
きたつぐ,北次
きたつじ,北辻
きたつじ,北逵
きたつめ,北爪
きたつる,北津留
きたづめ,北詰
きたづめ,北爪
きたで,北出
きたとみ,北冨
きたど,北戸
きたどころ,北所
きたどの,北殿
きたどまり,北泊
きたな,北名
きたなか,北中
きたなか,北仲
きたなが,北永
きたなみ,北浪
きたに,喜谷
きたに,気谷
きたに,記谷
きたに,木谷
きたに,氣谷
きたにし,北西
きたね,北根
きたの,喜多埜
きたの,喜多野
きたの,貴多野
きたの,北埜
きたの,北濃
きたの,北能
きたの,北農
きたの,北野
きたの,来野
きたのうえ,北野上
きたのさこ,北之迫
きたのその,北ノ園
きたのその,北之園
きたのぼう,北之坊
きたのぼう,北之防
きたのや,北野谷
きたはし,北橋
きたはた,北畑
きたはば,喜多幅
きたはま,北浜
きたはま,北濱
きたはら,北原
きたば,北場
きたば,北波
きたばた,北端
きたばた,北畑
きたばたけ,北畠
きたばやし,北林
きたひら,北平
きたひろ,北廣
きたふく,北福
きたぶくろ,北袋
きたぶん,北分
きたべ,北部
きたべっぷ,北別府
きたほら,北洞
きたほり,北堀
きたぼり,北堀
きたま,北間
きたまき,北牧
きたまち,北町
きたまつ,北松
きたまる,北丸
きたみ,喜多見
きたみ,北見
きたみ,木多見
きたみかど,北御門
きたみち,北道
きたみつ,北密
きたみね,北峯
きたみや,北宮
きたむかい,北向
きたむき,北向
きたむら,喜多村
きたむら,喜田村
きたむら,北村
きたむら,北邨
きたむら,来村
きたむら,来田村
きたむろ,北室
きため,北目
きためい,北明
きたもと,喜夛本
きたもと,北元
きたもと,北本
きたもり,北守
きたもり,北森
きたもん,北門
きたや,北宅
きたや,北谷
きたや,北矢
きたやま,喜多山
きたやま,北山
きたやま,来山
きたやま,來山
きたゆぐち,北湯口
きたよし,北（吉の士が土）
きたよし,北吉
きたる,木樽
きたわき,北脇
きたわたせ,北渡瀬
きたん,喜旦
きだ,黄田
きだ,喜多
きだ,喜田
きだ,寄田
きだ,機田
きだ,紀田
きだ,貴田
きだ,城多
きだ,善田
きだ,木多
きだ,木田
きだ,来田
きだ,氣田
きだい,希代
きだし,木出
きだち,木達
きだち,木立
きだて,木建
きだに,喜谷
きだに,木谷
きだはし,木田橋
きだわら,木俵
きちかま,吉鎌
きちかわ,吉川
きちくに,貴地邦
きちこうじん,吉高神
きちじま,吉島
きちじま,吉嶋
きちせ,吉瀬
きちせい,吉清
きちぜ,吉瀬
きちま,吉間
きちらく,吉楽
きぢ,木地
きっか,吉家
きっかわ,吉川
きっかわ,橘川
きっこう,亀甲
きっこう,吉向
きっこうじ,吉光寺
きっこうじん,吉行神
きっこうじん,吉高神
きった,橘田
きったか,吉高
きったか,橘高
きったか,橘鷹
きって,切手
きつ,吉津
きつ,木津
きつい,橘井
きつかわ,橘川
きつかわ,木津川
きつき,木付
きつき,木附
きつぎ,木次
きつくり,木造
きつた,橘田
きつたか,橘高
きつだ,橘田
きつどう,橘堂
きつない,橘内
きつねざき,狐崎
きつねづか,狐（土へんに冢）
きつねづか,狐塚
きつもと,橘本
きつや,橘谷
きつれがわ,喜連川
きつわ,橘和
きづ,岐津
きづ,木津
きづか,木（塚の右が冢）
きづか,木（土へんに冢）
きづか,木塚
きづき,木月
きづき,木津喜
きづき,木付
きづき,木附
きづくり,木造
きづたに,木津谷
きづな,木綱
きてい,喜禎
きてがわ,北川
きてら,木寺
きでな,貴傳名
きでら,木寺
きとう,喜藤
きとう,紀藤
きとう,貴答
きとう,鬼頭
きとう,木藤
きとう,竒藤
きとうご,木藤古
きとく,寄特
きとく,亀（徳の心の上に一）
きとら,記虎
きとら,貴虎
きとら,貴寅
きとら,木虎
きとら,木藤良
きとら,木寅
きとろ,木渡路
きど,喜渡
きど,幾度
きど,貴戸
きど,城戸
きど,城門
きど,木戸
きどあき,木戸秋
きどう,貴堂
きどう,木藤
きどう,木道
きどおか,木戸岡
きどおし,木通
きどがみ,木戸上
きどがわ,木戸川
きどぐち,城戸口
きどぐち,木戸口
きどころ,樹所
きどころ,城処
きどころ,城所
きどころ,木所
きどさき,城戸崎
きどじ,木戸地
きどた,木戸田
きどで,木戸出
きどの,城殿
きどま,木戸間
きな,嘉納
きな,喜納
きな,喜名
きない,喜内
きない,木内
きなえ,木苗
きなか,喜中
きなか,紀中
きなが,木永
きなが,木長
きなし,木梨
きなせ,木名瀬
きなみ,木南
きなみ,木並
きなみ,木浪
きなめ,木滑
きなめり,木滑
きなり,喜成
きなん,木南
きにわ,木庭
きぬい,絹井
きぬうら,衣浦
きぬかわ,衣川
きぬかわ,絹川
きぬがさ,衣笠
きぬがさ,絹笠
きぬがわ,衣川
きぬがわ,絹川
きぬた,衣田
きぬた,絹田
きぬたに,絹谷
きぬの,絹野
きぬはた,衣畑
きぬまき,衣巻
きぬまき,絹巻
きぬむら,絹村
きぬもと,衣本
きぬや,絹谷
きぬやま,絹山
きぬわ,衣輪
きね,木根
きねかわ,杵川
きねざき,杵崎
きねはら,甲原
きねふち,杵淵
きねぶち,杵淵
きねぶち,杵渕
きねぶち,木根淵
きねぶち,木根渕
きねむち,杵鞭
きねむら,杵村
きねり,木練
きの,喜野
きの,紀
きの,紀野
きの,記野
きの,木野
きのう,喜納
きのう,寄能
きのう,貴納
きのう,木納
きのうえ,木上
きのうち,紀之内
きのうち,木ノ内
きのうち,木内
きのうち,木之内
きのうち,木野内
きのえ,甲
きのおか,紀ノ岡
きのくに,紀国
きのくにや,紀國谷
きのさき,木野崎
きのさだ,紀ノ定
きのし,喜熨斗
きのした,樹下
きのした,木ノ下
きのした,木下
きのした,木之下
きのしま,木ノ島
きのしま,木ノ嶋
きのしろ,城代
きのしろ,木代
きのせ,木ノ瀬
きのせ,木之瀬
きのた,木野田
きのだ,木野田
きのと,城ノ戸
きのと,城戸
きのと,木ノ戸
きのと,木野戸
きのね,木根
きのひら,木ノ平
きのみや,木宮
きのむら,木野村
きのめ,木野目
きのもと,木ノ元
きのもと,木ノ本
きのもと,木之本
きのもと,木野本
きのやま,木埜山
きのやま,木野山
きのわき,木ノ脇
きはし,木橋
きはた,木幡
きはた,木畑
きはた,木畠
きはな,木花
きはら,季原
きはら,鬼原
きはら,木原
きば,季羽
きば,騎馬
きば,木羽
きば,木場
きば,木葉
きばくら,木庭袋
きばし,木橋
きばた,木場田
きばた,木幡
きばた,木畑
きばな,木花
きばもと,木場本
きばやし,木林
きひさ,木久
きひら,紀平
きひら,木平
きび,吉備
きび,氣比
きびつ,吉備津
きびなが,吉備永
きふく,喜福
きふじ,木藤
きふね,貴船
きふね,木舟
きふね,木船
きふね,木舩
きぶかわ,癸生川
きぶし,木伏
きぶし,木歩士
きぶね,貴船
きぶね,貴舩
きぶね,木船
きべ,岐部
きべ,木部
きべ,木邊
きほう,亀宝
きほう,木方
きぼ,木保
きまえ,木前
きませ,木間瀬
きまた,木股
きまた,木全
きまた,木俣
きまち,木町
きまち,来海
きまち,來海
きまつか,木間塚
きみ,君
きみおか,君岡
きみかど,公門
きみかわ,君川
きみがふくろ,君ヶ袋
きみがぶくろ,君ヶ袋
きみさわ,君澤
きみしま,貴美島
きみしま,君島
きみしま,君嶋
きみじま,君島
きみじま,君嶋
きみじり,木見（尻の九が丸）
きみず,木水
きみずか,君（土へんに冢）
きみた,君田
きみつ,木光
きみつ,木密
きみつ,木蜜
きみつか,君塚
きみつき,君付
きみづか,君（土へんに冢）
きみづか,君塚
きみなみ,君波
きみなみ,木南
きみなりた,君成田
きみの,君野
きみはら,君原
きみはら,公原
きみもり,公森
きみや,木宮
きみや,木實谷
きみやす,君安
きみやま,喜見山
きみやま,君山
きみょう,木明
きみら,君羅
きみわだ,君和田
きむら,喜村
きむら,季村
きむら,紀村
きむら,貴村
きむら,貴邑
きむら,木村
きむら,木邑
きむら,木邨
きむら,来村
きむろ,紀室
きむろ,木室
きめ,木目
きめざわ,木目沢
きめた,木目田
きめだ,木目田
きもち,木持
きもつき,肝月
きもつき,肝付
きもつけ,肝付
きもと,喜本
きもと,紀本
きもと,樹本
きもと,木許
きもと,木元
きもと,木本
きもり,喜森
きもり,樹森
きもり,城森
きもり,木守
きもり,木森
きゃく,客
きゃくでん,客殿
きゃくの,客野
きゃくもと,客本
きゃしゃば,喜舎場
きゃん,喜屋武
きや,喜屋
きや,紀谷
きや,貴家
きや,木屋
きや,木家
きや,木谷
きや,木矢
きや,氣谷
きやかわうち,木屋川内
きやしき,鬼屋敷
きやじ,木屋路
きやす,喜安
きやす,木安
きやたけ,喜屋武
きやだ,喜屋田
きやなぎ,鬼柳
きやなぎ,木柳
きやはた,木谷畑
きやはら,喜屋原
きやぶ,木薮
きやま,喜山
きやま,帰山
きやま,貴山
きやま,鬼山
きやま,樹山
きやま,城山
きやま,木山
きやみ,木闇
きやむら,喜家村
きやむら,木谷村
きやむら,木矢村
きやん,喜屋武
きゅうい,休井
きゅうえ,久恵
きゅうえ,久江
きゅうかわ,久川
きゅうき,久喜
きゅうき,久木
きゅうきた,久北
きゅうこ,久古
きゅうごう,久郷
きゅうさい,久才
きゅうさか,休坂
きゅうさき,久崎
きゅうざき,久崎
きゅうし,久司
きゅうしき,急式
きゅうしま,久島
きゅうしま,久嶋
きゅうしん,久新
きゅうじ,久次
きゅうせ,久瀬
きゅうぜん,給前
きゅうそじん,久曽神
きゅうぞう,久蔵
きゅうと,久戸
きゅうとく,久徳
きゅうな,喜友名
きゅうの,久野
きゅうの,及能
きゅうの,弓野
きゅうはら,久原
きゅうば,休場
きゅうぶん,久文
きゅうほう,久寳
きゅうま,久間
きゅうま,久馬
きゅうもん,久門
きゅうら,久良
きゅうらぎ,久良木
きゅうわ,久和
きゆ,木湯
きゆう,亀遊
きゆうな,喜友名
きゆな,喜友名
きょう,杏
きょう,京
きょう,経
きょう,姜
きょう,經
きょうい,京井
きょういずみ,京泉
きょうえん,京円
きょうお,京尾
きょうかく,京角
きょうかね,京兼
きょうがく,京角
きょうぐち,京口
きょうこん,京紺
きょうごく,京極
きょうさい,京才
きょうさか,京坂
きょうさき,京崎
きょうさわ,京澤
きょうし,京師
きょうしま,京島
きょうしま,京嶋
きょうじょう,京條
きょうす,京須
きょうすな,京砂
きょうずか,経塚
きょうずみ,京角
きょうそう,京相
きょうそう,京増
きょうた,京田
きょうたに,京谷
きょうだ,京田
きょうだ,経田
きょうづか,京塚
きょうづか,京墓
きょうづか,経（土へんに冢）
きょうづか,経塚
きょうでん,京田
きょうでん,経田
きょうと,京都
きょうとう,京藤
きょうとく,京徳
きょうど,京戸
きょうどう,經堂
きょうにし,京西
きょうねんや,京念屋
きょうの,京野
きょうの,興野
きょうはし,京橋
きょうはら,京原
きょうばやし,京林
きょうぶ,京部
きょうぶ,刑部
きょうぶ,堯部
きょうほ,享保
きょうます,京増
きょうみ,京海
きょうむら,京村
きょうむれ,京牟礼
きょうむれ,京牟禮
きょうめん,京免
きょうもと,京本
きょうもり,京盛
きょうや,京屋
きょうや,京谷
きょうやま,姜山
きょうらいせき,教来石
きょうらく,京楽
きょうらく,京樂
きょくやま,曲山
きょし,許士
きょだ,許田
きよ,喜代
きよ,清
きよい,清井
きよいし,清石
きようら,清浦
きよえ,清枝
きよおか,清岡
きよか,清家
きよかね,清金
きよかね,清兼
きよかわ,清河
きよかわ,清川
きよきば,清木場
きよく,清久
きよくも,清雲
きよこば,清木場
きよさき,清崎
きよさと,清里
きよさわ,清沢
きよさわ,清澤
きよざわ,清沢
きよし,喜代吉
きよし,許士
きよし,清
きよし,木吉
きよしげ,清重
きよしま,清島
きよしま,清嶋
きよしろ,清代
きよじま,清島
きよす,清棲
きよすえ,清末
きよすぎ,清杉
きよすけ,清輔
きよすみ,清住
きよすみ,清須美
きよずみ,浄住
きよずみ,清住
きよずみ,清澄
きよせ,清瀬
きよぞの,浄園
きよた,喜代田
きよた,強田
きよた,清田
きよたき,清滝
きよたき,清瀧
きよたけ,清武
きよたに,清谷
きよだ,清田
きよち,清地
きよつか,清塚
きよつくり,清造
きよつる,清鶴
きよづか,清（土へんに冢）
きよづか,清塚
きよづみ,清積
きよと,清登
きよと,清都
きよとう,清遠
きよとう,清藤
きよとお,清遠
きよとき,清時
きよとし,清利
きよとも,清友
きよなか,清中
きよなが,清永
きよなり,清成
きよの,清野
きよのぶ,清信
きよはし,幾世橋
きよはし,清橋
きよはら,浄原
きよはら,清原
きよひろ,清弘
きよふじ,清藤
きよふね,清船
きよま,清間
きよます,清益
きよます,清舛
きよまつ,清松
きよみ,喜代美
きよみず,清水
きよみつ,清光
きよみはら,清見原
きよみや,清宮
きよむら,清村
きよもと,清元
きよもと,清本
きよや,清家
きよやなぎ,清柳
きよやま,清山
きら,（吉の士が土）良
きら,雲英
きら,雲母
きら,吉良
きらい,喜来
きらい,帰来
きらら,雲母
きり,喜利
きり,桐
きりあき,切明
きりあけ,桐明
きりあけ,切明
きりい,桐井
きりいけ,切池
きりいし,桐石
きりいし,切石
きりう,桐生
きりう,霧生
きりうち,桐内
きりえ,切江
きりえだ,桐枝
きりおか,桐岡
きりかえ,切替
きりかわ,桐川
きりがね,切金
きりがや,桐ケ谷
きりがや,桐ヶ谷
きりがや,桐谷
きりき,桐木
きりきひら,桐木平
きりぎし,切岸
きりく,紀陸
きりぐち,切口
きりこし,桐越
きりさこ,桐浴
きりさわ,桐沢
きりさわ,桐澤
きりしき,切敷
きりしま,桐島
きりしま,霧島
きりせこ,桐迫
きりた,桐田
きりた,切田
きりたに,桐谷
きりづか,切塚
きりと,桐戸
きりとおし,切通
きりとめ,切留
きりどおし,切通
きりなしざわ,切無沢
きりぬき,切貫
きりの,桐野
きりのき,桐木
きりはた,桐畑
きりはた,切畑
きりはた,切畠
きりはな,切鼻
きりはら,桐原
きりば,桐場
きりばやし,桐林
きりふ,切封
きりふじ,桐藤
きりぶち,桐渕
きりま,桐間
きりみち,切道
きりむら,桐村
きりめ,切目
きりもと,桐元
きりもと,桐本
きりや,桐谷
きりやま,喜里山
きりやま,桐山
きりやま,切山
きりゅう,鬼柳
きりゅう,吉柳
きりゅう,吉立
きりゅう,桐生
きりゅう,霧生
きりゅう,木竜
きりよし,桐吉
きりわき,桐脇
きるなか,切中
きれ,喜連
きれかわ,喜連川
きろこ,木呂子
きろば,木呂場
きわ,紀和
きわ,木和
きわき,木脇
きわた,黄綿
きわた,喜綿
きわた,木綿
きわだ,黄檗
きわだ,際田
きわだ,木和田
きわもと,際本
きん,金
きん,金武
きんかわ,金武川
きんが,近賀
きんがわ,金武川
きんぎょ,金魚
きんげつ,金月
きんこうざん,錦光山
きんご,金伍
きんごう,近郷
きんしち,金七
きんしょう,金正
きんじょう,金城
きんす,金須
きんせき,絹石
きんたい,金替
きんたいち,金田一
きんたか,金高
きんだ,金田
きんだい,金代
きんだいち,金田一
きんつじ,金辻
きんづか,金塚
きんと,金斗
きんとう,金藤
きんどう,金藤
きんどう,金道
きんなみ,金並
きんなみ,金浪
きんなん,金南
きんの,金野
きんのう,金納
きんば,金馬
きんばやし,金林
きんばら,金原
きんぱら,金原
きんぼし,金星
きんま,金馬
きんまん,金萬
きんや,金谷
ぎおん,祇園
ぎおん,祗園
ぎおんはく,祇園白
ぎおんはく,祗園白
ぎか,儀賀
ぎが,儀我
ぎが,儀賀
ぎし,義之
ぎしとみ,宜志富
ぎすし,宜寿次
ぎすじ,宜寿次
ぎそう,儀惣
ぎと,義ト
ぎとう,義藤
ぎどう,儀同
ぎなま,宜名眞
ぎに,儀仁
ぎのざ,宜野座
ぎぶ,儀武
ぎぶ,儀部
ぎべ,儀部
ぎほう,儀宝
ぎぼ,儀保
ぎぼ,宜保
ぎぼ,宣保
ぎま,儀間
ぎま,義間
ぎもと,義本
ぎゃくし,瘧師
ぎょう,暁
ぎょうじ,行司
ぎょうた,行田
ぎょうだ,行田
ぎょうてん,業天
ぎょうてん,行天
ぎょうとく,行（徳の心の上に一）
ぎょうとく,行徳
ぎょうば,行場
ぎょうぶ,尭部
ぎょうぶ,刑部
ぎょうぶ,形部
ぎょうぶ,行部
ぎょくせん,玉泉
ぎりこ,儀利古
ぎんかわ,銀川
ぎんがわ,銀川
ぎんじま,銀島
ぎんなん,銀杏
ぎんばやし,銀林
ぎんや,銀屋
ぎんやま,銀山
くいせこ,杭迫
くいた,杭田
くいだ,久井田
くいなぐち,水鶏口
くいひら,柊平
くいびら,柊平
くいもと,杭本
くうが,空閑
くうと,空戸
くえたに,杭谷
くお,九尾
くが,久家
くが,久我
くが,久賀
くが,空閑
くが,陸
くがい,久貝
くがい,陸井
くがぐち,久我口
くがさわ,久ケ沢
くがた,久賀田
くがたに,久賀谷
くがてん,久加天
くがの,久賀野
くがわ,九川
くき,久喜
くき,久木
くき,九鬼
くきざき,久木崎
くきた,久木田
くきた,茎田
くきつ,茎津
くきつ,莖津
くきどめ,久木留
くきなか,柊中
くきの,久木野
くきはら,久木原
くきはら,柊原
くきもと,久木元
くきもと,柊元
くきやま,久木山
くぎこ,釘子
くぎさき,釘崎
くぎざき,釘崎
くぎしま,釘島
くぎしま,釘嶋
くぎた,釘田
くぎたに,釘谷
くぎぬき,釘貫
くぎぬき,釘抜
くぎの,久木野
くぎまる,釘丸
くぎみつ,釘光
くぎみや,釘宮
くぎもと,釘本
くぎやま,釘山
くくつ,久々津
くくみなと,久々湊
くぐ,久具
くぐう,久々宇
くぐえ,久々江
くぐみなと,久々湊
くぐみや,久々宮
くけや,粋谷
くげ,久下
くげ,久家
くげ,公家
くげぬま,久下沼
くげもと,久下本
くご,久呉
くご,久後
くご,久語
くご,九後
くごう,久郷
くごう,九郷
くごた,久合田
くごたに,久古谷
くさ,久佐
くさ,草
くさい,草井
くさうら,草浦
くさお,草生
くさお,草尾
くさおか,草桶
くさおけ,草桶
くさか,久佐賀
くさか,久坂
くさか,草下
くさか,草加
くさか,草賀
くさか,草鹿
くさか,日下
くさかい,草皆
くさかい,草階
くさかえ,草替
くさかべ,草壁
くさかべ,日下部
くさかべ,日壁
くさかや,草萱
くさかり,草刈
くさかり,草苅
くさかわ,草川
くさが,久佐賀
くさが,草賀
くさがや,草ヶ谷
くさがわ,草川
くさき,草木
くさきさこ,草木迫
くさきざこ,草木迫
くさざき,草崎
くさしお,草塩
くさしま,草島
くさじま,草島
くさじま,草嶋
くさたに,草谷
くさだ,草田
くさち,草地
くさつ,草津
くさとう,草東
くさどめ,草留
くさなぎ,草（弓へんに剪）
くさなぎ,草薙
くさなぎ,日柳
くさにし,草西
くさの,草野
くさのぶ,草信
くさはら,草原
くさば,草場
くさば,草葉
くさびらき,草開
くさふか,草深
くさべ,草部
くさま,草間
くさま,日馬
くさまき,草牧
くさみず,草水
くさみち,草道
くさみつ,草光
くさもと,草本
くさもり,草森
くさやなぎ,草柳
くさやま,草山
くさわき,草別
くさわけ,草別
くさわけ,草訳
くざわ,九沢
くざわ,九澤
くし,久司
くし,久志
くし,串
くし,櫛
くしい,久志井
くしい,櫛井
くしおか,串岡
くしき,櫛木
くしきの,串木野
くしくらね,後蔵根
くしげ,櫛下
くしげ,櫛笥
くしげ,櫛毛
くしげた,櫛桁
くしげまち,櫛下町
くしざき,串崎
くしした,串下
くした,串田
くした,櫛田
くしだ,串田
くしだ,櫛田
くしの,櫛野
くしはし,櫛橋
くしはら,串原
くしはら,櫛原
くしびき,櫛引
くしぶち,櫛淵
くしぶち,櫛渕
くしべ,串部
くしべ,櫛部
くしま,久島
くしま,久嶋
くしま,九島
くしま,九嶋
くしま,串間
くしま,櫛間
くしまつ,串松
くしまつ,櫛松
くしみつ,串光
くしみや,串宮
くしめ,久志目
くしもと,久志本
くしや,櫛谷
くしやま,串山
くしやま,櫛山
くしろ,久城
くしろ,久代
くじ,久慈
くじはし,鬮橋
くじま,九島
くじま,九嶋
くじみち,久慈道
くじめ,久次米
くじゅうろ,久住呂
くじゅろ,久住呂
くじょう,九条
くじょう,公庄
くじら,鯨
くじらい,鯨井
くじらおか,鯨岡
くす,久須
くす,楠
くすい,楠井
くすい,楠居
くすうら,楠浦
くすお,楠生
くすお,楠尾
くすおか,楠岡
くすかみ,楠神
くすかめ,楠亀
くすかわ,楠川
くすがみ,楠神
くすがめ,楠亀
くすき,楠城
くすき,楠木
くすくら,楠倉
くすざき,楠崎
くすしま,楠島
くすせ,楠瀬
くすだ,楠田
くすど,楠戸
くすどう,楠堂
くすな,楠名
くすね,楠根
くすの,楠野
くすのき,楠
くすのき,楠木
くすのせ,楠瀬
くすはし,楠橋
くすはた,楠畑
くすはら,楠原
くすば,楠葉
くすばえ,楠生
くすばし,楠橋
くすばた,楠畑
くすばやし,楠林
くすばる,楠原
くすべ,楠部
くすま,楠間
くすまる,楠圓
くすみ,久住
くすみ,久須見
くすみ,久須美
くすみ,楠見
くすみ,楠美
くすむら,楠村
くすめ,楠目
くすめぎ,久寿米木
くすもと,久須本
くすもと,楠元
くすもと,楠本
くすもり,楠森
くすや,楠家
くすや,楠谷
くすやま,樟山
くすやま,楠山
くず,葛
くず,久津
くずう,葛生
くずお,葛尾
くずおか,葛岡
くずかた,葛形
くずかみ,葛上
くずかみ,葛神
くずかわ,葛川
くずがみ,葛上
くずき,葛城
くずぐち,葛口
くずさか,葛坂
くずした,葛下
くずしま,葛島
くずた,葛田
くずたに,葛谷
くずな,葛声
くずにし,葛西
くずぬき,葛貫
くずの,葛野
くずは,葛葉
くずはた,葛畑
くずはら,葛原
くずば,葛葉
くずば,崩場
くずま,葛間
くずま,葛馬
くずまき,葛巻
くずみ,葛見
くずみ,久住
くずみ,久澄
くずみ,九頭見
くずめ,葛目
くずめ,楠目
くずもと,葛本
くずや,葛谷
くずやま,葛山
くずれ,崩
くずわ,葛和
くずわた,葛綿
くせ,久世
くせ,久瀬
くせ,苦瀬
くぜ,久世
くぜ,久瀬
くぜ,弘世
くた,久田
くたに,久谷
くたに,九谷
くたにだ,九谷田
くたみ,久田見
くたみ,久民
くたみ,朽網
くたら,久樂
くたらぎ,久多良木
くたらぎ,久夛良木
くだ,久田
くだ,玖田
くだい,工代
くだか,久高
くだはら,久田原
くだま,久玉
くだまつ,久田松
くだら,百済
くち,口
くちい,久地井
くちい,久池井
くちい,口井
くちいし,口石
くちいわ,口岩
くちおか,久地岡
くちき,朽木
くちごうち,口垣内
くちだ,口田
くちつ,朽津
くちの,口野
くちのまち,口ノ町
くちのまち,口之町
くちはら,朽原
くちば,口羽
くちみ,朽見
くちむら,口村
くちょう,九町
くちら,久知良
くちわき,口脇
くぢおか,久地岡
くつ,久津
くつかけ,沓掛
くつき,久津木
くつき,朽木
くつざわ,沓沢
くつざわ,沓澤
くつな,久綱
くつな,朽名
くつな,沓名
くつな,忽那
くつない,沓内
くつぬぎ,沓脱
くつぬぎ,沓抜
くつぬぎ,沓拔
くつま,久津間
くつみ,久津見
くつみ,九津見
くつみ,玖津見
くつみず,沓水
くつむら,沓村
くつわ,久津輪
くつわ,久津和
くつわ,轡
くつわだ,轡田
くづう,葛生
くづおか,久津岡
くづな,久津名
くづま,久津摩
くづみ,九津見
くづろ,久津呂
くてけん,久手堅
くで,公手
くでけん,久手堅
くとう,久東
くとう,宮東
くとう,工藤
くとみ,久富
くとみ,九冨
くとめ,久留
くどう,久藤
くどう,宮東
くどう,宮藤
くどう,工藤
くどせ,久戸瀬
くどち,久土地
くどみ,久富
くどん,瞿曇
くない,九内
くなみ,九波
くに,九二
くにい,国井
くにい,國井
くにうら,國浦
くにえ,國江
くにえだ,国枝
くにえだ,國枝
くにおか,国岡
くにおく,国奥
くにおく,國奥
くにか,国香
くにか,國香
くにかげ,國影
くにかた,国方
くにかた,國方
くにかど,国門
くにかね,国兼
くにかね,国包
くにかね,國兼
くにかみ,国上
くにかわ,国川
くにが,國賀
くにがね,國金
くにがみ,国上
くにがみ,国頭
くにがみ,國頭
くにき,国樹
くにきた,國北
くにきょう,国京
くにきよ,國清
くにぎた,欅田
くにぎだ,（木へんに解）
くにくも,国雲
くにくも,國雲
くにごう,救仁郷
くにさ,国狹
くにさき,国（崎の大が立）
くにさき,国崎
くにさき,国東
くにさき,國（崎の大が立）
くにさき,國崎
くにさだ,国貞
くにさだ,国定
くにさだ,國定
くにさと,国里
くにさわ,国沢
くにさわ,国澤
くにさわ,國沢
くにさわ,國澤
くにざき,國崎
くにざね,国実
くにざわ,国沢
くにざわ,国澤
くにざわ,國沢
くにざわ,國澤
くにし,国司
くにし,國司
くにし,國志
くにしお,国塩
くにしお,國塩
くにしげ,国重
くにしげ,國重
くにした,国下
くにしま,国島
くにしま,国嶋
くにしま,國島
くにしま,國嶋
くにしろ,国代
くにしろ,國代
くにすえ,国陶
くにすえ,國居
くにすえ,國末
くにすけ,國祐
くにせ,国瀬
くにた,国田
くにた,國田
くにたけ,国武
くにたけ,國武
くにたて,国立
くにたて,國立
くにたま,国玉
くにたま,國玉
くにだ,国田
くにだ,國田
くにち,九日
くにちか,国近
くにちか,國近
くにつ,国津
くにつか,国柄
くにつぐ,国次
くにつぐ,国続
くにつぐ,國次
くにつぐ,國津
くにづか,国塚
くにとう,国遠
くにとう,国東
くにとう,国藤
くにとう,国頭
くにとう,國藤
くにとう,國頭
くにとき,国時
くにとし,国俊
くにとみ,国富
くにとみ,國富
くにとも,国友
くにとも,國友
くになか,国中
くになか,国仲
くになか,國中
くになか,國仲
くになが,國永
くににし,國西
くにの,國野
くにのぶ,国信
くにのぶ,國信
くにのり,國則
くにはら,国原
くにはら,國原
くにはら,椢原
くにば,国場
くにば,國場
くにひさ,國久
くにひら,国平
くにひろ,国広
くにひろ,国弘
くにひろ,國広
くにひろ,國弘
くにひろ,國廣
くにふさ,国房
くにふさ,國房
くにふじ,国藤
くにふじ,國藤
くにべ,国部
くにべ,國部
くにまさ,国政
くにまさ,國政
くにまさ,國正
くにまつ,国松
くにまつ,國松
くにまる,国丸
くにみ,国見
くにみ,國見
くにみつ,国光
くにみつ,国満
くにみつ,國光
くにみなと,久々湊
くにみね,国峯
くにみね,國峰
くにみね,國峯
くにむね,国宗
くにむね,國宗
くにむら,国村
くにもち,国持
くにもち,國持
くにもと,国本
くにもと,國元
くにもと,國本
くにもり,国守
くにもり,国森
くにや,国家
くにや,国谷
くにや,國谷
くにやす,国安
くにやす,國安
くにやま,国山
くにゅうだ,口入田
くにゆき,国行
くにゆき,國行
くによし,国吉
くによし,国芳
くによし,國（吉の士が土）
くによし,國吉
くにわき,国脇
くにわけ,国分
くぬき,九貫
くぬぎ,功刀
くぬぎ,功力
くぬぎ,桾
くぬぎ,椚
くぬぎざ,椚座
くぬぎた,欅田
くぬぎたに,椚谷
くぬぎだ,椚田
くぬぎはら,椚原
くぬぎやま,椚山
くね,久根
くねぐち,久根口
くねざき,久根崎
くねした,久根下
くの,久埜
くの,久野
くの,九野
くの,公野
くの,工野
くの,椹野
くのう,久納
くのう,久能
くのう,九重
くのぎ,久能木
くのぎ,久野木
くのぎ,功力
くのさか,九野坂
くのへ,九戸
くのむら,久野村
くのり,久乗
くのり,九里
くはら,久原
くはら,九原
くば,久羽
くば,久場
くば,久芳
くば,久葉
くばがわ,久場川
くばた,久畑
くばる,久原
くびしろ,首代
くぶき,久富木
くぶき,久冨貴
くぶき,久冨木
くぶきはら,久富木原
くぶしろ,久布白
くぶんでん,口分田
くぼ,久保
くぼ,久芳
くぼ,窪
くぼあき,久保秋
くぼい,久保井
くぼい,久保居
くぼいけ,窪池
くぼいわ,久保岩
くぼう,久宝
くぼうち,久保内
くぼうち,窪内
くぼおか,久保岡
くぼかわ,久保川
くぼかわ,窪川
くぼがみ,久保上
くぼき,久保木
くぼき,窪喜
くぼき,窪城
くぼき,窪木
くぼくら,久保倉
くぼくら,窪倉
くぼさか,久保坂
くぼさわ,久保沢
くぼさわ,久保澤
くぼしき,久保敷
くぼした,久保下
くぼしま,久保島
くぼしま,久保嶋
くぼしま,窪島
くぼしろ,久布白
くぼじま,久保島
くぼすみ,久保隅
くぼぞえ,久保添
くぼぞえ,窪添
くぼぞの,久保園
くぼぞの,久保薗
くぼぞの,窪園
くぼぞの,窪薗
くぼた,久保田
くぼた,窪多
くぼた,窪田
くぼたに,久保谷
くぼたに,窪谷
くぼち,久保地
くぼち,窪地
くぼつ,久保津
くぼつ,窪津
くぼてら,久保寺
くぼてら,窪寺
くぼで,久保出
くぼでら,久保寺
くぼでら,窪寺
くぼなか,久保中
くぼにし,窪西
くぼにわ,久保庭
くぼにわ,窪庭
くぼの,久保埜
くぼの,久保野
くぼの,窪野
くぼのうち,窪之内
くぼのや,窪谷
くぼはら,久保原
くぼみや,久保宮
くぼむら,久保村
くぼもと,久保本
くぼや,久保谷
くぼや,窪谷
くぼやま,久保山
くぼやま,窪山
くぼり,久保利
くぼり,久堀
くま,久間
くま,久万
くま,久満
くま,熊
くま,隈
くまい,熊井
くまい,隈伊
くまい,隈井
くまいど,熊井戸
くまうち,熊内
くまえ,熊江
くまえ,隈江
くまお,熊生
くまお,熊尾
くまおう,熊王
くまおか,熊岡
くまかや,熊谷
くまかわ,熊川
くまかわ,隈川
くまがい,熊谷
くまがえ,熊谷
くまがみ,熊耳
くまがみ,熊上
くまがわ,久万川
くまがわ,熊川
くまがわ,隈川
くまき,熊木
くまきり,熊切
くまぎ,熊木
くまぎり,熊切
くまくぼ,熊久保
くまくら,熊倉
くまくら,隈倉
くまさか,熊坂
くまさき,熊（崎の大が立）
くまさき,熊崎
くまさき,隈崎
くまさこ,熊迫
くまざき,熊（崎の大が立）
くまざき,熊崎
くまざき,隈崎
くまざき,隈嵜
くまざわ,熊沢
くまざわ,熊澤
くました,隈下
くましょう,熊庄
くましろ,熊城
くましろ,熊代
くましろ,熊白
くましろ,神代
くまじま,熊島
くます,熊須
くまず,熊頭
くませ,熊瀬
くまぜん,熊膳
くまぞえ,熊添
くまた,久間田
くまた,熊田
くまたに,熊谷
くまたはら,熊田原
くまたばら,熊田原
くまだ,久間田
くまだ,久万田
くまだ,久萬田
くまだ,熊田
くまだいら,熊手
くまだき,熊懐
くまて,熊手
くまで,熊手
くまとり,熊取
くまとり,熊捕
くまとりや,熊取谷
くまなし,熊無
くまにし,熊西
くまの,熊野
くまのごう,熊ノ郷
くまのみどう,熊埜御堂
くまのみどう,熊野御堂
くまのや,熊野谷
くまはし,熊橋
くまはら,熊原
くまはら,隈原
くまばやし,熊林
くまひら,熊平
くまふじ,熊藤
くまべ,久間部
くまべ,熊部
くまべ,隈部
くままえ,熊前
くままる,熊丸
くままる,隈丸
くまみ,熊見
くまみ,熊巳
くまもと,熊本
くまもと,隈元
くまもと,隈本
くまや,熊屋
くまやす,熊安
くまやま,熊山
くまんだ,九万田
くみ,組
くみがしら,組頭
くみき,久見木
くみさか,組坂
くみせ,久見瀬
くみた,久美田
くみた,汲田
くみた,組田
くみはし,組橋
くみむら,組村
くみもと,組本
くむら,久村
くむら,九村
くむら,玖村
くめ,久米
くめ,粂
くめい,久米井
くめい,粂井
くめうち,粂内
くめかわ,久米川
くめかわ,粂川
くめがい,粂谷
くめがわ,久米川
くめがわ,粂川
くめた,久米田
くめた,粂田
くめたに,粂谷
くめだ,久米田
くめだ,粂田
くめの,久米野
くめの,粂野
くめはら,久米原
くめむら,久米村
くめもと,久米本
くめや,久米谷
くめや,粂谷
くめやま,久米山
くめやま,粂山
くも,雲
くもい,雲井
くもうら,雲浦
くもお,雲尾
くもおか,雲岡
くもかわ,雲川
くもきた,雲北
くもこし,雲越
くもじ,雲地
くもだ,口分田
くもつ,雲津
くもで,口分田
くもで,蜘手
くもばやし,雲林
くもみね,雲峰
くもり,久守
くもん,久門
くもん,九門
くもん,公文
くもん,公門
くもんだ,久門田
くや,久屋
くやま,久山
くよう,九曜
くら,倉
くら,蔵
くら,内蔵
くら,藏
くらあと,倉跡
くらい,倉井
くらいえ,倉家
くらいし,倉石
くらうち,鞍打
くらうち,庫内
くらうち,倉内
くらうち,臓内
くらうち,蔵内
くらうち,藏内
くらお,倉尾
くらお,蔵尾
くらおか,倉岡
くらおか,蔵岡
くらかぎ,倉鍵
くらかけ,鞍掛
くらかけ,鞍懸
くらかけ,倉掛
くらかず,倉員
くらかず,倉数
くらかた,倉形
くらかた,倉片
くらかた,倉方
くらかた,蔵方
くらかた,藏方
くらかど,倉門
くらかど,藏角
くらかね,倉金
くらかね,倉兼
くらかみ,倉上
くらかり,倉狩
くらかわ,倉川
くらかわ,蔵川
くらかわ,藏川
くらがいち,倉ヶ市
くらがき,倉垣
くらがき,倉垣内
くらがさき,倉ヶ崎
くらがさき,蔵ヶ崎
くらがた,倉形
くらがね,倉金
くらがの,九良賀野
くらがの,倉賀野
くらき,久良木
くらき,倉起
くらき,倉木
くらく,工楽
くらぐち,倉口
くらぐち,藏口
くらけ,倉家
くらさか,倉阪
くらさき,倉崎
くらさき,藏埼
くらさこ,倉迫
くらさこ,蔵迫
くらさわ,倉沢
くらさわ,倉澤
くらしき,倉敷
くらしき,倉鋪
くらしき,蔵敷
くらしげ,倉重
くらしげ,倉繁
くらしげ,倉茂
くらしげ,蔵重
くらした,蔵下
くらした,藏下
くらしな,倉科
くらしな,倉品
くらしな,藏品
くらしま,倉島
くらしま,倉嶋
くらしま,倉嶌
くらしま,蔵島
くらしも,藏下
くらしょ,蔵所
くらじ,蔵治
くらすみ,倉住
くらずみ,倉住
くらずみ,蔵澄
くらずみ,藏澄
くらせ,倉瀬
くらせ,蔵瀬
くらぞの,倉園
くらた,鞍田
くらた,倉田
くらた,蔵多
くらた,蔵田
くらた,内蔵田
くらた,藏田
くらたか,倉高
くらたに,鞍谷
くらたに,倉谷
くらたに,蔵谷
くらたに,藏谷
くらだて,倉舘
くらだて,蔵立
くらち,久良知
くらち,倉知
くらち,倉地
くらち,倉智
くらつ,倉津
くらつ,倉都
くらつ,蔵津
くらつか,倉（土へんに冢）
くらつくり,鞍作
くらつじ,倉辻
くらつね,倉恒
くらつぼ,倉坪
くらつぼ,蔵坪
くらつめ,倉爪
くらづめ,倉爪
くらと,倉戸
くらとう,倉藤
くらとう,蔵藤
くらとう,蔵當
くらとこ,倉床
くらとみ,倉富
くらとみ,倉冨
くらとみ,蔵富
くらとみ,蔵冨
くらどう,倉堂
くらなが,倉永
くらなが,倉長
くらなみ,蔵並
くらなみ,藏並
くらなり,倉成
くらにし,倉西
くらぬき,倉貫
くらね,倉根
くらね,蔵根
くらの,鞍野
くらの,倉野
くらの,蔵野
くらの,藏野
くらのうち,蔵之内
くらのした,倉ノ下
くらのした,蔵ノ下
くらのした,蔵之下
くらは,訓覇
くらはし,倉橋
くらはし,蔵橋
くらはた,倉畑
くらはち,倉八
くらはやし,倉林
くらはら,倉原
くらはら,蔵原
くらはら,藏原
くらば,倉場
くらばやし,倉林
くらふじ,藏冨士
くらぶち,倉淵
くらぶち,倉渕
くらべ,倉部
くらべ,蔵部
くらべ,藏部
くらほり,藏堀
くらま,鞍馬
くらま,倉間
くらま,蔵間
くらまえ,倉前
くらまえ,藏前
くらまし,倉増
くらまし,蔵増
くらます,倉益
くらます,倉升
くらます,倉増
くらます,蔵増
くらます,藏枡
くらまた,倉俣
くらまた,倉又
くらまつ,倉松
くらみ,倉見
くらみつ,倉益
くらみつ,倉光
くらみつ,蔵光
くらみつ,蔵満
くらむかい,倉向
くらむら,倉村
くらもち,倉持
くらもち,蔵持
くらもと,鞍本
くらもと,庫本
くらもと,倉元
くらもと,倉本
くらもと,蔵元
くらもと,蔵本
くらもと,藏本
くらもり,倉盛
くらもり,蔵森
くらや,倉屋
くらや,倉谷
くらや,倉矢
くらや,蔵屋
くらや,藏屋
くらやしき,蔵屋敷
くらやま,倉山
くらよし,倉吉
くらわか,倉若
くり,久利
くり,九里
くり,栗
くりあき,栗秋
くりい,栗井
くりいいはら,栗飯原
くりいいばら,栗飯原
くりいわ,栗岩
くりう,久利生
くりう,栗生
くりう,繰生
くりうざわ,栗生沢
くりうざわ,栗生澤
くりうら,栗浦
くりお,栗尾
くりおか,栗岡
くりかみ,繰上
くりかわ,栗川
くりがた,栗形
くりがみ,繰上
くりがみ,操上
くりき,久力
くりき,栗城
くりき,栗木
くりけ,栗家
くりさか,栗坂
くりさき,栗（崎の大が立）
くりさき,栗崎
くりさき,栗嵜
くりさわ,栗沢
くりさわ,栗澤
くりざき,栗崎
くりしば,栗柴
くりしば,栗芝
くりしま,栗島
くりしま,栗嶋
くりす,久利須
くりす,栗須
くりす,栗栖
くりす,栗巣
くりぞの,栗園
くりた,栗田
くりたに,栗谷
くりたに,繰谷
くりたに,操谷
くりつぼ,栗坪
くりなが,栗永
くりなみ,栗波
くりにし,栗西
くりの,栗野
くりのぶ,栗延
くりのみや,栗之宮
くりはし,栗橋
くりはな,栗花
くりはま,栗濱
くりはら,栗原
くりばやし,栗林
くりばら,栗原
くりひさ,栗久
くりま,栗間
くりま,来間
くりまた,栗又
くりみつ,栗光
くりむら,栗村
くりもと,栗本
くりもり,栗盛
くりや,栗屋
くりや,厨
くりやがわ,栗谷川
くりやがわ,厨川
くりやき,栗焼
くりやま,栗山
くりやもと,栗谷本
くりゅう,久留生
くりゅう,栗羽
くりゅう,栗生
くりゅう,繰生
くりわき,栗脇
くりわだ,栗和田
くる,久留
くるさき,來（崎の大が立）
くるしま,久留島
くるしま,久留嶋
くるしま,来島
くるしま,来嶋
くるしま,耒嶋
くるじ,来司
くるじ,來司
くるす,久留主
くるす,久留須
くるす,栗栖
くるす,来栖
くるす,來栖
くるす,耒栖
くるた,来田
くると,久留戸
くるはら,久留原
くるはら,来原
くるべ,訓覇
くるま,車
くるま,来間
くるま,来馬
くるま,來馬
くるま,來摩
くるまさ,来正
くるまじ,車地
くるまた,車田
くるまたに,車谷
くるまだ,車田
くるまだに,車谷
くるまづか,車塚
くるまど,車戸
くるまや,車屋
くるまや,車谷
くるみ,久留美
くるみ,胡桃
くるみ,来見
くるみさわ,胡桃沢
くるみさわ,胡桃澤
くるみさわ,楜沢
くるみさわ,楜澤
くるみざわ,胡桃沢
くるみざわ,胡桃澤
くるみざわ,楜澤
くるみや,久留宮
くるめ,久留米
くるもと,来本
くれ,久礼
くれ,久禮
くれ,呉
くれい,榑井
くれいし,暮石
くれいずみ,暮泉
くれた,呉田
くれたけ,呉竹
くれたに,呉谷
くれたに,榑谷
くれだ,呉田
くれち,呉地
くれち,暮地
くれぬま,榑沼
くれは,呉羽
くれはら,呉原
くれば,塊場
くればやし,呉林
くればやし,紅林
くればやし,榑林
くれびと,呉人
くれべ,暮部
くれまつ,呉松
くれまつ,紅松
くれまつ,榑松
くれみや,呉宮
くれもと,呉本
くれや,呉屋
くれや,呉家
くろ,久呂
くろい,黒井
くろいし,黒石
くろいた,黒板
くろいで,畔出
くろいわ,黒岩
くろう,久良
くろうじ,黒氏
くろうす,黒臼
くろうち,黒内
くろうつ,久郎津
くろうど,蔵人
くろうまる,九郎丸
くろうめ,黒梅
くろえ,黒江
くろお,黒尾
くろおか,黒岡
くろかみ,黒上
くろかみ,黒神
くろかみ,黒髪
くろかわ,黒河
くろかわ,黒川
くろかわ,畔川
くろがき,黒柿
くろがた,黒潟
くろがね,黒金
くろがね,黒鉦
くろがね,鐵
くろがま,黒釜
くろき,黒木
くろき,畔木
くろきば,黒木場
くろぎ,黒木
くろくい,黒杭
くろくも,黒雲
くろくら,黒倉
くろこ,黒古
くろこ,黒子
くろこう,黒河
くろこうち,黒河内
くろこし,黒越
くろご,黒後
くろごう,黒郷
くろごうち,黒河内
くろごし,黒越
くろごめ,黒米
くろごめ,皀
くろさ,黒佐
くろさか,黒坂
くろさか,黒阪
くろさき,黒（崎の大が立）
くろさき,黒崎
くろささ,黒笹
くろさわ,黒沢
くろさわ,黒澤
くろさわつ,黒沢津
くろしお,黒潮
くろした,黒下
くろしま,黒島
くろしま,黒嶋
くろじ,黒地
くろす,黒子
くろす,黒須
くろす,黒巣
くろすぎ,黒杉
くろすみ,黒住
くろず,黒図
くろず,黒豆
くろずみ,黒済
くろずみ,黒住
くろせ,黒（瀬の頁が刀の下に貝）
くろせ,黒瀬
くろそう,黒相
くろぞえ,黒添
くろぞの,黒園
くろた,黒田
くろたき,黒滝
くろたき,黒瀧
くろたけ,黒竹
くろたに,黒谷
くろたに,疇谷
くろだ,黒田
くろだ,畔田
くろち,黒地
くろつ,黒津
くろつか,黒塚
くろつち,黒土
くろつぼ,黒坪
くろとび,黒飛
くろとり,黒鳥
くろとり,畔取
くろどう,黒堂
くろなが,玄永
くろなが,黒永
くろなが,黒長
くろにた,黒仁田
くろぬま,黒沼
くろね,黒根
くろの,黒野
くろのつぼ,黒野坪
くろのみや,久呂宮
くろは,黒羽
くろはし,黒橋
くろはた,黒畑
くろはね,黒羽
くろはね,黒羽根
くろはね,黒羽子
くろはばき,黒（脛のエの下に巾）
くろはま,黒浜
くろはら,黒原
くろば,黒羽
くろばね,黒羽
くろばね,黒羽根
くろばやし,黒林
くろひじ,黒肱
くろふち,黒淵
くろぶち,黒淵
くろぶち,黒渕
くろべ,黒部
くろぼし,黒星
くろぼり,黒堀
くろまき,黒牧
くろまつ,黒松
くろまる,黒丸
くろみ,黒見
くろみず,黒水
くろみつ,黒光
くろみや,黒宮
くろみょう,黒明
くろむしゃ,黒武者
くろめ,黒目
くろめがわ,九朗明川
くろもと,黒元
くろもと,黒本
くろもり,黒森
くろや,黒屋
くろやなぎ,黒柳
くろやなぎ,畔柳
くろやぶ,黒藪
くろやま,黒山
くろよね,黒米
くわ,久和
くわ,桑
くわい,桑井
くわうち,桑内
くわえ,加
くわえ,桑江
くわおり,桑折
くわかど,桑門
くわがいと,桑垣内
くわがき,桑垣
くわがた,桑形
くわがた,鍬形
くわがた,鍬方
くわき,桑木
くわきの,桑木野
くわくぼ,桑久保
くわこ,桑古
くわこ,桑子
くわさき,桑崎
くわさき,鍬崎
くわさこ,桑迫
くわさわ,桑沢
くわさわ,桑澤
くわざき,桑崎
くわざわ,桑澤
くわしげ,桑重
くわしま,桑島
くわしま,桑嶋
くわしま,桑嶌
くわしろ,桑城
くわしろ,桑代
くわじま,桑島
くわじま,桑嶋
くわずる,桑水流
くわせ,桑瀬
くわた,桑田
くわた,鍬田
くわた,桒田
くわたか,桑高
くわたに,桑谷
くわたり,九渡
くわだ,桑田
くわち,桑地
くわつか,鍬塚
くわつる,桑鶴
くわづ,桑津
くわづる,桑水流
くわづる,桑鶴
くわと,桑戸
くわな,桑名
くわなみ,桑南
くわの,久和野
くわの,桑野
くわの,鍬野
くわはた,桑波田
くわはた,桑幡
くわはた,桑畑
くわはた,桑畠
くわはら,桑原
くわはら,桒原
くわはらだ,桑原田
くわばた,桑波田
くわばた,桑畑
くわばら,桑原
くわばら,桒原
くわむら,桑村
くわむら,桒村
くわもと,桑元
くわもと,桑本
くわもと,鍬本
くわもり,桑守
くわもり,桑森
くわもり,鍬守
くわやま,桑山
くんだ,薫田
ぐし,具志
ぐしかた,具志堅
ぐしかわ,具志川
ぐしけん,具志堅
ぐしはまじょう,後濱門
ぐしま,具島
ぐしま,具嶋
ぐじま,具島
ぐそく,具足
ぐみさわ,桾沢
ぐりた,操田
ぐろ,具路
ぐんき,軍記
ぐんけ,郡家
ぐんげ,郡家
ぐんし,郡司
ぐんじ,軍司
ぐんじ,軍地
ぐんじ,郡司
ぐんじかけ,郡司掛
ぐんじがけ,郡司掛
ぐんじま,郡島
ぐんじま,郡嶋
ぐんじま,郡嶌
ぐんじょう,郡上
ぐんだ,郡田
ぐんち,軍地
ぐんない,郡内
ぐんの,郡野
ぐんばら,郡原
けあげ,蹴揚
けい,毛井
けいい,慶伊
けいお,慶尾
けいか,桂華
けいごえ,慶越
けいごし,慶越
けいしゅう,慶秀
けいだ,啓田
けいだ,慶田
けいちょう,慶長
けいづか,啓塚
けいとく,花篤
けいとく,慶徳
けいとく,桂徳
けいとら,啓乕
けいの,慶野
けいま,桂馬
けいもと,慶元
けいら,計良
けいりんぼう,慶林坊
けがさわ,気賀沢
けがさわ,気賀澤
けがさわ,氣賀澤
けごし,毛越
けさまる,袈裟丸
けさまる,今朝丸
けしば,結柴
けしば,毛芝
けせん,気仙
けせん,氣仙
けた,気多
けた,気田
けた,計田
けた,氣多
けた,氣田
けたしろ,慶田城
けたもり,慶田盛
けたやま,桁山
けだ,毛田
けだしろ,慶田城
けだはな,慶田花
けだもり,慶田盛
けっそく,結束
けっとく,決得
けつか,毛束
けづか,毛（土へんに冢）
けづか,毛塚
けとういん,邪答院
けど,毛戸
けどういん,祁答院
けな,毛穴
けぬき,毛貫
けば,京馬
けぶかわ,毛部川
けぶかわ,癸生川
けぼうし,毛防子
けま,京馬
けま,毛馬
けまない,毛馬内
けみがわ,検見川
けむやま,煙山
けむりやま,煙山
けもと,家本
けやき,槻
けやき,欅
けやきだ,欅田
けやきだに,欅谷
けやむら,毛家村
けやむら,毛谷村
けら,解良
けら,計良
けらかわち,螻川内
けるま,慶留間
けん,健
けんがく,見学
けんざか,見坂
けんざき,監（崎の大が立）
けんざき,監崎
けんざき,剣崎
けんざき,釼先
けんしょう,堅正
けんじゅう,劔重
けんじょう,権丈
けんじょう,見上
けんじょう,見城
けんじょう,見常
けんじょう,見生
けんたわ,乾田和
けんだ,券田
けんだ,見田
けんだ,劔田
けんだ,剱田
けんち,釼地
けんちゅう,間中
けんとう,見藤
けんどう,犬童
けんどう,見藤
けんねんだい,見年代
けんの,見野
けんのき,劔木
けんのき,釼木
けんぽう,見宝
けんま,間馬
けんま,見満
けんま,験馬
けんみ,花見
けんみ,賢見
けんみざき,検見崎
けんみょう,見明
けんめい,（彳に建）名
けんめい,健名
けんもく,見目
けんもち,剣持
けんもち,堅持
けんもち,劔持
けんもち,剱持
けんもち,釼持
けんもつ,監物
けんもつ,剣持
けんもつ,劔持
けんもつ,剱持
けんもつ,釼持
けんもと,釼本
けんよし,剱吉
けんよし,釼吉
けんり,見理
げいりん,芸林
げか,外賀
げが,外賀
げき,外記
げし,下司
げし,夏至
げしうら,外子浦
げしろ,下代
げじ,下司
げじま,源島
げじま,源嶋
げじま,槐島
げじょう,下条
げじょう,下條
げっか,月花
げっかい,月海
げっこう,月向
げっせい,月精
げっそう,月僧
げっとう,月東
げもり,下森
げん,元
げん,源
げん,玄
げんいし,源石
げんえい,玄永
げんえい,現影
げんおく,玄奥
げんおぞの,現王園
げんか,源河
げんかく,玄覚
げんかく,玄角
げんかわ,源河
げんかわ,源川
げんが,源河
げんがわ,源川
げんく,源久
げんこ,玄古
げんこう,源幸
げんご,源後
げんご,玄後
げんごろうまる,源五郎丸
げんじ,元治
げんじだ,源氏田
げんじま,源島
げんじょう,源城
げんじょう,源常
げんだ,源田
げんだ,玄田
げんだ,現田
げんだい,源代
げんち,元智
げんち,玄地
げんちょう,玄長
げんつ,元津
げんつ,源津
げんつう,源通
げんて,玄手
げんない,源内
げんなみ,源波
げんの,源野
げんの,玄野
げんのうぞの,現王園
げんば,玄羽
げんば,玄馬
げんば,玄幡
げんば,玄番
げんば,玄蕃
げんば,玄葉
げんぶん,元文
げんぺい,源平
げんぼ,玄甫
げんま,弦間
げんま,源馬
げんま,玄間
げんめい,源明
げんろく,源六
こあきもと,小秋元
こあくつ,小堆
こあくつ,小圷
こあさ,小浅
こあし,小芦
こあし,小足
こあじ,小鯵
こあぜ,小畔
こあぜ,小疇
こあな,小穴
こあみ,小網
こあみなか,小網中
こあら,小荒
こあらい,小荒井
こあらい,小新井
こあらし,小嵐
こあらだ,小荒田
こい,己斐
こい,小井
こいいだ,小飯田
こいいづか,小飯塚
こいえ,古家
こいえ,鯉江
こいかわ,鯉川
こいかわ,肥川
こいがわ,小井川
こいけ,古池
こいけ,小生
こいけ,小池
こいけがみ,小池上
こいざわ,小井沢
こいし,小石
こいしかわ,小石川
こいしざわ,小石沢
こいしはら,小石原
こいしみね,小石峰
こいじ,越路
こいじま,鯉島
こいずみ,巨泉
こいずみ,古泉
こいずみ,幸泉
こいずみ,児泉
こいずみ,小出水
こいずみ,小泉
こいそ,小磯
こいそ,小礒
こいた,鯉田
こいた,小板
こいたに,鯉谷
こいたばし,小板橋
こいたや,小板谷
こいだ,己斐田
こいだ,鯉田
こいだ,小井田
こいだ,恋田
こいち,小市
こいちたに,古市谷
こいちはら,小一原
こいづか,肥（土へんに冢）
こいづか,肥塚
こいづか,恋塚
こいづみ,古泉
こいづみ,小泉
こいで,古出
こいで,小井手
こいで,小出
こいでみず,小出水
こいと,小井戸
こいと,小糸
こいとう,小伊藤
こいど,小井戸
こいど,小井土
こいぬま,鯉沼
こいぬま,小井沼
こいぬま,濃沼
こいぬま,肥沼
こいぬまる,小犬丸
こいね,古稲
こいね,小井根
こいね,小稲
こいの,鯉野
こいの,濃野
こいぶち,鯉淵
こいぶち,鯉渕
こいまい,小今井
こいろ,越路
こいわ,小岩
こいわい,古岩井
こいわい,小岩井
こいわい,小祝
こいわや,小岩屋
こう,（はしご高）
こう,黄
こう,幸
こう,康
こう,江
こう,洪
こう,高
こう,神
こう,國府
こうい,厚井
こうい,孝井
こうい,鴻井
こういし,甲石
こういずみ,幸泉
こういわ,幸岩
こううち,幸内
こううち,講内
こううち,香内
こうえん,（はしご高）縁
こうえん,香遠
こうえん,高縁
こうおう,幸王
こうおか,高岡
こうか,江夏
こうかき,幸加木
こうかみ,鴻上
こうかめ,高亀
こうかわ,幸川
こうが,公賀
こうが,甲賀
こうがしら,幸頭
こうがみ,溝上
こうがみ,鴻上
こうがわ,甲川
こうき,幸喜
こうき,香木
こうき,小浮
こうきつ,纐纈
こうきょうじ,光教路
こうぎ,鴻戯
こうぐち,河口
こうぐち,孝口
こうぐち,工口
こうぐち,香口
こうぐち,高口
こうぐち,小尾口
こうけ,古家
こうけ,公家
こうけい,高慶
こうけつ,交告
こうけつ,纐纈
こうげ,高下
こうげつ,江月
こうげん,高源
こうこ,江湖
こうご,向後
こうご,幸後
こうご,高後
こうごう,向郷
こうさ,幸佐
こうさ,甲佐
こうさ,高佐
こうさい,香西
こうさか,（はしご高）坂
こうさか,（はしご高）阪
こうさか,河阪
こうさか,向坂
こうさか,向阪
こうさか,幸坂
こうさか,幸阪
こうさか,甲坂
こうさか,香坂
こうさか,高坂
こうさか,高阪
こうさか,鴻坂
こうさか,上坂
こうさか,上阪
こうさき,幸崎
こうさき,神前
こうさく,耕作
こうさこ,高迫
こうさわ,幸澤
こうざい,幸西
こうざい,香西
こうざき,光崎
こうざき,幸崎
こうざき,甲（崎の大が立）
こうざき,神崎
こうざき,神前
こうざし,上指
こうざと,上里
こうざわ,光沢
こうざわ,神沢
こうざん,甲山
こうざん,耕山
こうし,好士
こうし,孝子
こうし,合志
こうした,香下
こうしな,神品
こうしま,河島
こうしま,光嶋
こうしま,幸島
こうしま,幸嶋
こうしま,甲島
こうしま,神島
こうしゅう,甲州
こうしょう,幸正
こうしょう,高昌
こうしろ,幸城
こうしろ,神代
こうしん,向新
こうじ,小路
こうじ,圀府寺
こうじ,糀
こうじたに,糀谷
こうじだ,糀田
こうじな,神志那
こうじな,神支那
こうじな,神品
こうじま,光島
こうじま,幸島
こうじま,鴻島
こうじま,国府島
こうじまち,麹町
こうじもと,柑本
こうじもと,糀本
こうじや,糀屋
こうじや,糀谷
こうじゅ,孝寿
こうじゅ,孝壽
こうじょう,向上
こうじょう,校條
こうじょう,香城
こうじょう,高乗
こうじろ,神代
こうじん,幸神
こうじん,講神
こうすぎ,光杉
こうず,甲津
こうず,高津
こうず,神津
こうず,神頭
こうずい,光随
こうずい,洪水
こうずき,高月
こうずき,上月
こうずま,上妻
こうせい,幸正
こうせい,高姓
こうせつ,幸節
こうせんじ,高専寺
こうせんぼう,高仙坊
こうぜき,河関
こうぜん,興膳
こうぜん,幸前
こうそ,高曽
こうそ,高祖
こうそ,神尊
こうそう,高僧
こうそかべ,香宗我部
こうた,古宇田
こうた,幸田
こうた,甲田
こうたか,香（はしご高）
こうたか,香高
こうたか,高鷹
こうたき,上滝
こうたき,上瀧
こうたけ,神武
こうたち,甲立
こうたに,河谷
こうたに,幸谷
こうたに,甲谷
こうたに,香谷
こうたり,神足
こうたり,神足
こうだ,黄田
こうだ,古宇田
こうだ,光田
こうだ,好田
こうだ,孝田
こうだ,幸田
こうだ,江田
こうだ,甲田
こうだ,紅田
こうだ,耕田
こうだ,行田
こうだ,香田
こうだ,鴻田
こうだ,国府田
こうだ,小宇田
こうだ,神田
こうだ,國府田
こうだい,高台
こうだつ,光達
こうだて,高達
こうち,（はしご高）地
こうち,（はしご高）智
こうち,河内
こうち,古内
こうち,胡内
こうち,光地
こうち,公地
こうち,幸地
こうち,甲地
こうち,高知
こうち,高地
こうち,高智
こうちやま,河内山
こうちゅう,孝忠
こうつ,河津
こうつ,高津
こうつか,高塚
こうつき,香月
こうつき,上月
こうつさ,高津佐
こうづ,（はしご高）津
こうづ,甲津
こうづ,香津
こうづ,高津
こうづ,神津
こうづか,河塚
こうづか,幸塚
こうづか,庚塚
こうづき,上月
こうづき,神月
こうづけ,上野
こうづま,（はしご高）妻
こうづま,高妻
こうづま,上妻
こうでら,幸寺
こうでら,圀府寺
こうと,児戸
こうと,小宇都
こうとう,厚東
こうとう,向当
こうとう,向當
こうとく,幸徳
こうとく,神徳
こうとみ,光富
こうどう,河道
こうどう,幸藤
こうどう,甲藤
こうどう,講堂
こうどの,神殿
こうの,（はしご高）野
こうの,黄野
こうの,河埜
こうの,河野
こうの,光野
こうの,向野
こうの,巷野
こうの,幸野
こうの,甲能
こうの,甲野
こうの,糠野
こうの,紅野
こうの,耕野
こうの,香野
こうの,高野
こうの,鴻野
こうの,神埜
こうの,神野
こうのいけ,鴻池
こうのう,鴻農
こうのう,神農
こうのうみ,鴻海
こうのえ,鴻江
こうのき,香ノ木
こうのし,神野志
こうのす,鴻巣
こうのせ,高野瀬
こうのせ,神瀬
こうのべ,（はしご高）野辺
こうのべ,光延
こうのべ,高野辺
こうのみ,鴻海
こうのもり,鴻森
こうはし,孝橋
こうはた,光畑
こうはた,甲畑
こうはた,香畑
こうはら,幸原
こうはら,甲原
こうはら,香原
こうはら,鴻原
こうはら,神原
こうばい,紅梅
こうばた,甲畑
こうばやし,幸林
こうばやし,香林
こうばら,高原
こうばら,神原
こうひさ,河久
こうふかた,甲府方
こうふがた,甲府方
こうふく,幸福
こうふじ,孝冨士
こうぶち,河渕
こうへい,公平
こうべ,河辺
こうべ,河邉
こうべ,興辺
こうべ,兄部
こうべ,光部
こうべ,幸部
こうべ,甲部
こうべ,高邉
こうべ,神戸
こうほ,幸保
こうぼ,幸保
こうぼう,弘保
こうま,高馬
こうま,高麗
こうま,小馬
こうまえ,幸前
こうまつ,幸松
こうまつ,神松
こうまる,幸丸
こうみ,高味
こうみ,小海
こうみつ,幸光
こうみょう,光明
こうみょういん,光明院
こうみょうじ,光妙寺
こうみょうじ,光明寺
こうむら,（はしご高）村
こうむら,河村
こうむら,古布村
こうむら,幸村
こうむら,甲村
こうむら,紅村
こうむら,香村
こうむら,高村
こうむら,鴻村
こうむら,神村
こうめ,小梅
こうめい,光明
こうめん,高免
こうも,河面
こうもと,（はしご高）本
こうもと,河本
こうもと,光本
こうもと,孝本
こうもと,幸元
こうもと,幸本
こうもと,広本
こうもと,甲元
こうもと,甲本
こうもと,講元
こうもと,香本
こうもと,高本
こうもと,鴻本
こうもり,幸森
こうもん,公門
こうもんじょう,公門城
こうや,幸谷
こうや,甲谷
こうや,高屋
こうや,高谷
こうや,高野
こうや,国府谷
こうや,神屋
こうや,神谷
こうやなぎ,幸柳
こうやま,（はしご高）山
こうやま,公山
こうやま,幸山
こうやま,甲山
こうやま,香山
こうやま,高山
こうやま,神山
こうら,（はしご高）良
こうら,古浦
こうら,甲良
こうら,高羅
こうら,高良
こうら,子浦
こうら,児浦
こうら,小宇羅
こうら,小浦
こうら,神良
こうらい,光来
こうらい,光來
こうらい,向来
こうらい,高麗
こうらば,小浦場
こうり,郡
こうりき,高力
こうりん,幸林
こうりん,江林
こうりん,香林
こうろ,興梠
こうろ,紅露
こうろ,高路
こうろ,高梠
こうろう,上郎
こうろき,興梠
こうろぎ,興呂木
こうろぎ,興梠
こうろく,高鹿
こうろく,高録
こえがいつ,肥垣津
こえさし,小枝指
こえじ,越路
こえずみ,小栄住
こえたか,聲高
こえだ,小枝
こえだ,小條
こえだ,肥田
こえち,越智
こえづか,肥（土へんに冢）
こえづか,肥塚
こえぬま,肥沼
こえはた,小江畑
こえら,古恵良
こお,国府
こお,國府
こおか,小岡
こおく,小奥
こおぐち,小尾口
こおさか,上坂
こおざき,神嵜
こおず,（はしご高）津
こおだ,向田
こおの,河野
こおり,桑折
こおり,郡
こおりた,郡田
こおりだ,凍田
こおりはま,郡濱
こおりやま,郡山
こおろ,紅露
こおろぎ,興梠
こおろぎ,蟋蟀
こかい,湖海
こかい,小海
こかき,小柿
こかご,古神子
こかじ,古梶
こかじ,古鍛冶
こかじ,小梶
こかじ,小鍛治
こかぜ,小風
こかつ,小勝
こかど,古角
こかど,小門
こかぶ,古株
こかぶ,小甲
こかべ,小壁
こかめ,小亀
こかも,小鴨
こかりまい,小苅米
こかわ,粉川
こかわど,小川戸
こかん,古閑
こが,久我
こが,古家
こが,古河
こが,古我
こが,古賀
こが,古閑
こが,小賀
こがい,子飼
こがい,小海
こがい,小貝
こがい,小粥
こがい,小飼
こがいと,古垣内
こがいと,小垣内
こがうち,小河内
こがき,小垣
こがけ,小掛
こがさか,古賀坂
こがさか,小賀坂
こがた,古形
こがた,小形
こがち,古我知
こがち,古勝
こがち,小勝
こがつら,小桂
こがね,古金
こがね,小金
こがねい,黄金井
こがねい,小金井
こがねさわ,小金沢
こがねさわ,小金澤
こがねざき,黄金崎
こがねざわ,小金沢
こがねざわ,小金澤
こがねだいら,小金平
こがねぶち,小金渕
こがねまる,小金丸
こがねや,古金谷
こがねやま,小金山
こがの,古賀野
こがはら,小河原
こがばやし,古賀林
こがま,古鎌
こがまる,古閑丸
こがみ,古上
こがみ,古神
こがみ,小紙
こがみ,小神
こがめ,小亀
こがも,小鴨
こがもり,古閑森
こがや,小萱
こがゆ,小粥
こがらす,小烏
こがりまい,小苅米
こがるまい,小軽米
こがわ,古川
こがわ,好川
こがわ,子川
こがわ,小河
こがわ,小川
こがわ,粉川
こがわら,小河原
こき,古木
こきた,小北
こきど,小城戸
こきど,小木戸
こぎ,近木
こぎ,古城
こぎ,古木
こぎ,小儀
こぎ,小木
こぎく,小菊
こぎし,古岸
こぎし,小岸
こぎそ,小木曽
こぎた,小喜多
こぎた,小北
こぎた,小木田
こぎの,漕野
こぎれ,小切
こぎん,古吟
こくえ,小久江
こくが,国賀
こくがん,國眼
こくざわ,石沢
こくざわ,石澤
こくし,国司
こくし,國司
こくし,國師
こくしょう,国生
こくしょう,黒正
こくしょう,國生
こくせん,國仙
こくそ,黒祖
こくぞう,穀蔵
こくた,穀田
こくたに,黒谷
こくち,小口
こくとう,國東
こくど,国土
こくど,國土
こくにし,國西
こくぬぎ,小椚
こくね,古久根
こくのう,國納
こくば,国場
こくば,國場
こくふ,国府
こくふ,国分
こくふ,國府
こくふかた,国府方
こくふがた,国府方
こくふた,国府田
こくふだ,国府田
こくぶ,国府
こくぶ,国分
こくぶ,國府
こくぶ,國部
こくぶ,國分
こくぶがた,国府方
こくぶがた,國府方
こくぶん,国分
こくぶん,國分
こくほ,国保
こくほう,国宝
こくぼ,古久保
こくぼ,国保
こくぼ,国母
こくぼ,小久保
こくぼ,小窪
こくぼ,國保
こくぼ,國母
こくま,古熊
こくまい,国米
こくまい,國米
こくまえ,石前
こくやま,穀山
こくら,古倉
こくら,小倉
こくりゅう,国立
こくりゅう,國立
こくりょう,国料
こくりょう,國料
こくりょう,國領
こくれ,小暮
こくれ,木暮
こぐし,小串
こぐす,小楠
こぐすく,湖城
こぐすり,小薬
こぐすり,小藥
こぐち,古口
こぐち,胡口
こぐち,小口
こぐね,古久根
こぐま,小熊
こぐまさか,小熊坂
こぐまざか,小熊坂
こぐれ,小暮
こぐれ,小榑
こぐれ,木暮
こぐれ,木檜
こぐれ,木榑
こぐろ,小黒
こけあん,苔庵
こけい,虎渓
こけぐち,苔口
こけだ,苔田
こけつ,古結
こけなわ,苔縄
こげつ,古結
こげん,古源
ここがわ,爰川
ここち,爰地
ここのびら,九平
ここま,小駒
こころ,小古呂
こご,古後
こごい,小古井
こごう,古郷
こごう,小郷
こごう,小合
こごえ,牛糞
こごえ,小越
こごし,小越
こごた,小牛田
こごち,凝地
こごま,小駒
こごもり,子籠
こさ,小佐
こさい,小佐井
こさい,小斎
こさい,小斉
こさいど,小才度
こさいひら,小齊平
こさか,古坂
こさか,子坂
こさか,小坂
こさか,小阪
こさか,小酒
こさかい,小坂井
こさかい,小酒井
こさかたに,小坂谷
こさかべ,越坂部
こさかべ,小坂部
こさき,古崎
こさき,古嵜
こさき,小（崎の大が立）
こさき,小崎
こさき,小先
こさき,小嵜
こさく,古作
こさく,古谷
こさく,小作
こさく,小迫
こさけ,小酒
こさこ,小佐古
こさこ,小迫
こささ,小佐々
こささ,小笹
こさだ,小佐田
こさと,小里
こさの,小佐野
こさば,小鯖
こさべ,小佐部
こさみ,小佐見
こさわ,古澤
こさわ,小澤
こさわだ,小澤田
こざ,古座
こざい,古在
こざい,古財
こざい,小佐井
こざい,小材
こざい,小財
こざか,小坂
こざか,小阪
こざかい,小境
こざかい,小坂井
こざかい,小堺
こざかい,小酒井
こざき,湖（崎の大が立）
こざき,湖崎
こざき,狐崎
こざき,胡崎
こざき,胡嵜
こざき,小（崎の大が立）
こざき,小崎
こざき,小嵜
こざき,木嵜
こざくら,小桜
こざくら,小櫻
こざさ,小佐々
こざさ,小笹
こざさはら,古笹原
こざと,小里
こざの,古座野
こざま,小座間
こざむらい,小侍
こざる,小猿
こざわ,古沢
こざわ,小沢
こざわ,小澤
こし,越
こし,古志
こし,腰
こし,輿
こしい,越井
こしいし,越石
こしいし,輿石
こしうら,越浦
こしえ,越栄
こしお,越塩
こしお,越尾
こしお,古塩
こしお,小塩
こしお,小汐
こしおか,越岡
こしおか,腰岡
こしか,小鹿
こしかわ,越川
こしきざわ,小式沢
こしきや,古敷谷
こしきやま,小式山
こしぎり,越桐
こしこ,越湖
こしごえ,腰越
こしさか,越坂
こしさこ,越迫
こしざか,越坂
こしざき,越崎
こしざわ,越沢
こしざわ,越澤
こしじ,越地
こしじ,越路
こしじ,腰地
こしじま,越島
こした,越田
こした,小下
こしたか,腰高
こしたに,越谷
こしだ,越田
こしぢ,越地
こしつか,腰塚
こしつか,腰冢
こしづか,越（土へんに冢）
こしづか,越塚
こしづか,腰塚
こしとり,越取
こしど,越戸
こしなか,越中
こしなか,越仲
こしなが,越永
こしぬま,越沼
こしの,越野
こしの,古志野
こしの,腰野
こしの,小篠
こしはた,越畑
こしはら,腰原
こしば,越場
こしば,越馬
こしば,小柴
こしば,小芝
こしばえ,小椎八重
こしふじ,越藤
こしぶ,越生
こしべ,越部
こしま,越間
こしま,古嶋
こしま,後間
こしま,小島
こしまえ,越前
こしまる,越丸
こしみず,越水
こしみず,古清水
こしみず,小清水
こしみず,輿水
こしみち,越道
こしみつ,越光
こしむね,越宗
こしむら,越村
こしめぐり,腰巡
こしも,小霜
こしもと,越元
こしもと,越本
こしもと,腰本
こしもり,越森
こしゃ,古謝
こしや,越谷
こしやま,越山
こしやま,腰山
こしょう,古庄
こしょう,古性
こしょうじ,古小路
こしろ,古城
こしろ,古代
こしろ,湖城
こしろ,小城
こしろ,小代
こしん,小新
こしんだ,小新田
こしんどう,小新堂
こじ,古地
こじ,小司
こじお,小椎尾
こじか,小鹿
こじぐち,小路口
こじた,小路田
こじま,古島
こじま,古嶋
こじま,孤嶋
こじま,湖島
こじま,伍嶋
こじま,児島
こじま,児嶋
こじま,小島
こじま,小嶋
こじま,小嶌
こじま,兒島
こじま,兒嶋
こじまはら,小島原
こじゃ,古謝
こじょう,古城
こじょう,湖城
こじょう,小城
こじょう,小條
こじり,小尻
こじろい,小白井
こじん,小新
こじん,小陣
こすい,古水
こすが,小数賀
こすが,小菅
こすぎ,小（木へんに久）
こすぎ,小杉
こすぎやま,小杉山
こすけがわ,小助川
こすげ,小管
こすげ,小菅
こすずめ,小雀
こすだ,小須田
こすみ,古角
こすみ,小角
こずい,小薬
こずか,小塚
こずま,小津間
こずみ,古澄
こずみ,小住
こずみ,小澄
こずみ,木積
こせ,巨瀬
こせ,巨勢
こせ,古世
こせ,古瀬
こせ,小瀬
こせがわ,小瀬川
こせき,古関
こせき,古石
こせき,古積
こせき,古跡
こせき,小関
こせき,小關
こせこ,古世古
こせこ,小瀬古
こせざわ,小瀬沢
こせと,小瀬戸
こせに,小銭
こせひら,小斉平
こせむら,古瀬村
こせむら,小瀬村
こせもと,小瀬本
こせら,小瀬良
こせん,古仙
こせんだ,小千田
こぜき,小関
こぜに,小銭
こぜん,小善
こそう,古荘
こそで,小袖
こそと,小曽戸
こそね,小曾根
こそね,小曽根
こその,小園
こそばやし,社林
こそべ,古曽部
こぞの,小園
こぞの,小薗
こたか,古高
こたか,小（はしご高）
こたか,小高
こたか,小鷹
こたき,小滝
こたき,小瀧
こたぎり,小田切
こたく,古宅
こたけ,古武
こたけ,小竹
こたけ,小武
こたけはら,小竹原
こたけもり,小武守
こたけやま,小竹山
こたじま,古田島
こたじま,答島
こただ,小只
こたつ,小辰
こたと,古田土
こたど,古田（土｀）
こたなぎ,小棚木
こたに,古谷
こたに,胡谷
こたに,児谷
こたに,小谷
こたに,木谷
こたにがわ,小谷川
こたにぐち,小谷口
こたべ,小田部
こたま,樹神
こたま,小玉
こたる,小垂
こだ,古田
こだ,子田
こだ,小田
こだい,古代
こだい,小鯛
こだいら,古平
こだいら,児平
こだいら,小平
こだか,古（はしご高）
こだか,小高
こだか,小鷹
こだかみね,小（はしご高）峯
こだかみね,小高峯
こだかり,小鷹狩
こだき,小滝
こだけ,小竹
こだけはら,小竹原
こだしま,小田島
こだじま,古田島
こだち,古立
こだち,小太刀
こだち,小立
こだて,古館
こだて,小館
こだて,小舘
こだと,古田土
こだなか,小田中
こだに,小谷
こだま,古玉
こだま,児玉
こだま,児珠
こだま,児正
こだま,樹神
こだま,小玉
こだま,兒玉
こだま,谺
こだまや,児玉谷
こだん,小段
こち,古知
こち,東風
こちあい,小地合
こちい,小知井
こちがみ,東風上
こちどまり,東泊
こちべ,巨智部
こちゃ,古茶
こちや,東風谷
こちょう,古長
こちわ,東風輪
こちんだ,東風平
こって,特手
こつか,小塚
こつがい,小番
こつき,小槻
こつぎ,木次
こつじ,小辻
こつつみ,小堤
こつづみ,小堤
こつばき,小椿
こつぼ,小坪
こつもり,告森
こつり,小釣
こづ,古津
こづか,狐塚
こづか,小（土へんに冢）
こづか,小塚
こづか,小柄
こづき,小築
こづくえ,小机
こづくり,木造
こづじ,小辻
こづち,小鎚
こづち,小土
こづつみ,小堤
こづま,小妻
こづま,小津間
こづみ,古積
こづみ,木積
こづる,小鶴
こて,古手
こて,小手
こてがわ,古手川
こてがわ,小手川
こてだ,籠手田
こてら,古寺
こてら,小寺
こでき,小出来
こでむら,小出村
こでも,小伝茂
こでら,古寺
こでら,小寺
こでら,木寺
こでん,小傳
こと,琴
こと,児戸
こと,小戸
ことう,巨藤
ことう,古東
ことう,古藤
ことう,戸藤
ことう,湖東
ことう,虎頭
ことう,厚東
ことう,小藤
ことうげ,小峠
ことうだ,古藤田
ことうだ,小藤田
ことうの,古藤野
ことうら,琴浦
ことおか,琴岡
ことく,古徳
ことく,小徳
ことぐち,事口
ことさか,琴坂
ことじ,（古の下に又）子
ことだ,琴田
ことどめ,特留
ことね,小刀禰
ことの,琴野
ことぶき,寿
ことぶき,壽
ことよせ,琴寄
ことより,琴寄
ことり,小鳥
ことりい,小鳥居
こどい,小土井
こどう,古藤
こどう,古道
こどう,小堂
こどの,神殿
こどまり,小泊
こな,粉奈
こなか,古仲
こなか,湖中
こなか,小中
こなか,小仲
こなかい,小中居
こなかい,小仲井
こなかざわ,小中澤
こなかじま,小中島
こなかはら,小中原
こなかむら,小中村
こなかやま,小中山
こなかわ,粉川
こなが,小永
こなが,小長
こながい,小永井
こながい,小長井
こながの,小長野
こながや,小長谷
こながよし,小永（吉の士が土）
こながわ,小名川
こなし,小無
こなみ,小南
こなみ,小波
こなみ,小浪
こなり,児成
こなり,小成
こなりた,小成田
こなわ,小那覇
こなわ,小縄
こなん,小南
こに,小仁
こにし,古西
こにし,小西
こにしょ,小仁所
こにた,小荷田
こにた,小二田
こにわ,小庭
こぬき,小貫
こぬた,古怒田
こぬま,小沼
こねがわ,古根川
こねくに,小根国
こねむら,古根村
こねやま,小根山
こねり,小練
この,古野
この,狐野
このうえ,此上
このうち,此内
このうら,甲ノ浦
このえ,近衛
このえ,近衞
このえだ,此枝
このお,木尾
このかわ,此川
このき,此木
このくち,此口
このした,此下
このしま,此島
このしま,木島
このなが,此永
このは,木葉
このはな,木花
このはら,児之原
このひら,木平
このぶ,小延
このぶ,小信
このま,木間
このまつ,此松
このみ,許斐
このみ,木稲
このみ,木實
このむら,此村
このもと,此元
こはぐら,古波倉
こはぐら,古波蔵
こはぐら,小波蔵
こはぐら,小波藏
こはし,小橋
こはしぐち,小橋口
こはせ,小早稲
こはせ,小長谷
こはた,古畑
こはた,小畑
こはた,木幡
こはつ,古波津
こはな,小花
こはなわ,小華和
こはば,小幅
こはま,古浜
こはま,小浜
こはま,小濱
こはもと,小波本
こはやかわ,小早川
こはら,古原
こはら,小原
こはらぎ,小原木
こはらざわ,小原沢
こはらざわ,小原澤
こはり,小針
こはり,小梁
こはる,小春
こはん,小半
こば,古場
こば,古葉
こば,小羽
こば,小場
こば,木場
こば,木庭
こばえ,小八重
こばくら,古波蔵
こばし,小橋
こばしがわ,小橋川
こばしり,小走
こばた,古畑
こばた,子幡
こばた,小旗
こばた,小端
こばた,小畑
こばた,小畠
こばた,小葉田
こばた,木幡
こばたけ,小畑
こばたけ,小畠
こばたけ,小葉竹
こばち,小鉢
こばまつ,小葉松
こばやかわ,小早川
こばやし,古林
こばやし,子林
こばやし,児林
こばやし,小林
こばら,古原
こばら,小原
こばり,古張
こばり,小針
こばり,小張
こばる,小原
こひ,小樋
こひが,小比賀
こひがし,古東
こひがし,小東
こひき,古曳
こひき,古曵
こひつ,小櫃
こひなた,小日向
こひやま,小日山
こひやま,小桧山
こひやま,小檜山
こひら,小平
こひらた,小平田
こひるいまき,小比類巻
こび,小尾
こびき,古曳
こびき,小引
こびき,木挽
こびたに,子生谷
こびつ,小櫃
こびなた,小日向
こびやま,小桧山
こびやま,小檜山
こびやま,媚山
こびらき,小開
こふかた,小深田
こふくがわ,小副川
こふくだ,小福田
こふしわき,古伏脇
こふしわき,小伏脇
こふじ,小藤
こふじ,小冨士
こふじた,小藤田
こふで,小筆
こふな,小鮒
こふね,小舟
こふね,小船
こぶ,古布
こぶかた,小深田
こぶき,小吹
こぶけ,古武家
こぶけ,小夫家
こぶけ,小武家
こぶすま,小伏間
こぶせ,小布施
こぶち,古渕
こぶち,小淵
こぶち,小渕
こぶな,小鮒
こぶなや,小船谷
こぶね,小舟
こぶね,小船
こぶね,小舩
こぶのき,枋木
こべ,小部
こべけ,小部家
こべっとう,小別当
こべに,小紅
こほり,小堀
こぼ,小保
こぼし,小星
こぼた,小保田
こぼのき,枋木
こぼり,古掘
こぼり,古壕
こぼり,児堀
こぼり,小堀
こま,駒
こま,高麗
こま,狛
こま,小間
こまい,駒井
こまい,駒居
こまい,小間井
こまいた,駒板
こまえ,小前
こまえだ,古前田
こまかい,小間海
こまがた,駒形
こまがた,駒方
こまがみね,駒ケ嶺
こまがみね,駒ヶ峯
こまがみね,駒ヶ嶺
こまがり,小曲
こまき,駒城
こまき,駒木
こまき,古牧
こまき,小巻
こまき,小牧
こまき,小槙
こまき,小槇
こまきね,駒木根
こまきの,駒木野
こまぎり,駒切
こまくら,駒倉
こまぐち,駒口
こまご,子孫
こまご,小孫
こまごめ,駒込
こまごめ,駒米
こまさ,小正
こまさか,駒坂
こまさき,駒崎
こまざき,駒（崎の大が立）
こまざき,駒崎
こまざわ,駒沢
こまざわ,駒澤
こましゃく,駒尺
こませ,駒瀬
こまた,古俣
こまた,小俣
こまた,小又
こまたに,駒谷
こまだ,駒田
こまち,小町
こまちや,小町谷
こまつ,駒津
こまつ,古松
こまつ,小松
こまつか,駒塚
こまつがわ,小松川
こまつき,駒月
こまつざき,小松（崎の大が立）
こまつざき,小松崎
こまつざわ,小松澤
こまつしろ,小松代
こまつた,小松田
こまつだ,小松田
こまつばら,小松原
こまつもと,小松本
こまつや,小松屋
こまつや,小松谷
こまつやま,小松山
こまづか,駒（土へんに冢）
こまづか,駒塚
こまの,駒野
こまはし,駒橋
こまはた,駒畠
こまば,駒場
こまばしり,駒走
こまばやし,駒林
こまばやし,狛林
こまぶち,駒渕
こままつ,駒松
こまみ,駒見
こまみず,駒水
こまみね,駒嶺
こまみや,駒宮
こまむら,駒村
こまめ,駒目
こまめうだ,小豆生田
こまもの,小間物
こまものや,小間物谷
こまや,駒屋
こまや,駒谷
こまる,古丸
こまる,小丸
こまん,古満
こみ,巨海
こみ,古見
こみ,古味
こみ,小見
こみ,小味
こみえ,込江
こみお,込尾
こみかど,小見門
こみかど,小御門
こみかわ,児美川
こみず,小水
こみぞ,小溝
こみた,込田
こみた,小見田
こみたに,小見谷
こみち,小道
こみち,小路
こみどり,小緑
こみなと,小湊
こみなみ,古南
こみなみ,小南
こみなみ,木南
こみね,古峰
こみね,小宮根
こみね,小峰
こみね,小峯
こみね,小嶺
こみね,木峰
こみの,小美野
こみの,小蓑
こみの,小簑
こみや,古宮
こみや,込宮
こみや,小宮
こみやま,古宮山
こみやま,込山
こみやま,小宮山
こみやま,小見山
こみやま,小深山
こみやま,籠山
こむかい,小向
こむかえ,小向得
こむく,小椋
こむた,小無田
こむた,小牟田
こむね,小宗
こむやま,小武山
こむら,古村
こむら,小村
こむらい,小村井
こむらさき,小紫
こむれ,小牟礼
こむれ,小牟禮
こむろ,古室
こむろ,小室
こめ,米
こめい,米井
こめいけ,米家
こめいじ,古明地
こめいち,古明地
こめおか,米岡
こめかみ,米神
こめしま,米島
こめじ,古明地
こめす,米須
こめせ,米瀬
こめたに,米谷
こめたに,米溪
こめだ,米田
こめぢ,古明地
こめつぎ,米次
こめなみ,米浪
こめの,米納
こめの,米野
こめのう,米納
こめむし,米虫
こめや,米屋
こめやす,米安
こめよし,米吉
こめら,小米良
こもいけ,菰池
こもおか,菰岡
こもおか,薦岡
こもかた,菰方
こもく,小椋
こもぐち,菰口
こもた,薦田
こもた,籠田
こもだ,古茂田
こもだ,菰田
こもだ,小茂田
こもだ,蒋田
こもだ,薦田
こもち,小餅
こもと,古元
こもと,古本
こもと,湖本
こもとり,小茂鳥
こもどり,小茂鳥
こもにし,菰西
こもの,蒋野
こもの,薦野
こもはら,菰原
こもぶち,菰渕
こもり,古守
こもり,古森
こもり,子守
こもり,小守
こもり,小森
こもり,小盛
こもり,木森
こもりその,小森園
こもりた,小森田
こもりだ,小森田
こもりばやし,小守林
こもりや,小森谷
こもりや,篭谷
こもりや,籠屋
こもりや,籠谷
こもりやま,小森山
こもろ,小師
こもろ,小諸
こもんぐち,小門口
こや,古屋
こや,古家
こや,古谷
こや,小屋
こや,小矢
こやうち,小谷内
こやがいと,小屋垣内
こやくまる,小役丸
こやぐち,小屋口
こやしき,古屋敷
こやしき,小屋敷
こやす,古安
こやす,子安
こやす,児安
こやす,小安
こやす,小易
こやた,古谷田
こやた,小屋田
こやた,小谷田
こやた,小矢田
こやち,古谷内
こやち,小谷地
こやち,小谷内
こやつ,小谷津
こやなか,古屋仲
こやながわ,小梁川
こやなぎ,小柳
こやの,古屋野
こやの,古谷野
こやの,児矢野
こやの,小谷野
こやの,小矢野
こやはた,小屋畑
こやはら,小屋原
こやぶ,古藪
こやぶ,小薮
こやぶ,小藪
こやま,古山
こやま,故山
こやま,湖山
こやま,児山
こやま,小山
こやま,兒山
こやま,媚山
こやまいし,小山石
こやまぐち,小山口
こやまざき,小山崎
こやまじ,小山路
こやまだ,小山田
こやまつ,小屋松
こやまつ,小谷松
こやまて,小山手
こゆみ,古弓
こよう,小用
こよう,小陽
こよさき,小代崎
こよし,子吉
こよし,小（吉の士が土）
こよし,小吉
こらい,古耒
こらさき,小楽（崎の大が立）
これいし,是石
これえだ,是枝
これかど,是角
これかね,是金
これかね,是兼
これかわ,是川
これき,是木
これさわ,是沢
これさわ,是澤
これた,是田
これたか,惟高
これたけ,是竹
これつね,此経
これつね,是恒
これつね,是常
これとし,是利
これとも,是友
これなが,伊永
これなが,是永
これのり,是則
これひさ,伊久
これひさ,是久
これまつ,是松
これむら,惟村
これやす,是安
ころく,小六
ころく,小禄
ころすえ,頃末
ころめ,衣目
ころもがわ,衣川
ころもはら,衣原
ころやす,頃安
こわ,古和
こわ,小和
こわか,小若
こわき,小脇
こわぐち,強口
こわぐち,小和口
こわし,小鷲
こわせ,強瀬
こわせ,小輪瀬
こわせ,小和瀬
こわた,小綿
こわた,木幡
こわたり,古渡
こわたり,小渡
こわだ,古和田
こわだ,小和田
こわり,小割
こん,近
こん,金
こん,今
こん,昆
こん,紺
こん,權
こんい,紺井
こんいち,紺一
こんこう,金光
こんごう,金剛
こんごうじ,金剛寺
こんごうち,金剛地
こんざわ,紺沢
こんじき,近喰
こんせ,紺世
こんぞう,近造
こんぞう,金藏
こんた,近田
こんた,今田
こんた,紺田
こんたに,近谷
こんたに,紺谷
こんだ,近田
こんだ,今田
こんだ,昆田
こんだ,根田
こんだ,紺田
こんだ,誉田
こんだ,譽田
こんだいじ,今大地
こんだいぼう,渾大防
こんど,今渡
こんどう,近東
こんどう,近藤
こんどう,近堂
こんどう,近道
こんどう,金藤
こんどう,金堂
こんどう,金銅
こんどう,今藤
こんどう,根東
こんどう,紺藤
こんどう,紺道
こんない,近内
こんない,根内
こんの,近埜
こんの,近野
こんの,金野
こんの,今埜
こんの,今野
こんの,昆野
こんの,紺野
こんのう,近納
こんのう,近能
こんば,金場
こんば,今場
こんばる,金春
こんぱる,金春
こんぶ,昆布
こんぼ,根保
こんま,金馬
こんま,金万
こんま,今間
こんま,今駒
こんまん,金萬
こんむら,紺村
こんや,紺屋
こんや,紺家
こんや,紺谷
こんや,紺矢
こんらい,今来
ご,呉
ごあみ,五阿弥
ごあん,後庵
ごあんざわ,牛安沢
ごい,五井
ごい,伍井
ごいお,五位尾
ごいし,五石
ごいし,碁石
ごいつか,五位塚
ごいつか,後飯塚
ごいの,五位野
ごう,郷
ごう,江
ごううこん,郷右近
ごうき,合木
ごうくら,郷倉
ごうけ,郷家
ごうこ,郷古
ごうこ,郷湖
ごうこん,郷右近
ごうし,郷司
ごうし,合志
ごうしき,郷式
ごうしゃ,郷社
ごうしやま,郷司山
ごうしゅう,郷州
ごうしゅう,江州
ごうじ,郷司
ごうじ,郷治
ごうじま,合島
ごうず,郷津
ごうず,合津
ごうた,郷田
ごうたに,後谷
ごうたに,合谷
ごうだ,郷田
ごうだ,合田
ごうち,郷地
ごうち,合地
ごうつ,合津
ごうづ,郷津
ごうづ,合津
ごうでん,郷田
ごうと,合戸
ごうど,郷戸
ごうど,神戸
ごうど,神門
ごうどう,神門
ごうない,郷内
ごうの,郷野
ごうの,後野
ごうの,合野
ごうのめ,江目
ごうはら,郷原
ごうはら,合原
ごうば,郷端
ごうばやし,合林
ごうばら,河原
ごうま,郷間
ごうま,降魔
ごうまる,郷丸
ごうや,合屋
ごうや,合谷
ごうやぎ,合谷木
ごうら,郷良
ごうら,合羅
ごうりき,強力
ごうりき,郷力
ごうりき,剛力
ごうりき,合力
ごうろ,郷路
ごうろく,合六
ごえく,護得久
ごえぶち,五江渕
ごおう,五王
ごおだ,合田
ごか,五家
ごか,五箇
ごか,伍賀
ごかの,五箇野
ごかみ,後上
ごかや,五ケ谷
ごかや,五ヶ谷
ごかん,後閑
ごが,伍賀
ごが,呉我
ごがみ,五上
ごがみ,後上
ごきじょ,五鬼助
ごきた,五木田
ごきたに,御器谷
ごきだ,五木田
ごきゅう,五弓
ごきゅう,後久
ごきゅう,御給
ごくだん,極檀
ごくでん,御供田
ごくま,五熊
ごぐん,五郡
ごこう,五香
ごこう,伍香
ごこう,後神
ごこう,御幸
ごこく,後極
ごごた,後々田
ござ,呉座
ござたに,蓙谷
ごし,五師
ごしたに,後谷
ごしま,五島
ごしま,五嶋
ごしゃ,五社
ごしょ,五所
ごしょ,御所
ごしょ,御書
ごしょの,御所野
ごしょむら,五所村
ごしろ,後白
ごじつ,後日
ごじま,五島
ごじゅうめん,五拾免
ごじゅめ,五重目
ごじょう,五條
ごじょうぼり,五條堀
ごじろ,後城
ごず,牛頭
ごせ,五瀬
ごせ,御勢
ごせき,五関
ごせき,後関
ごそう,五艘
ごたに,五谷
ごたに,後谷
ごたん,五反
ごたんだ,五反田
ごだ,後田
ごだい,五代
ごだん,後檀
ごち,五智
ごちょう,牛腸
ごちょう,牛膓
ごちょう,五丁
ごちょう,五町
ごちょう,後町
ごちょうもり,五丁森
ごつぼ,五坪
ごてん,五天
ごでんき,五傳木
ごでんぎ,五伝木
ごとう,五斗
ごとう,五刀
ごとう,五唐
ごとう,五島
ごとう,五嶋
ごとう,五東
ごとう,五藤
ごとう,五頭
ごとう,伍藤
ごとう,呉藤
ごとう,後東
ごとう,後藤
ごとう,悟道
ごとう,梧桐
ごとうだ,後藤田
ごとうみょう,後灯明
ごとうみょう,後燈明
ごどう,牛堂
ごどう,五道
ごどう,伍堂
ごどう,悟道
ごどう,語堂
ごないかわ,五内川
ごの,五野
ごの,後野
ごのい,五ノ井
ごのい,五野井
ごのかま,虹釜
ごのかみ,五神
ごのかみ,五野上
ごのくち,河之口
ごのじ,五之治
ごのつぼ,五ノ坪
ごのへ,五戸
ごばやし,五林
ごばん,碁盤
ごふく,五福
ごふく,呉服
ごふく,御福
ごぶいち,五歩一
ごぶいち,五歩市
ごへい,五幣
ごへい,御幣
ごべ,五辺
ごほう,五宝
ごほん,五本
ごほんぎ,五本木
ごぼう,牛坊
ごぼう,牛房
ごぼう,午房
ごぼた,御坊田
ごま,五間
ごまがの,胡摩ケ野
ごまざき,胡麻（崎の大が立）
ごまざき,胡麻崎
ごまじり,胡麻尻
ごまどう,護摩堂
ごみ,五味
ごみかわ,五味川
ごみた,五味田
ごみぶち,五味渕
ごみょう,五明
ごみょう,後明
ごや,五屋
ごや,呉屋
ごやしき,後屋敷
ごらい,牛来
ごらい,五来
ごらい,五耒
ごらい,午来
ごりえ,五里江
ごりかみ,五里守
ごりゅうかんだ,五龍神田
ごりょう,御領
ごりょうだ,五領田
ごりょうばら,御領原
ごりん,五林
ごろう,五郎
ごろうかい,五老海
ごろうたに,五郎谷
ごろうまる,五郎丸
ごろかわ,五郎川
ごわ,後和
ごん,権
ごんざ,権左
ごんざ,権座
ごんしゅういん,権執印
ごんしょう,権正
ごんしょう,權正
ごんじょう,権上
ごんじょう,言上
ごんずい,権隨
ごんだ,権太
ごんだ,権田
ごんだ,權太
ごんだ,權田
ごんだい,権代
ごんだい,權代
ごんだいら,権平
ごんどう,権東
ごんどう,権藤
ごんどう,権頭
ごんどう,權藤
ごんない,権内
ごんなづ,権名津
ごんなづ,權名津
ごんなみ,権並
ごんの,権野
ごんのしん,権之進
ごんべい,権瓶
ごんぺい,権瓶
ごんもり,権守