まい,間井
まい,真井
まい,磨伊
まい,眞井
まいえ,真家
まいえ,眞家
まいお,麻殖生
まいかわ,毎川
まいき,舞木
まいくま,毎熊
まいぐま,毎熊
まいざき,眞井嵜
まいざわ,舞沢
まいし,間石
まいし,真石
まいしぎ,舞鴫
まいずみ,真泉
まいた,真板
まいた,舞田
まいた,米田
まいた,毎田
まいた,眞板
まいたに,米谷
まいだ,間井田
まいだ,舞田
まいだ,米田
まいだ,毎田
まいづる,舞鶴
まいとこ,毎床
まいはら,舞原
まいはら,毎原
まいや,米谷
まいわ,真岩
まいわ,眞岩
まうち,馬内
まうら,真浦
まえ,前
まえあら,前新
まえいえ,前家
まえいけ,前池
まえいしの,前石野
まえいずみ,前泉
まえいち,前市
まえいで,前井手
まえいわ,前岩
まえうえ,前上
まえうえざと,前上里
まえうえじょう,前上門
まえうち,前内
まえうま,前馬
まえうら,前浦
まえお,前尾
まえおおます,前大舛
まえおおみち,前大道
まえおか,前岡
まえおき,前沖
まえかく,前角
まえかじ,前梶
まえかど,前門
まえかわ,前河
まえかわ,前川
まえかわ,前側
まえかわ,満恵川
まえかわら,前川原
まえがいち,前垣内
まえがいと,前垣内
まえがき,前垣
まえがた,前潟
まえがねく,前兼久
まえがみ,前上
まえがみ,前神
まえがわ,前川
まえがわ,満恵川
まえき,真栄喜
まえき,前木
まえきた,前北
まえくぼ,前久保
まえくぼ,前窪
まえぐち,前口
まえけ,前家
まえこし,前越
まえこや,前小屋
まえごし,前越
まえさか,前坂
まえさか,前阪
まえさき,前（崎の大が立）
まえさき,前崎
まえさこ,前迫
まえさと,真栄里
まえさと,前里
まえさわ,前沢
まえざ,前座
まえざき,前（崎の大が立）
まえざき,前崎
まえざき,前嵜
まえざと,前里
まえざわ,前沢
まえざわ,前澤
まえしげ,前重
まえしば,前芝
まえしぶ,前渋
まえしま,前島
まえしま,前嶋
まえしろ,真栄城
まえしろ,真榮城
まえしろ,前栄城
まえしろ,前城
まえしろ,眞栄城
まえしろ,眞榮城
まえじま,前島
まえじま,前嶋
まえすえ,前末
まえずみ,前角
まえずみ,前住
まえせ,前勢
まえその,前園
まえそば,前岨
まえそり,前反
まえぞの,前園
まえぞの,前薗
まえた,前多
まえた,前田
まえたけ,前竹
まえたじま,前田島
まえたに,前谷
まえだ,真栄田
まえだ,前多
まえだ,前田
まえだ,眞榮田
まえだお,前峠
まえだがわ,前田河
まえだこ,前田河
まえつ,前津
まえつじ,前辻
まえつぼ,前坪
まえづか,前塚
まえづる,前鶴
まえて,前手
まえで,前出
まえでら,前寺
まえと,前戸
まえとうげ,前峠
まえとこ,前床
まえどう,前堂
まえどひ,前土肥
まえどまり,前泊
まえなか,前中
まえなか,前仲
まえなみ,前波
まえにし,前西
まえの,前納
まえの,前野
まえのその,前之園
まえはし,前橋
まえはた,前畑
まえはた,前畠
まえはな,前花
まえはな,前鼻
まえはま,前浜
まえはま,前濱
まえはら,前原
まえば,前羽
まえば,前場
まえば,前波
まえば,前馬
まえば,前塲
まえばし,前橋
まえばやし,前林
まえばら,前原
まえひがし,前東
まえひさ,前久
まえひら,真栄平
まえひら,前平
まえひら,眞榮平
まえふ,前冨
まえぶち,前渕
まえぶつ,前佛
まえほり,前堀
まえぼう,前坊
まえま,前間
まえまつ,前松
まえむら,前村
まえもく,前杢
まえもと,前元
まえもと,前本
まえもり,前森
まえもり,前盛
まえもんど,前門戸
まえや,前屋
まえやしき,前屋敷
まえやすい,前安井
まえやち,前谷内
まえやま,前山
まえやまだ,前山田
まえりくろ,前陸路
まお,間尾
まお,眞尾
まおか,真岡
まおか,満岡
まおか,眞岡
まおたに,間苧谷
まかいの,馬飼野
まかじ,曲梶
まかた,真カ田
まかた,真方
まかたやま,眞方山
まかど,真門
まかない,蒔苗
まかなえ,蒔苗
まかべ,間ヶ部
まかべ,間壁
まかべ,真壁
まかべ,眞壁
まかや,真茅
まから,真柄
まかり,間狩
まかり,真狩
まが,馬把
まがい,馬替
まがいの,馬飼野
まがえ,馬替
まがき,間垣
まがき,曲木
まがき,籬
まがしき,間ヶ敷
まがた,間賀田
まがた,間形
まがた,間片
まがた,間方
まがた,曲田
まがた,勾田
まがた,真方
まがた,眞方
まがたに,曲谷
まがね,真金
まがみ,真上
まがみ,真神
まがみ,馬上
まがら,間柄
まがら,真柄
まがら,麻柄
まがら,眞柄
まがり,鈎
まがり,曲
まがり,真賀里
まがりお,曲尾
まがりさわ,曲澤
まがりた,曲田
まがりだ,曲田
まがりふち,曲淵
まがりぶち,曲淵
まがりぶち,曲渕
まがりや,曲谷
まがりやま,曲山
まがわ,真川
まがわ,眞川
まき,巻
まき,真期
まき,真城
まき,真木
まき,馬木
まき,馬来
まき,牧
まき,槙
まき,満喜
まき,満木
まき,眞城
まき,眞木
まき,萬喜
まき,槇
まきい,牧井
まきい,槙井
まきいし,牧石
まきいし,槙石
まきいし,槇石
まきうち,巻内
まきうち,間木内
まきうち,牧内
まきうら,薪浦
まきうら,牧浦
まきえ,牧絵
まきえ,牧江
まきえだ,槙枝
まきえだ,槇枝
まきお,牧尾
まきおか,牧岡
まきおか,槇岡
まきかわ,牧川
まきがみ,巻上
まきがみ,牧上
まきがわ,牧川
まきぎ,巻木
まきくぼ,牧窪
まきぐち,巻口
まきぐち,牧口
まきさか,牧坂
まきさこ,牧迫
まきさと,牧里
まきざわ,牧澤
まきざわ,槙澤
まきし,真喜志
まきし,牧志
まきし,眞喜志
まきした,巻下
まきした,牧下
まきしま,巻島
まきしま,巻嶋
まきしま,牧島
まきしま,牧嶋
まきしま,槙島
まきしま,槙嶋
まきしま,槇島
まきしま,槇嶋
まきじま,牧島
まきじま,槙島
まきすみ,牧角
まきずみ,牧角
まきせ,牧（瀬の頁が刀の下に貝）
まきせ,牧瀬
まきぞえ,牧添
まきぞの,牧園
まきた,巻田
まきた,蒔田
まきた,薪田
まきた,牧田
まきた,槙田
まきた,槇田
まきたに,牧谷
まきたに,槙谷
まきたに,槇谷
まきだ,牧田
まきだ,槙田
まきだいら,槙平
まきづか,槙塚
まきづか,槇塚
まきで,巻出
まきと,牧戸
まきど,牧戸
まきど,槇戸
まきない,薪苗
まきなえ,蒔苗
まきなえ,薪苗
まきの,巻埜
まきの,巻野
まきの,蒔野
まきの,牧野
まきの,槙野
まきの,槇野
まきのうち,牧之内
まきのうち,牧野内
まきのしま,牧野嶋
まきのせ,牧乃瀬
まきのせ,牧之瀬
まきのだ,牧野田
まきのだん,牧之段
まきのはら,槇ノ原
まきはし,巻端
まきはた,巻幡
まきはま,巻端
まきはら,牧原
まきはら,槙原
まきはら,槇原
まきば,牧羽
まきばやし,槙林
まきひら,牧平
まきふち,巻淵
まきぶち,巻渕
まきぶち,卷淵
まきまえ,槙前
まきみなと,牧港
まきむら,枝村
まきむら,牧村
まきむら,槙村
まきむら,槇村
まきめ,万城目
まきもと,巻本
まきもと,蒔元
まきもと,牧元
まきもと,牧本
まきもと,槙本
まきもと,槇本
まきや,真喜屋
まきや,牧谷
まきやま,巻山
まきやま,蒔山
まきやま,牧山
まきやま,槙山
まきやま,萬亀山
まきより,牧寄
まぎし,曲師
まぎし,真岸
まぎし,眞岸
まぎぬ,馬被
まく,幕
まく,満久
まくうち,幕内
まくざわ,幕澤
まくず,真葛
まくず,眞葛
まくた,幕田
まくち,馬久地
まくり,真栗
まぐさ,麻草
まぐち,澗口
まぐち,間口
まぐち,真口
まげし,曲子
まげし,曲師
まこ,真子
まこし,馬越
まころ,眞耒
まご,間吾
まご,真子
まごおり,馬郡
まごおり,馬氷
まごさき,孫崎
まごし,馬越
まごた,孫田
まごの,孫野
まごふく,孫福
まごめ,間米
まごめ,真籠
まごめ,馬込
まごめ,馬篭
まごめ,馬籠
まごやま,孫山
まさ,正
まさい,政井
まさい,正井
まさいえ,政家
まさいけ,政池
まさいけ,正池
まさいし,政石
まさうじ,政氏
まさうら,昌浦
まさうら,政浦
まさえ,正江
まさお,昌尾
まさおか,政岡
まさおか,正岡
まさか,間坂
まさか,真坂
まさか,眞坂
まさかど,政門
まさかど,正門
まさかね,政金
まさかめ,正亀
まさかわ,政川
まさかわ,正川
まさが,政賀
まさがき,正垣
まさがみ,正上
まさき,（眞のヒが十）（崎の大が立）
まさき,間崎
まさき,昌木
まさき,真（崎の大が立）
まさき,真崎
まさき,政木
まさき,正城
まさき,正置
まさき,正木
まさき,柾
まさき,柾木
まさき,眞（崎の大が立）
まさき,眞崎
まさきよ,政清
まさきよ,正清
まさきりざわ,柾切澤
まさくに,正國
まさくら,政倉
まさぐち,正口
まさご,真砂
まさご,眞砂
まさしげ,政重
まさじま,政島
まさずみ,昌角
まさたか,正高
まさたき,政瀧
まさたて,正立
まさたに,政谷
まさたに,正谷
まさだ,政田
まさだ,正田
まさだ,柾田
まさつか,正務
まさつき,将月
まさつぐ,政次
まさつじ,政辻
まさつな,政綱
まさとう,正藤
まさとき,政時
まさとみ,正富
まさとも,政友
まさどめ,正留
まさなが,正永
まさに,政二
まさね,正根
まさの,真砂野
まさの,政野
まさの,正野
まさの,眞砂野
まさのぶ,正信
まさはし,正橋
まさはた,正幡
まさはら,昌原
まさはる,政春
まさばやし,正林
まさひさ,政久
まさみ,正見
まさみず,政水
まさみず,正水
まさみつ,政光
まさみや,正宮
まさむね,政宗
まさむね,正宗
まさむら,正村
まさめ,真覚
まさもと,政元
まさもと,政本
まさもと,正元
まさもと,正本
まさもと,柾本
まさもり,正森
まさもり,正盛
まさや,柾屋
まさや,柾谷
まさやす,政安
まさやま,昌山
まさやま,正山
まさよし,正好
まさより,政頼
まさる,真早流
まさわ,正和
まさわき,正脇
まざ,間座
まざ,真座
まざき,間崎
まざき,真崎
まざき,真嵜
まざき,馬崎
まざき,麻（崎の大が立）
まざき,麻崎
まざね,真実
まざわ,間澤
ましお,真塩
ましお,真尾
ましお,馬塩
ましお,眞塩
ましお,眞尾
ましき,真志喜
ましげ,眞重
ましこ,益子
ましこ,猿子
ましこ,増古
ましこ,増子
ました,益田
ました,間下
ました,真下
ました,味舌
ましたに,増谷
ましだ,真志田
ましだ,倍田
ましどり,真志取
ましどり,眞志取
ましね,増根
ましの,間篠
ましの,増野
ましば,間柴
ましば,真柴
ましば,眞柴
ましま,間島
ましま,間嶋
ましま,真島
ましま,真嶋
ましま,馬島
ましま,眞島
ましみ,増見
ましも,（眞のヒが十）下
ましも,間下
ましも,真下
ましも,眞下
ましやま,増山
ましゅう,真秀
ましろ,間城
ましろ,眞城
まじ,馬路
まじきな,真境名
まじま,間島
まじま,間嶋
まじま,真島
まじま,真嶋
まじま,馬島
まじま,馬嶋
まじま,満嶌
まじま,眞島
まじま,眞嶋
まじめ,馬〆
まじめ,馬締
ます,益
ます,升
ます,鱒
ます,桝
ます,万寿
ますい,（土へんに曾）位
ますい,益井
ますい,益居
ますい,升井
ますい,真水
ますい,舛井
ますい,増井
ますい,倍井
ますい,桝井
ますい,満寿居
ますい,枡井
ますいけ,益池
ますいけ,増池
ますうち,桝内
ますえ,益江
ますえ,増江
ますお,益尾
ますお,舛尾
ますお,増尾
ますおか,益岡
ますおか,舛岡
ますおか,増岡
ますおか,桝岡
ますおか,枡岡
ますかた,升方
ますかた,舛方
ますかた,桝方
ますかね,増金
ますかわ,益川
ますかわ,升川
ますかわ,舛川
ますかわ,増川
ますかわ,枡川
ますがた,升方
ますがた,舛潟
ますがた,舛形
ますがた,増形
ますがた,桝潟
ますがた,桝形
ますがみ,枡上
ますき,益城
ますき,増喜
ますき,増木
ますぎ,一寸木
ますぎ,間杉
ますぎ,真杉
ますぎ,馬杉
ますぎ,眞杉
ますくに,益國
ますくら,益倉
ますくら,増倉
ますぐち,益口
ますこ,益子
ますこ,増古
ますこ,増子
ますさこ,升迫
ますさわ,増沢
ますざか,増坂
ますざき,益（崎の大が立）
ますざき,益崎
ますざき,升崎
ますざき,舛崎
ますざき,増（崎の大が立）
ますざき,増崎
ますざわ,益澤
ますざわ,升澤
ますざわ,増沢
ますざわ,増澤
ますざわ,鱒沢
ますざわ,鱒澤
ますざわ,桝沢
ますざわ,枡沢
ますざわ,枡澤
ますしげ,舛重
ますしま,増嶋
ますじま,升島
ますじま,増島
ますじま,増嶋
ますじん,舛甚
ますずみ,増住
ますせ,増瀬
ますぞえ,舛添
ますぞえ,桝添
ますぞの,益園
ますた,舛田
ますた,増田
ますたけ,増竹
ますたに,益谷
ますたに,升谷
ますたに,舛谷
ますたに,増谷
ますたに,桝谷
ますたに,枡谷
ますだ,益田
ますだ,升田
ますだ,舛田
ますだ,増田
ますだ,倍田
ますだ,桝田
ますだ,枡田
ますだ,眞壽田
ますだて,升舘
ますだて,舛舘
ますち,益地
ますち,増地
ますぢ,増地
ますと,益戸
ますとう,増藤
ますとう,桝藤
ますとみ,益富
ますとみ,増富
ますとみ,増冨
ますとみ,枡富
ますとも,舛友
ますど,益戸
ますどめ,益留
ますなか,増中
ますなが,益永
ますなが,升永
ますなが,増永
ますなが,桝永
ますなり,益成
ますなり,舛成
ますなり,増成
ますの,益野
ますの,升野
ますの,舛野
ますの,増野
ますの,桝野
ますの,枡野
ますのうち,升ノ内
ますはま,益浜
ますはら,（土へんに曾）原
ますはら,益原
ますはら,升原
ますはら,増原
ますばやし,桝林
ますひさ,升久
ますひさ,舛久
ますひら,升平
ますひら,桝平
ますひろ,益弘
ますひろ,舛廣
ますひろ,増弘
ますぶち,益淵
ますぶち,増淵
ますぶち,増渕
ますぶち,鱒渕
ますぶち,桝渕
ますほ,増保
ますま,増間
ますま,増馬
ますみ,益見
ますみ,升水
ますみ,升味
ますみ,升箕
ますみ,真角
ますみ,真隅
ますみ,増見
ますみ,増水
ますみ,倍味
ますみ,鱒見
ますみ,桝見
ますみ,桝実
ますみ,枡見
ますみ,眞角
ますみず,舛水
ますみず,桝水
ますみつ,益満
ますみつ,升光
ますみつ,増満
ますみや,増宮
ますむら,益村
ますむら,益邑
ますむら,増村
ますむら,桝村
ますも,増茂
ますもと,（土へんに曾）本
ますもと,益元
ますもと,益本
ますもと,升元
ますもと,升本
ますもと,舛元
ますもと,舛本
ますもと,増元
ますもと,増本
ますもと,桝元
ますもと,桝本
ますもと,枡本
ますもり,益守
ますもり,益森
ますもり,升森
ますもり,舛森
ますもり,増森
ますもり,増盛
ますや,升屋
ますや,升谷
ますや,舛屋
ますや,舛谷
ますや,増谷
ますや,桝屋
ますや,桝谷
ますや,桝矢
ますやま,益山
ますやま,升山
ますやま,舛山
ますやま,増山
ますやま,桝山
ますよし,益吉
ますわ,増輪
ますわか,益若
ませ,間瀬
ませ,真瀬
ませ,真勢
ませ,馬瀬
ませ,眞瀬
ませ,眞勢
ませがき,間瀬垣
ませがき,真瀬垣
ませき,柵木
ませぎ,間瀬木
ませぎ,柵木
ませぎ,欄
ませぐち,間瀬口
ませだ,間世田
ませだ,間瀬田
まぜ,馬瀬
また,真多
また,亦
またい,又井
またいち,又市
またえ,俣江
またえ,又江
またか,又賀
またかつ,亦勝
またかわ,又川
またが,俣賀
またが,又賀
またがわ,俣川
またがわ,又川
またき,俣木
またき,又木
またけ,真武
またけ,眞竹
またさか,又坂
またしげ,又重
またち,又地
またに,真渓
またに,眞溪
またの,股野
またの,亦野
またの,俣野
またの,又野
またの,俟野
またはし,眞玉橋
またば,又羽
またば,又場
またば,又葉
またひら,又平
またべ,又邊
またま,又間
またまる,又丸
またむら,又村
またもと,俣本
またよし,又吉
まだ,間多
まだ,間田
まだ,馬田
まだち,真舘
まだち,眞舘
まだて,間舘
まだて,眞舘
まだらいし,班石
まだらめ,斑目
まだらめ,班目
まだんばし,真玉橋
まち,真智
まち,町
まちあい,待合
まちい,待井
まちい,町井
まちい,町居
まちうら,町浦
まちおか,待岡
まちおか,町岡
まちかわ,町川
まちがき,町垣
まちがしら,町頭
まちがみ,町上
まちがわ,町側
まちき,待木
まちぐち,町口
まちざわ,町沢
まちざわ,町澤
まちしま,待島
まちた,町田
まちたに,町谷
まちだ,待田
まちだ,丁田
まちだ,町田
まちでら,待寺
まちとり,待鳥
まちど,町戸
まちどり,待鳥
まちなか,町中
まちなが,待永
まちなが,町永
まちなが,町長
まちなみ,町並
まちの,町野
まちはら,町原
まちば,待場
まちむら,町村
まちもと,町元
まちもと,町本
まちや,町屋
まちや,町谷
まちやしき,町屋敷
まちやま,待山
まちやま,町山
まぢ,間地
まっか,真下
まっこう,抹香
まっさき,先崎
まっさき,全先
まった,全田
まったく,全
まつ,松
まつあみ,松阿彌
まつい,（松のムが口）井
まつい,松為
まつい,松井
まつい,松居
まつい,松生
まつい,松爲
まついえ,松家
まついき,松生
まついけ,松生
まついし,松石
まついわ,松岩
まつう,松鵜
まつうち,松内
まつうら,松浦
まつうら,松裏
まつえ,松栄
まつえ,松英
まつえ,松江
まつえ,松枝
まつえ,末永
まつえだ,松枝
まつお,松生
まつお,松尾
まつおう,松王
まつおか,（松のムが口）岡
まつおか,松岡
まつおか,松丘
まつか,間塚
まつか,松家
まつか,松香
まつかけ,松掛
まつかげ,松蔭
まつかげ,松影
まつかげ,松景
まつかさ,松笠
まつかぜ,松風
まつかた,松形
まつかた,松方
まつかど,松角
まつかど,松門
まつかね,松金
まつかみ,松上
まつかわ,松河
まつかわ,松川
まつがえ,松ヶ枝
まつがき,松垣
まつがさき,松ヶ崎
まつがさこ,松ヶ迫
まつがした,松ケ下
まつがした,松ヶ下
まつがしら,松頭
まつがせ,松ヶ瀬
まつがた,松形
まつがね,松金
まつがね,松兼
まつがの,松ケ野
まつがの,松ヶ野
まつがひら,松ケ平
まつがみ,松上
まつがみ,松神
まつがや,松ケ谷
まつがや,松ヶ谷
まつがわ,松川
まつき,松樹
まつき,松城
まつき,松木
まつきぞの,松木園
まつきぞの,松木薗
まつきだ,松木田
まつきだいら,松木平
まつきよ,松清
まつぎ,松儀
まつぎ,松木
まつぎ,真継
まつぎし,松岸
まつくさ,松草
まつくち,松口
まつくぼ,松久保
まつくぼ,松窪
まつくま,松熊
まつくま,松隈
まつくら,松倉
まつぐ,真次
まつぐ,眞次
まつぐち,松口
まつぐま,松隈
まつごう,松郷
まつさ,松佐
まつさか,松坂
まつさか,松阪
まつさき,松崎
まつさき,先崎
まつさこ,松迫
まつさと,松里
まつさわ,松沢
まつさわ,松澤
まつざか,松坂
まつざか,松阪
まつざき,松（崎の大が立）
まつざき,松崎
まつざき,松嵜
まつざき,末崎
まつざけ,松酒
まつざと,松里
まつざわ,松沢
まつざわ,松澤
まつしか,松鹿
まつしげ,松重
まつしげ,松繁
まつした,松下
まつしば,松芝
まつしま,松島
まつしま,松嶋
まつしま,松嶌
まつしめ,松七五三
まつしろ,松城
まつしろ,松代
まつじま,松嶋
まつじょう,松門
まつすえ,松末
まつずみ,松角
まつずみ,松住
まつせ,松瀬
まつその,松薗
まつぞえ,松添
まつぞの,松園
まつぞの,松薗
まつた,松多
まつた,松田
まつたか,松（はしご高）
まつたか,松高
まつたか,松鷹
まつたけ,松竹
まつたて,松立
まつたに,松渓
まつたに,松谷
まつたに,松溪
まつだ,松田
まつだい,松大
まつだいら,松平
まつだて,松舘
まつちか,松近
まつつか,松塚
まつつる,松鶴
まつづ,松津
まつづか,松塚
まつづき,松月
まつづる,松鶴
まつとう,松藤
まつとう,松任
まつとう,松百
まつとうや,松任谷
まつとみ,松富
まつとみ,松冨
まつとも,松友
まつとり,松鳥
まつど,松戸
まつど,松土
まつどう,松堂
まつどみ,松冨
まつどめ,松留
まつな,松名
まつなえ,松苗
まつなお,松直
まつなか,松中
まつなが,松永
まつなが,松長
まつなぎ,馬緤
まつなし,松梨
まつなみ,松涛
まつなみ,松南
まつなみ,松波
まつなみ,松並
まつなみ,松浪
まつなみ,松濤
まつなり,松成
まつなわ,松縄
まつぬま,松沼
まつね,松根
まつの,松野
まつの,真津野
まつのう,松能
まつのお,松ノ尾
まつのお,松野尾
まつのき,松野木
まつのした,松野下
まつのぶ,松延
まつのぶ,松信
まつのべ,松延
まつのもと,松之本
まつのや,松ノ谷
まつはし,松橋
まつはた,松畑
まつはな,松花
まつはま,松濱
まつはら,松原
まつば,松場
まつば,松馬
まつば,松葉
まつばえ,松栄
まつばえ,松八重
まつばぐち,松葉口
まつばさ,松葉佐
まつばし,松橋
まつばや,松葉屋
まつばや,松葉谷
まつばやし,松林
まつばら,松原
まつひさ,松久
まつひら,松比良
まつひら,松平
まつひろ,松広
まつひろ,松廣
まつひろや,松廣屋
まつふさ,松房
まつふじ,松藤
まつふる,松古
まつぶち,松渕
まつほ,松保
まつまえ,松前
まつまさ,松政
まつまる,松丸
まつみ,松見
まつみ,松実
まつみ,松身
まつみ,松味
まつみ,松實
まつみ,末海
まつみず,松水
まつみどり,松緑
まつみね,松峰
まつみね,松峯
まつみや,松宮
まつむね,松宗
まつむら,松村
まつむら,枩村
まつむろ,松室
まつめい,松明
まつもと,（松のムが口）本
まつもと,松元
まつもと,松本
まつもら,松茂良
まつもり,松森
まつもり,松盛
まつや,松屋
まつや,松家
まつや,松谷
まつや,松矢
まつやなぎ,松柳
まつやま,松山
まつやま,枩山
まつゆき,松行
まつゆき,松雪
まつよ,松代
まつよし,松（吉の士が土）
まつよし,松吉
まつよし,松好
まつら,松良
まつり,松梨
まつわか,松若
まつわき,松脇
まつわけ,松分
まつわり,松割
まづか,間塚
まづか,真塚
まづか,馬塚
まづさき,先崎
まづめ,馬詰
まてのこうじ,萬里小路
まと,的
まと,馬戸
まとい,的井
まといけ,的池
まといば,的射場
まとう,間藤
まとがわ,的川
まとざき,的崎
まとの,真殿
まとの,的之
まとの,的埜
まとの,的野
まとはら,真戸原
まとば,的場
まとば,的塲
まとや,的矢
まとやま,的山
まとり,間取
まとり,真鳥
まとり,眞鳥
まどいわ,窓岩
まどお,間遠
まどか,円
まどかわ,窓川
まどころ,間所
まどころ,間處
まどころ,満所
まどの,真殿
まない,真井
まない,真名井
まなか,間中
まなか,間仲
まなか,真中
まなか,真仲
まなか,眞中
まながき,真名垣
まなぎ,馬男木
まなこ,真子
まなこ,真名子
まなご,真子
まなご,真名子
まなせ,曲直瀬
まなせ,真名瀬
まなづる,真鶴
まなべ,間鍋
まなべ,間部
まなべ,間邊
まなべ,曲直部
まなべ,真鍋
まなべ,真部
まなべ,真辺
まなべ,真邉
まなべ,眞鍋
まなべ,眞部
まなべ,眞辺
まなみ,真見
まなみ,馬波
まに,摩尼
まにい,真新
まにた,間仁田
まにた,真仁田
まにた,眞仁田
まにわ,間庭
まにわ,真庭
まにわ,馬庭
まねやま,間根山
まねやま,萬年山
まの,間野
まの,真能
まの,真野
まの,眞野
まのう,真能
まのめ,馬目
まはし,真橋
まはら,馬原
まばし,間橋
まばし,真橋
まばし,馬橋
まばら,真原
まばら,馬原
まひがし,間東
まひこ,間彦
まふね,間船
まふね,間舩
まふね,真船
まふね,真舩
まふね,馬舟
まふね,眞船
まぶ,間部
まぶし,真伏
まぶち,間淵
まぶち,間渕
まぶち,真渕
まぶち,馬淵
まぶち,馬渕
まぶち,満渕
まぶち,眞淵
まぶに,摩文仁
まぶね,真船
まべ,間部
まべ,真部
まほえ,真保栄
まま,真間
まませ,間々瀬
ままだ,間々田
ままだ,真々田
ままだ,真間田
ままだ,侭田
ままだ,儘田
まみず,馬水
まみず,眞水
まみち,真道
まみち,眞道
まみつ,真光
まみづか,馬見塚
まみや,間宮
まみや,真宮
まみや,真谷
まみや,馬宮
まみゅうだ,豆生田
まみょうだ,間明田
まみょうだ,真明田
まみよだ,間明田
まむろ,間室
まむろ,真室
まむろ,眞室
まめうだ,豆生田
まめかわ,豆川
まめさや,豆鞘
まめた,豆田
まめだ,豆田
まめづか,豆塚
まめなり,豆成
まめはた,豆畑
まめむら,豆村
まめわか,豆若
まもと,真本
まもと,眞本
まもり,守
まもりた,守田
まや,真屋
まや,真矢
まや,磨谷
まやなぎ,真柳
まやはら,馬屋原
まやはら,馬谷原
まやま,間山
まやま,真山
まやま,眞山
まゆずみ,黛
まゆみ,間弓
まゆみ,真弓
まゆみ,馬弓
まゆみ,舞弓
まゆみ,眞弓
まゆやま,眉山
まよい,間宵
まり,真利
まり,麻里
まり,眞理
まりかわ,万里川
まりかわ,萬里川
まりこ,鞠子
まりこ,真利子
まりたに,真里谷
まりの,萬利乃
まりや,真里谷
まりやま,鞠山
まりやま,毬山
まる,丸
まるい,円井
まるい,丸井
まるい,丸居
まるい,圓井
まるいけ,丸池
まるいし,丸石
まるいずみ,丸泉
まるいち,丸一
まるいち,丸市
まるいわ,丸岩
まるうち,丸内
まるえ,丸江
まるえび,丸海老
まるお,円尾
まるお,丸尾
まるお,圓尾
まるおか,丸岡
まるか,丸加
まるかど,丸門
まるかね,丸金
まるかわ,丸川
まるかわ,圓川
まるがた,丸潟
まるがみ,丸上
まるがめ,丸亀
まるき,丸樹
まるき,丸木
まるくさ,丸草
まるくぼ,丸久保
まるぐち,丸口
まるこ,円子
まるこ,丸古
まるこ,丸子
まるこ,丸児
まるこ,丸小
まるこ,圓子
まるさき,丸（崎の大が立）
まるさき,丸嵜
まるさわ,丸沢
まるさわ,丸澤
まるざわ,丸澤
まるしげ,丸重
まるしげ,丸繁
まるした,丸下
まるしま,丸島
まるしま,丸嶋
まるじ,丸次
まるすえ,丸末
まるすぎ,丸杉
まるせ,丸瀬
まるせ,丸勢
まるせき,丸関
まるぜに,丸銭
まるた,丸田
まるた,圓田
まるたけ,丸竹
まるたに,丸谷
まるち,丸地
まるつか,丸塚
まるづか,丸塚
まると,丸登
まるどう,丸堂
まるなか,丸中
まるの,丸野
まるのうち,丸野内
まるはし,丸橋
まるはし,圓橋
まるはま,丸浜
まるばし,丸橋
まるばやし,丸林
まるび,丸備
まるふじ,丸藤
まるぶち,丸淵
まるぶち,丸渕
まるみや,丸宮
まるめ,丸目
まるも,丸藻
まるも,丸茂
まるも,丸毛
まるもと,丸元
まるもと,丸本
まるもと,圓本
まるもの,丸物
まるもり,丸森
まるや,丸屋
まるや,丸谷
まるやす,丸安
まるやぶ,丸薮
まるやま,円山
まるやま,丸山
まるやま,圓山
まるやまの,丸山野
まるよし,丸吉
まるわか,丸若
まろ,麿
まろやま,麿山
まわたり,馬渡
まわり,廻
まわりかど,廻角
まわりど,廻戸
まわりみち,回り道
まわりもと,廻本
まん,萬
まんい,万井
まんい,萬井
まんえい,万永
まんお,万尾
まんかわ,萬川
まんがみ,萬上
まんがんじ,萬願寺
まんき,萬喜
まんき,萬木
まんきめ,万城目
まんきん,萬金
まんぎょう,万行
まんぎょく,萬玉
まんげつ,万月
まんげつ,満月
まんざい,万歳
まんざき,万崎
まんざき,萬（崎の大が立）
まんざわ,萬澤
まんしょう,満生
まんじ,万字
まんじ,萬治
まんじゅ,万寿
まんじゅう,万十
まんじゅもと,万寿本
まんじゅもと,万壽本
まんじょう,万條
まんじょうめ,万城目
まんじょうめ,萬城目
まんず,萬津
まんぜん,万膳
まんぜん,萬膳
まんぞうじ,万造寺
まんぞく,満足
まんぞく,萬束
まんたに,万谷
まんたに,萬谷
まんだ,茨田
まんだ,万田
まんだ,滿田
まんだ,萬田
まんだい,万袋
まんだい,万代
まんだい,萬代
まんだち,万立
まんちゅう,万中
まんちゅう,万仲
まんとく,万徳
まんとく,萬徳
まんど,万戸
まんどう,万藤
まんどう,萬藤
まんどころ,政所
まんどころ,万所
まんどころ,萬所
まんなか,満仲
まんなみ,万波
まんなり,万成
まんなり,萬成
まんねん,万年
まんねん,萬年
まんの,万野
まんの,萬野
まんのう,満濃
まんのう,萬濃
まんのうじ,萬納寺
まんば,万羽
まんば,万波
まんば,萬羽
まんば,萬場
まんぴょう,萬俵
まんふく,萬福
まんぼ,満保
まんみつ,萬光
まんもと,萬本
まんや,萬谷
まんよし,万好
まんよし,萬好
みあき,三秋
みあけ,見明
みあけ,三宅
みあけ,三明
みい,三位
みい,三井
みいけ,御池
みいけ,三池
みいさこ,箕迫
みいしょ,三井所
みいだ,三井田
みいち,見市
みいの,箕野
みいみ,美見
みうち,見内
みうち,身内
みうち,美内
みうち,箕打
みうち,箕内
みうみ,観海
みうら,見浦
みうら,三浦
みうら,水卜
みうら,美浦
みえ,三江
みえ,三枝
みえ,三重
みえ,弥栄
みえき,三枝樹
みえき,三枝木
みえだ,三枝
みえの,三重野
みお,見尾
みお,三尾
みお,美尾
みおう,美王
みおか,三岡
みおがわ,三尾川
みおけ,三桶
みおたに,美尾谷
みおのや,美尾谷
みかい,三海
みかい,三界
みかぎ,御鍵
みかけ,見掛
みかげ,御影
みかげ,三日月
みかさ,三笠
みかざき,三ヶ崎
みかしま,三ヶ島
みかじり,三ケ尻
みかじり,三ヶ尻
みかじり,三日尻
みかた,見形
みかた,見方
みかた,三ケ田
みかた,三潟
みかた,三方
みかた,味形
みかた,味方
みかた,箕形
みかだ,三ケ田
みかつら,三葛
みかづき,三ヶ月
みかづき,三日月
みかづき,朏
みかど,見角
みかど,見門
みかど,御門
みかど,三角
みかど,三門
みかど,三廉
みかどめ,三門目
みかなぎ,御巫
みかの,三甲野
みかのはら,三ヶ野原
みかべ,三壁
みかみ,見上
みかみ,見神
みかみ,三守
みかみ,三上
みかみ,三神
みかみ,民上
みかみやま,三上山
みかめ,三亀
みかめ,三瓶
みかも,三鴨
みかも,美甘
みかもと,御神本
みかもと,三家本
みかやま,三ケ山
みかやま,三箇山
みかわ,見川
みかわ,御川
みかわ,三河
みかわ,三川
みかわ,参河
みかわ,美河
みかわ,美川
みかわ,箕川
みがき,三垣
みき,幹
みき,見木
みき,御喜
みき,御木
みき,三岐
みき,三貴
みき,三輝
みき,三鬼
みき,三樹
みき,三木
みき,神酒
みき,造酒
みき,美喜
みき,美木
みき,味喜
みき,味木
みきた,三喜田
みきた,三木田
みきたに,三木谷
みきはら,三木原
みきもと,御木本
みきや,御喜屋
みきや,御喜家
みきや,御器谷
みきや,三木谷
みぎい,右井
みぎし,三岸
みぎしま,右島
みぎた,右田
みぎたか,右高
みぎて,右手
みぎでら,右寺
みぎなり,右成
みぎまつ,右松
みぎみ,右見
みぎや,右谷
みぎやま,右山
みくし,三串
みくす,三楠
みくち,三口
みくつ,御沓
みくづき,三葛木
みくに,三国
みくに,三國
みくにや,三国谷
みくにや,三國谷
みくぼ,三久保
みくぼ,三窪
みくま,三熊
みくも,三雲
みくら,三倉
みくり,三栗
みくり,三厨
みくりの,三栗野
みくりや,御厨
みくりや,三栗谷
みくりや,三厨
みくるべ,三廻部
みぐち,美口
みぐち,箕口
みけ,三毛
みけだ,三ケ田
みこ,御子
みこうち,三河内
みこがい,神子谷
みこがみ,御子神
みこがみ,神子上
みこし,見越
みこし,美越
みこしば,御子柴
みこしば,神子柴
みこそ,神子素
みこた,三小田
みこだ,三小田
みこだ,神子田
みこみ,見込
みこめ,見米
みこや,三古谷
みさいつ,美斉津
みさいづ,美斎津
みさいづ,美細津
みさいづ,美斉津
みさいづ,美齋津
みさいづ,美齊津
みさお,三竿
みさお,三棹
みさお,操
みさか,見坂
みさか,三坂
みさか,三阪
みさか,美坂
みさがわ,三佐川
みさき,見（崎の大が立）
みさき,見崎
みさき,御崎
みさき,御前
みさき,三（崎の大が立）
みさき,三崎
みさき,三前
みさき,三嵜
みさき,身（崎の大が立）
みさき,身（先の大が立）
みさき,身崎
みさき,美（崎の大が立）
みさき,美崎
みさき,岬
みさこ,三迫
みさご,見砂
みさご,三砂
みささ,三笹
みさし,美佐志
みさじ,見坐地
みさた,美佐田
みさと,見里
みさと,三里
みさやま,御射山
みさわ,見沢
みさわ,見澤
みさわ,御澤
みさわ,三佐和
みさわ,三沢
みさわ,三澤
みさわ,参沢
みさわ,美沢
みさわ,美澤
みざ,見座
みしお,三塩
みしく,御宿
みしげ,三重
みしな,三科
みしな,三品
みしば,三柴
みしま,見島
みしま,見嶋
みしま,三縞
みしま,三島
みしま,三嶋
みしま,三嶌
みしま,美島
みしま,美嶋
みしゅく,御宿
みしろ,三城
みしろ,三代
みす,三須
みす,三栖
みす,三簾
みす,深須
みす,翠
みす,美須
みす,簾
みすい,三簾
みすえ,三末
みすお,翠尾
みすぎ,三杉
みすた,翠田
みすたに,簾谷
みすだ,三須田
みすだ,簾田
みすの,御簾納
みすの,御簾野
みすま,三須磨
みすみ,三（角の田が甲）
みすみ,三角
みすみ,三隅
みすみ,三住
みすみた,三隅田
みすもと,三栖本
みすや,翠簾屋
みずあし,水芦
みずあらい,水洗
みずい,水井
みずい,水居
みずいえ,水家
みずいけ,水池
みずいし,水石
みずいて,水井手
みずいで,水出
みずいわ,瑞岩
みずうえ,水植
みずうし,水牛
みずうじ,水姓
みずうち,水内
みずうら,水浦
みずえ,水江
みずお,水尾
みずおか,水岡
みずおち,水落
みずかき,水柿
みずかど,水門
みずかね,水兼
みずかみ,水上
みずかわ,水川
みずがい,水飼
みずがい,水谷
みずがき,水垣
みずがき,水柿
みずがき,水書
みずがみ,水上
みずき,水城
みずき,水筑
みずき,水木
みずぎし,水岸
みずくさ,水草
みずくち,水口
みずくぼ,水久保
みずくら,水倉
みずぐち,水口
みずこ,水子
みずこし,水越
みずこし,水腰
みずさか,水坂
みずさか,水阪
みずさき,水（崎の大が立）
みずさき,水崎
みずさき,水嵜
みずさこ,水迫
みずさわ,水沢
みずさわ,水澤
みずし,水主
みずしげ,水重
みずした,水下
みずしな,水科
みずしな,水信
みずしな,水品
みずしの,水篠
みずしま,水島
みずしま,水嶋
みずしま,水嶌
みずしま,美津島
みずしり,水尻
みずしろ,水城
みずしろ,水代
みずすぎ,水杉
みずせ,水瀬
みずせき,水関
みずた,水多
みずた,水田
みずたか,水高
みずたけ,水竹
みずたに,三頭谷
みずたに,水谷
みずたに,水溪
みずたま,水玉
みずたまり,水溜
みずたみ,水民
みずため,水溜
みずたり,水足
みずち,水知
みずち,水地
みずつき,水附
みずつぐ,水次
みずと,水戸
みずとめ,水止
みずとめ,水留
みずとり,水鳥
みずなか,水中
みずなが,水永
みずなが,水長
みずなぐち,水名口
みずなし,水無
みずなし,水梨
みずなみ,水波
みずなみ,水浪
みずなり,水成
みずにわ,水庭
みずぬま,水沼
みずね,水根
みずの,水野
みずのうえ,水ノ上
みずのうえ,水野上
みずのえ,水の江
みずのえ,水江
みずのえ,水之江
みずのお,水野尾
みずのもと,水野元
みずのや,水谷
みずのや,水野谷
みずは,水羽
みずはし,水橋
みずはし,水端
みずはた,水畑
みずはら,水原
みずばやし,水林
みずひき,水引
みずひら,水平
みずひろ,水廣
みずふね,水舟
みずふね,水船
みずぶち,水渕
みずべ,水辺
みずほ,水穂
みずほ,瑞穂
みずま,水間
みずま,水馬
みずま,水摩
みずまき,水巻
みずまき,水牧
みずまさ,水政
みずまさ,水正
みずます,水益
みずまち,水町
みずまつ,水松
みずまる,水丸
みずみ,水見
みずむかい,水向
みずむら,水村
みずも,水雲
みずも,水毛
みずもち,水持
みずもと,水元
みずもと,水本
みずもり,水守
みずもり,水森
みずもり,水盛
みずもり,瑞森
みずや,水宅
みずや,水谷
みずやす,水安
みずやち,水谷内
みずやま,水山
みずよし,水吉
みずよし,水由
みずより,水寄
みずわけ,水分
みせ,見世
みせ,見瀬
みせ,三瀬
みせ,三勢
みせ,美勢
みせい,御姓
みせき,三関
みせもと,店本
みそい,味噌井
みそう,美曹
みそお,三十尾
みそか,晦日
みそぎ,三十木
みその,御園
みその,御苑
みその,御薗
みその,三園
みその,味園
みその,弥園
みそのう,御園生
みそのお,御園生
みそや,見楚谷
みぞ,溝
みぞい,溝井
みぞうえ,溝上
みぞうち,溝内
みぞうら,溝浦
みぞえ,溝江
みぞえ,三添
みぞお,溝尾
みぞかみ,溝上
みぞかわ,溝川
みぞがき,溝垣
みぞがみ,溝上
みぞがわ,溝川
みぞくち,溝口
みぞくに,溝國
みぞくろ,溝黒
みぞぐい,溝杭
みぞぐち,溝口
みぞこし,溝腰
みぞさき,溝崎
みぞした,溝下
みぞじり,溝尻
みぞぞえ,溝添
みぞた,溝田
みぞて,溝手
みぞにし,溝西
みぞね,溝根
みぞのべ,溝延
みぞはた,溝端
みぞはた,溝幡
みぞはた,溝畑
みぞはた,溝畠
みぞばた,溝端
みぞふち,溝渕
みぞぶち,溝淵
みぞぶち,溝渕
みぞべ,溝部
みぞべ,溝辺
みぞべ,溝邊
みぞま,溝間
みぞまた,溝俣
みぞもと,溝本
みぞろ,溝曽路
みぞろぎ,溝呂木
みぞろぎ,三改木
みぞわき,溝脇
みた,見田
みた,三田
みた,美多
みた,美田
みた,味田
みた,箕田
みたい,三田井
みたか,見（はしご高）
みたか,見高
みたか,三高
みたがみ,三田上
みたき,見滝
みたけ,見岳
みたけ,見竹
みたけ,御嶽
みたけ,三竹
みたけ,三武
みたけ,三嶽
みたざき,三反崎
みたぞの,三反園
みたち,御立
みたち,三舘
みたち,三田地
みたて,見立
みたてや,見立屋
みたでら,三田寺
みたに,見谷
みたに,三谷
みたに,深谷
みたに,神谷
みたに,美谷
みたの,三田野
みたべ,三田部
みたま,海琳
みたま,三玉
みたま,美玉
みたむら,御田村
みたむら,三田村
みたむら,味田村
みたらい,御手洗
みち,道
みち,味知
みちあい,道合
みちあき,道明
みちい,道井
みちいち,道市
みちうえ,道上
みちうち,道内
みちうら,道浦
みちえ,道江
みちおか,道岡
みちおき,道沖
みちおく,道奥
みちおと,道音
みちかど,道角
みちかみ,道上
みちかわ,道川
みちがみ,道上
みちき,道木
みちき,路木
みちきた,道北
みちきゅう,道給
みちぎし,道岸
みちくだ,道久田
みちぐち,道口
みちこし,道越
みちこじま,道小島
みちごえ,道越
みちさか,道坂
みちさか,道阪
みちざき,通崎
みちしお,満汐
みちしげ,道重
みちした,道下
みちしま,道島
みちしろ,道城
みちじ,道地
みちじま,道嶋
みちじり,道尻
みちすじ,通筋
みちせ,道瀬
みちぜき,道関
みちぞえ,道添
みちぞの,道園
みちた,道田
みちたか,道高
みちたか,道堯
みちたに,道谷
みちだ,道田
みちつか,道塚
みちつじ,道辻
みちつた,道蔦
みちづか,道塚
みちづか,満束
みちなか,道中
みちなが,道永
みちにし,道西
みちね,道根
みちの,道野
みちのぶ,道信
みちのべ,道辺
みちのまえ,道之前
みちはた,道端
みちはた,道畑
みちはた,道畠
みちはた,道籏
みちはら,道原
みちば,道場
みちばた,道端
みちばた,道籏
みちばやし,道林
みちひさ,道久
みちひら,道平
みちひろ,道広
みちひろ,道廣
みちぶち,道淵
みちぶち,道渕
みちまえ,道前
みちまさ,道政
みちまさ,道正
みちまた,道股
みちまた,道又
みちみ,道見
みちむかい,道向
みちむこ,道向
みちむね,道宗
みちむら,道村
みちも,道面
みちもと,道元
みちもと,道本
みちもり,道守
みちもり,道盛
みちや,道谷
みちやま,道山
みちゆき,道行
みちよし,岐美
みちよし,道吉
みちわき,道脇
みっかいち,三日市
みった,光田
みつ,見津
みつ,三津
みつ,密
みつい,光井
みつい,三ツ井
みつい,三井
みつい,三津井
みつい,三都井
みつい,満井
みついえ,光家
みついき,満生
みついし,光石
みついし,三ツ石
みついし,三石
みついし,満石
みついし,密石
みついし,蜜石
みついわ,三ツ岩
みついわ,三岩
みつうら,光浦
みつえ,三津江
みつえ,満江
みつえだ,光枝
みつえだ,三枝
みつお,三ツ尾
みつお,三尾
みつお,満尾
みつおか,光岡
みつおか,三岡
みつおか,満岡
みつおか,密岡
みつおぎ,三荻
みつか,三（土へんに冢）
みつか,三束
みつか,三塚
みつかど,光門
みつかわ,光川
みつかわ,三ッ川
みつかわ,三ツ川
みつかわ,三津川
みつかわ,満川
みつがしら,三頭
みつがみ,満上
みつき,見月
みつき,光木
みつき,三ツ木
みつき,三月
みつき,三津木
みつき,満木
みつき,滿木
みつきだ,三月田
みつぎ,見次
みつぎ,御調
みつぎ,光木
みつぎ,三ツ木
みつぎ,三次
みつぎ,三樹
みつぎ,三木
みつぎ,参木
みつぎ,身次
みつぎ,巳継
みつくち,三ッ口
みつくら,満倉
みつくり,三栗
みつくり,箕作
みつぐち,三ッ口
みつぐち,三ツ口
みつけ,見付
みつけ,見附
みつこし,満越
みつさだ,光定
みつざき,光崎
みつざわ,光澤
みつざわ,満澤
みつざわ,蜜澤
みつしお,満塩
みつしお,満潮
みつした,光下
みつした,三下
みつした,満下
みつしま,光島
みつしま,三津島
みつしま,美津島
みつしま,満島
みつしま,満嶋
みつしま,密島
みつじ,三辻
みつせ,光瀬
みつせ,三瀬
みつぞの,満園
みつぞの,満薗
みつた,光多
みつた,光田
みつた,三ツ田
みつた,満田
みつた,滿田
みつたき,光瀧
みつたけ,光武
みつたけ,満武
みつたに,光谷
みつたに,満谷
みつたに,蜜谷
みつだ,光田
みつだ,三ツ田
みつだ,三津田
みつだ,満田
みつだ,密田
みつち,三土
みつつか,三（土へんに冢）
みつつか,三塚
みつづか,光塚
みつづか,三（土へんに冢）
みつづか,三ッ塚
みつづか,三ツ塚
みつづか,三塚
みつづみ,三鼓
みつでら,三寺
みつとみ,光富
みつとみ,光冨
みつとみ,満冨
みつとめ,満留
みつとも,光友
みつどう,光藤
みつどめ,満留
みつなか,光中
みつなが,光永
みつなが,光長
みつなが,満永
みつなが,満長
みつなみ,三ッ浪
みつなみ,三ツ浪
みつなみ,三並
みつなり,光成
みつなり,三成
みつぬし,光主
みつの,光野
みつの,三ツ野
みつの,三野
みつの,満野
みつのぶ,光延
みつのぶ,光信
みつのぷ,光延
みつのべ,光延
みつはし,光橋
みつはし,三ツ橋
みつはし,三橋
みつはし,三津橋
みつはし,三觜
みつはた,光畑
みつはら,光原
みつはら,三津原
みつはら,満原
みつば,光場
みつば,光葉
みつばし,三觜
みつばやし,光林
みつばやし,三ッ林
みつばやし,三ツ林
みつばやし,三林
みつばやし,満林
みつひさ,光久
みつひら,光平
みつひろ,光広
みつひろ,光廣
みつひろ,三ツ廣
みつふじ,光藤
みつふじ,三藤
みつぶち,三渕
みつべ,光部
みつほり,三堀
みつぼし,三星
みつぼり,三堀
みつま,三ツ間
みつま,三間
みつま,三津間
みつま,三満
みつま,三潴
みつま,満間
みつます,光益
みつます,光増
みつまた,三ツ股
みつまた,三ツ俣
みつまた,三股
みつまた,三俣
みつまた,三又
みつまち,光町
みつまつ,光松
みつまつ,三ッ松
みつまつ,三ツ松
みつまつ,三松
みつまる,三丸
みつみ,満身
みつみぞ,三溝
みつむね,光宗
みつむね,三宗
みつむね,三棟
みつむら,光村
みつむら,三ツ村
みつむら,満村
みつめ,三ツ目
みつもと,光元
みつもと,光本
みつもと,三ツ本
みつもと,三津本
みつもと,三本
みつもと,満本
みつもと,密本
みつもり,光森
みつもり,光盛
みつもり,三ツ森
みつもり,三森
みつもり,三盛
みつもん,密門
みつや,光家
みつや,光谷
みつや,三ツ谷
みつや,三ツ矢
みつや,三屋
みつや,三家
みつや,三箭
みつや,三津屋
みつや,三津谷
みつや,三廼
みつや,三矢
みつや,満屋
みつや,密谷
みつやす,光安
みつやす,光易
みつやま,光山
みつやま,三ツ山
みつやま,三山
みつやま,三津山
みつやま,満山
みつやま,密山
みつやま,蜜山
みつゆ,三露
みつゆき,光行
みつゆき,三行
みつゆき,満行
みつよし,光吉
みつよし,満吉
みつら,光楽
みつら,光樂
みつる,三鶴
みつわ,三羽
みつわ,三和
みづか,三塚
みづき,見月
みづぐち,水口
みづた,水田
みづま,三潴
みづまち,水町
みづもと,水本
みてくら,見手倉
みてら,見寺
みてら,三寺
みでら,見寺
みと,三戸
みと,三登
みと,水戸
みと,水渡
みと,味土
みとう,見当
みとう,見藤
みとう,三藤
みとう,美藤
みとう,味藤
みとおか,三戸岡
みとおか,三十日
みとおか,水戸岡
みとおり,見通
みとかわ,水戸川
みとがわ,水戸川
みとく,三徳
みとなか,神戸中
みとのや,御殿谷
みとべ,三戸部
みとべ,水戸部
みとべ,水戸辺
みとま,三苫
みとま,三笘
みとみ,見富
みとみ,三富
みとみ,三冨
みとみ,美富
みとめ,見留
みとめ,三留
みとも,御供
みとも,御友
みとも,三共
みとも,三友
みともり,三戸森
みとや,三刀屋
みとや,三刀谷
みとやす,元安
みとら,巳寅
みとり,見取
みとり,実取
みとり,實取
みとろ,三戸呂
みどう,御堂
みどう,三堂
みどおか,御堂岡
みどり,緑
みどりかわ,三鳥川
みどりかわ,水鳥川
みどりかわ,翠川
みどりかわ,碧川
みどりかわ,緑川
みどりたに,緑谷
みどりま,緑間
みどろ,美土路
みな,咸
みなあい,皆合
みない,御薬袋
みない,南井
みない,薬袋
みない,藥袋
みなお,皆尾
みなおか,南丘
みなか,三中
みなか,三仲
みなかた,南方
みなかみ,皆上
みなかみ,水上
みなかわ,皆川
みなかわ,南川
みながわ,皆川
みながわ,源川
みながわ,三永川
みながわ,南川
みながわ,美奈川
みなき,皆木
みなき,南木
みなぎ,皆木
みなくち,水口
みなぐち,水口
みなぐち,南口
みなごし,皆越
みなさこ,皆迫
みなしま,皆島
みなせ,水無瀬
みなた,皆田
みなつき,皆月
みなづき,皆月
みなと,港
みなと,湊
みなとがわ,港川
みなとがわ,湊川
みなとぐち,湊口
みなとざき,湊崎
みなとだ,湊田
みなとだに,湊谷
みなとの,港野
みなとはら,湊原
みなとや,湊屋
みなとや,湊谷
みなの,皆野
みなば,皆葉
みなべ,見辺
みなべ,見邊
みなべ,三鍋
みなべ,三部
みなべ,三辺
みなべ,三邊
みなべ,三邉
みなべ,美辺
みなみ,皆見
みなみ,皆美
みなみ,皆巳
みなみ,見奈美
みなみ,見波
みなみ,見並
みなみ,見浪
みなみ,三波
みなみ,三並
みなみ,三浪
みなみ,南
みなみ,南中道
みなみ,美並
みなみ,美浪
みなみ,巳波
みなみ,陽
みなみありた,南有田
みなみい,南井
みなみうら,南浦
みなみお,南尾
みなみおおじ,南大路
みなみおか,南丘
みなみかた,南方
みなみかわ,南川
みなみがいと,南垣内
みなみがた,南形
みなみがた,南方
みなみがわ,南川
みなみがわ,南側
みなみぎわ,南極
みなみくろさわ,南黒沢
みなみぐち,南口
みなみさか,南坂
みなみさき,南崎
みなみさこ,南迫
みなみさと,南里
みなみさわ,南沢
みなみさわ,南澤
みなみざき,南崎
みなみざと,南里
みなみざわ,南澤
みなみしま,南島
みなみしま,南嶋
みなみしょうがく,南正覚
みなみしょうがく,南正學
みなみしん,南新
みなみじま,南島
みなみじま,南嶋
みなみせこ,南迫
みなみその,南園
みなみぞの,南園
みなみぞの,南薗
みなみたけ,南竹
みなみたて,南舘
みなみたに,南谷
みなみだ,南田
みなみだて,南館
みなみだて,南舘
みなみだに,南谷
みなみつ,南津
みなみつじ,南辻
みなみつぼ,南坪
みなみづか,南塚
みなみて,南手
みなみで,南出
みなみどい,南土居
みなみなかみち,南中道
みなみの,南埜
みなみの,南野
みなみはし,南橋
みなみはた,南端
みなみはた,南畑
みなみはば,南幅
みなみはま,南浜
みなみはま,南濱
みなみはら,南原
みなみばた,南端
みなみばた,南畑
みなみばやし,南林
みなみふち,南淵
みなみぶち,南淵
みなみぶち,南渕
みなみまえ,南前
みなみまがり,南曲
みなみむら,南村
みなみむれ,南牟礼
みなみもと,南元
みなみもと,南本
みなみもり,南森
みなみや,南屋
みなみや,南谷
みなみやま,南山
みなむら,皆村
みなもと,皆元
みなもと,皆本
みなもと,源
みなもと,源元
みなもと,源本
みなもと,南本
みなもと,湊本
みなもり,水精
みなよし,皆吉
みなよし,源吉
みなり,三成
みなり,實成
みなわ,三縄
みぬきの,三貫納
みぬさ,三幣
みぬま,三沼
みね,三根
みね,美根
みね,美祢
みね,峰
みね,峯
みね,嶺
みね,岑
みねい,嶺井
みねいし,峯石
みねうら,峯浦
みねお,峰尾
みねお,峯尾
みねお,嶺尾
みねおか,峠岡
みねおか,峰岡
みねおか,峯岡
みねかげ,嶺蔭
みねかね,峯金
みねかわ,峯川
みねかわ,嶺川
みねき,峰木
みねき,峯木
みねき,嶺木
みねぎし,峰岸
みねぎし,峯岸
みねぎし,嶺岸
みねさき,嶺崎
みねさわ,嶺沢
みねざき,峰崎
みねざき,峯崎
みねざき,嶺崎
みねざわ,峰澤
みねしげ,嶺重
みねした,峰下
みねした,峯下
みねしま,峰島
みねしま,峰嶋
みねしま,峯島
みねしま,峯嶋
みねじま,峰島
みねじま,峯島
みねすぎ,峯杉
みねせ,峯瀬
みねた,峰田
みねた,峯田
みねた,嶺田
みねたか,峯高
みねたき,峰滝
みねたに,峰谷
みねだ,峰田
みねだ,嶺田
みねとし,峯俊
みねとま,峯苫
みねとまつ,峯戸松
みねとも,峰友
みねなが,岑永
みねの,峰野
みねの,峯野
みねの,嶺野
みねはる,峰晴
みねばやし,峯林
みねひさ,峰久
みねひら,峰平
みねひら,峯平
みねふじ,峯藤
みねま,嶺間
みねまさ,峰政
みねまさ,峯政
みねまつ,峰松
みねまつ,峯松
みねまわり,峯廻
みねむら,峰村
みねむら,峯村
みねむら,峯邑
みねむら,嶺村
みねむら,岑村
みねもと,峰本
みねもと,峯元
みねもと,峯本
みねもと,嶺元
みねもと,嶺本
みねもり,峯森
みねやま,峯山
みねやま,岑山
みねゆき,峰雪
みねゆき,峯雪
みねわき,峯脇
みねわき,嶺脇
みの,見野
みの,三野
みの,身野
みの,美濃
みの,美野
みの,味埜
みの,味野
みの,箕野
みの,蓑
みのう,美濃
みのう,味生
みのうち,蓑内
みのうら,美濃浦
みのうら,箕浦
みのうら,蓑浦
みのうら,簑浦
みのおか,美濃岡
みのおか,箕岡
みのかた,蓑方
みのかみ,美ノ上
みのかわ,美濃川
みのかわ,美野川
みのくち,巳之口
みのぐち,美濃口
みのぐち,箕口
みのぐち,蓑口
みのぐち,簑口
みのけ,簑毛
みのこし,箕越
みのざき,蓑崎
みのした,簑下
みのしま,美濃島
みのしま,箕島
みのしま,蓑島
みのしま,蓑嶋
みのしま,簑島
みのしま,簔島
みのじ,美濃地
みのせ,己ノ瀬
みのた,美濃田
みのた,美野田
みのた,蓑田
みのた,簑田
みのたに,美ノ谷
みのたに,蓑谷
みのだ,三野田
みのだ,美濃田
みのだ,箕田
みのだ,蓑田
みのだ,簑田
みのつ,美濃津
みのて,蓑手
みのにし,箕西
みのは,美濃羽
みのはた,箕畑
みのはら,三野原
みのはら,箕原
みのはら,蓑原
みのはら,簑原
みのべ,見延
みのべ,美濃部
みのべ,美濃邊
みのまた,美濃又
みのみ,味呑
みのみや,蓑宮
みのむら,三野村
みのむら,美濃村
みのも,蓑茂
みのも,蓑毛
みのも,簑毛
みのもと,美濃本
みのや,美濃谷
みのや,箕谷
みのや,蓑谷
みのやま,美濃山
みのやま,箕山
みのり,見乗
みのりかわ,御法川
みのわ,三之輪
みのわ,三野輪
みのわ,美濃羽
みのわ,美濃輪
みのわ,美濃和
みのわ,味野和
みのわ,箕輪
みのわ,蓑輪
みのわ,蓑和
みのわ,簑輪
みのわだ,蓑和田
みのわだ,簑和田
みはし,御橋
みはし,三橋
みはし,三觜
みはた,御幡
みはた,三幡
みはた,三畑
みはま,三浜
みはま,美浜
みはやし,御林
みはら,見原
みはら,三原
みはら,身原
みはら,美原
みはらだ,三原田
みはる,三春
みば,三場
みばえ,實生
みばやし,三林
みひら,見平
みひら,三平
みびき,三引
みふじ,三藤
みふね,御船
みふね,御舩
みふね,三舟
みふね,三船
みふね,三舩
みふね,美舩
みぶ,壬生
みぶか,身深
みぶち,三淵
みぶち,実渕
みべ,三部
みほ,三保
みほ,三穂
みほ,美保
みほいち,三歩一
みほり,御堀
みほり,三堀
みま,三間
みま,三摩
みま,美間
みま,美馬
みまき,御牧
みまき,三巻
みまき,三牧
みまさ,三政
みまさ,三正
みまさか,美作
みまし,三増
みます,三升
みます,三舛
みます,三桝
みまた,三股
みまた,三又
みまち,三町
みまつ,三松
みまつ,美松
みまや,御厩
みまんだ,三万田
みみうら,耳浦
みみづか,耳（土へんに冢）
みみづか,耳塚
みみの,耳野
みみや,三宮
みむら,見村
みむら,見邨
みむら,三村
みむら,三邨
みむら,実村
みむら,美村
みむら,味村
みむろ,御室
みむろ,三室
みむろど,三室戸
みもと,見元
みもと,見本
みもと,三本
みもと,美本
みもと,味元
みもみ,実籾
みもり,三守
みもり,三森
みや,宮
みや,三家
みや,三箭
みや,三矢
みやあき,宮秋
みやあき,宮明
みやい,宮井
みやいし,宮石
みやいち,宮一
みやいり,宮入
みやうえ,宮上
みやうち,宮宇地
みやうち,宮谷内
みやうち,宮内
みやうぢ,宮宇地
みやうら,宮浦
みやうら,宮裏
みやえ,宮江
みやお,宮尾
みやお,都尾
みやおい,宮負
みやおう,宮応
みやおう,宮應
みやおか,宮岡
みやおき,宮沖
みやおく,宮奥
みやかく,宮角
みやかど,宮門
みやかね,宮兼
みやかみ,宮上
みやかわ,宮川
みやが,宮ヶ
みやがい,宮階
みやがい,宮谷
みやがき,宮垣
みやがさき,宮ケ崎
みやがさこ,宮ヶ迫
みやがちょう,宮ヶ丁
みやがの,宮鹿野
みやがみ,宮上
みやがや,宮ケ谷
みやがわ,宮河
みやがわ,宮川
みやがわ,宮側
みやき,宮城
みやき,宮木
みやき,味八木
みやきた,宮北
みやぎ,宮城
みやぎし,宮岸
みやぎしま,宮城島
みやぎしま,宮城嶋
みやくさ,宮艸
みやくし,宮串
みやくち,宮久地
みやくに,宮国
みやくに,宮國
みやくび,宮首
みやくぼ,宮久保
みやくぼ,宮窪
みやくら,宮倉
みやぐち,宮口
みやぐに,宮国
みやぐに,宮國
みやけ,宮家
みやけ,宮宅
みやけ,宮毛
みやけ,三宅
みやけがわ,三宅川
みやげ,土産
みやこ,宮古
みやこ,宮幸
みやこ,宮子
みやこ,京都
みやこ,都
みやこざわ,都沢
みやこざわ,都澤
みやこし,宮越
みやこし,宮腰
みやこだ,都田
みやご,宮後
みやごえ,宮越
みやごし,宮越
みやごし,宮腰
みやさ,宮佐
みやさか,宮坂
みやさか,宮阪
みやさき,宮崎
みやさき,宮前
みやさこ,宮廻
みやさこ,宮迫
みやさと,宮里
みやさわ,宮沢
みやさわ,宮澤
みやざか,宮阪
みやざき,宮（崎の大が立）
みやざき,宮崎
みやざき,宮碕
みやざき,宮前
みやざき,宮嵜
みやざこ,宮迫
みやざと,宮里
みやざわ,宮沢
みやざわ,宮澤
みやし,宮司
みやしげ,宮重
みやしげ,宮繁
みやした,宮下
みやしば,宮芝
みやしま,宮島
みやしま,宮嶌
みやしょう,宮庄
みやしょう,宮正
みやしろ,宮城
みやしろ,宮代
みやしろ,都城
みやしん,宮新
みやじ,宮司
みやじ,宮治
みやじ,宮地
みやじ,宮道
みやじ,宮路
みやじま,宮島
みやじま,宮嶋
みやじま,宮嶌
みやじま,美谷島
みやじり,宮後
みやじり,宮尻
みやす,美安
みやすみ,宮住
みやせ,宮瀬
みやそう,宮宗
みやぞえ,宮添
みやぞえ,宮副
みやぞえ,美谷添
みやぞの,宮園
みやぞの,宮薗
みやた,宮田
みやたか,宮（はしご高）
みやたか,宮高
みやたき,宮滝
みやたけ,宮竹
みやたけ,宮武
みやたに,宮谷
みやたにうち,宮谷内
みやだ,宮田
みやだい,宮代
みやだい,宮台
みやだて,宮舘
みやち,宮地
みやち,宮智
みやち,宮池
みやちか,宮近
みやぢ,宮地
みやつ,宮津
みやつ,宮都
みやつか,宮塚
みやつじ,宮辻
みやつち,宮土
みやづ,宮津
みやづか,宮塚
みやて,宮手
みやで,宮出
みやでら,宮寺
みやと,宮戸
みやとう,宮東
みやとや,湊屋
みやど,宮戸
みやなか,宮永
みやなか,宮中
みやなが,宮永
みやなが,宮長
みやなぎ,三柳
みやなべ,宮鍋
みやなみ,宮南
みやなみ,宮波
みやなり,宮成
みやにし,宮西
みやぬま,宮沼
みやね,宮根
みやの,宮野
みやのいり,宮野入
みやのうえ,宮之上
みやのうち,宮之内
みやのお,宮野尾
みやのき,宮軒
みやのこし,宮ノ腰
みやのはら,宮之原
みやのはら,宮野原
みやのまえ,宮之前
みやのや,宮野谷
みやのわき,宮之脇
みやはし,宮橋
みやはた,宮畑
みやはら,宮原
みやば,宮葉
みやばた,宮端
みやばやし,宮林
みやばら,宮原
みやひがし,宮東
みやひさ,宮久
みやひら,宮平
みやひろ,宮広
みやひろ,宮廣
みやふじ,宮藤
みやぶ,宮夫
みやぶくろ,宮袋
みやぶち,宮縁
みやべ,宮部
みやべ,宮辺
みやべ,宮邊
みやべ,宮邉
みやほ,宮保
みやぼ,宮保
みやま,観山
みやま,宮間
みやま,見山
みやま,御山
みやま,三山
みやま,深山
みやま,美山
みやま,味山
みやま,觀山
みやまえ,宮前
みやまさ,宮政
みやまち,宮町
みやまつ,宮松
みやまる,宮丸
みやまる,三家丸
みやまわり,宮廻
みやみち,宮道
みやみつ,宮光
みやむかい,宮向
みやむき,宮向
みやむこ,宮向
みやむら,宮村
みやむれ,宮牟礼
みやもと,宮元
みやもと,宮本
みやもと,都元
みやもり,宮守
みやもり,宮森
みややしき,宮屋敷
みややす,宮安
みややま,宮山
みやよし,宮吉
みやよし,宮良
みやら,宮良
みやわき,宮脇
みやんじょう,宮城
みゆき,幸
みょい,名井
みょう,苗
みょう,名生
みょう,明
みょうい,妙井
みょうい,名井
みょうい,明井
みょういし,明石
みょうえん,明円
みょうえん,明圓
みょうえんぞの,妙円園
みょうえんぞの,妙圓園
みょうえんぞの,妙圓薗
みょうかい,明貝
みょうかわ,妙川
みょうかわ,明川
みょうかん,明官
みょうかん,明閑
みょうかん,明翫
みょうが,冥賀
みょうが,明賀
みょうが,茗荷
みょうがん,明翫
みょうけん,妙見
みょうけん,明見
みょうご,明後
みょうしょう,明照
みょうしょう,明正
みょうじょう,明上
みょうじょう,明城
みょうじょう,明星
みょうじょうやま,明上山
みょうじん,明神
みょうせ,明瀬
みょうせい,明星
みょうせき,明関
みょうせん,明先
みょうぜん,明前
みょうだ,妙田
みょうち,明地
みょうちん,明珍
みょうとうぞの,名頭園
みょうどう,明堂
みょうどう,明道
みょうはら,茗原
みょうば,明庭
みょうぶたに,明歩谷
みょうぶだに,明歩谷
みょうほうじ,明法寺
みょうもと,妙本
みょうらく,明楽
みょうりゅう,妙立
みょうれん,明連
みょうわ,明和
みょおちん,明珍
みよ,御代
みよ,三代
みよ,美代
みよう,名生
みよかわ,御代川
みよかわ,三代川
みよかわ,澪川
みよき,三代木
みよき,美除
みよけ,明景
みよさわ,三代沢
みよさわ,三代澤
みよし,見義
みよし,見膳
みよし,三（吉の士が土）
みよし,三吉
みよし,三好
みよし,三次
みよし,三善
みよし,三膳
みよし,三芳
みよし,三由
みよし,三良
みよし,身吉
みよし,明吉
みよし,實吉
みよしの,三吉野
みよしの,三芳野
みよしま,茗島
みよせ,明瀬
みよた,御代田
みよだ,御代田
みより,見寄
みらつ,見良津
みる,三留
みるの,見ル野
みるの,瞰野
みるばやし,見林
みろく,弥勒
みわ,己波
みわ,三羽
みわ,三輪
みわ,三和
みわ,神々
みわ,美和
みわ,已波
みわき,三輪木
みわき,三脇
みわけ,三譯
みわけいち,三分一
みわた,三輪田
みわだ,三輪田
みわだ,三和田
みんぶ,民部
みんぶた,民部田
みんぽう,民法
みんま,三馬
むえ,無江
むかい,迎
むかい,向
むかい,向井
むかい,向日
むかいあぜち,向畦地
むかいおりと,向折戸
むかいかど,向門
むかいがいと,向垣内
むかいがわ,向川
むかいがわら,向河原
むかいくぼ,向久保
むかいぐち,向口
むかいしょ,向所
むかいじ,向井地
むかいじょ,向所
むかいたに,向谷
むかいだ,向井田
むかいだ,向田
むかいだに,向谷
むかいつぼ,向坪
むかいづる,向鶴
むかいで,迎出
むかいで,向出
むかいとうげ,向峠
むかいどの,向殿
むかいなか,向井中
むかいなか,向井仲
むかいなか,向仲
むかいなかの,向中野
むかいなり,向成
むかいの,向井野
むかいの,向野
むかいはし,向橋
むかいはた,向畑
むかいはたけ,向畑
むかいはら,向原
むかいひら,向ィ平
むかいひら,向平
むかいぼう,向坊
むかいむら,向村
むかいもと,向本
むかいやしき,向屋敷
むかいやち,向谷地
むかいやま,迎山
むかいやま,向山
むかうえ,向上
むかえ,迎
むかえ,向永
むかえ,向江
むかえだ,迎田
むかさ,向笠
むかさ,向佐
むかさ,武笠
むかさ,穆佐
むかさ,六笠
むかた,向田
むかたか,向高
むかだ,向田
むかで,百足
むかとうげ,向峠
むかひ,向日
むかもと,向本
むかわ,武川
むかわ,夢川
むき,牟岐
むぎうだ,麦生田
むぎうだ,麥生田
むぎお,麦生
むぎくら,麦倉
むぎさわ,麦沢
むぎしま,麦島
むぎしま,麦嶋
むぎしま,麥島
むぎた,麦田
むぎた,麥田
むぎたに,麦谷
むぎたに,麥谷
むぎの,麦野
むぎもと,麦元
むぎや,麦屋
むぎや,麦谷
むくお,椋尾
むくげ,槿
むくげはら,槿原
むくざわ,椋澤
むくした,椋下
むくた,椋田
むくだ,椋田
むくだい,椋代
むくち,陸口
むくな,椋名
むくなし,椋梨
むくの,向野
むくの,椋野
むくのき,椋
むくのき,椋木
むくはら,椋原
むくひら,椋平
むくぼう,椋棒
むくもと,椋本
むくろぐち,葎口
むぐち,陸口
むぐるま,六車
むこう,向
むこうがわ,向井
むこうがわ,向川
むこうざか,向坂
むこうしば,向柴
むこうしま,向島
むこうじま,向島
むこうじま,向嶋
むこうじま,向嶌
むこうだ,向田
むこうだん,向段
むこうち,向内
むこうはた,向畠
むこうはら,向原
むこうばた,向畑
むこうばやし,向林
むこうひら,向平
むこうふじわら,向藤原
むこうまつ,向松
むこうやま,向山
むこお,向尾
むこがわ,向川
むこがわ,武庫川
むこしば,向柴
むこせ,向瀬
むこたに,向谷
むこばた,向畠
むこやち,向谷内
むこやま,向山
むこよし,向（吉の士が土）
むこよし,向吉
むさ,撫佐
むさ,武佐
むさし,武蔵
むさし,武藏
むさしがわ,武藏川
むさしの,武蔵野
むさしの,武藏野
むさしや,武蔵谷
むしあき,虫明
むしあけ,虫明
むしう,虫生
むしか,虫鹿
むしか,六鹿
むしが,虫賀
むしもと,虫本
むしゃ,武舎
むしゃ,武捨
むしゃ,武者
むしゃこうじ,武者小路
むしゃの,武者野
むしゃのこうじ,武者小路
むしゅう,無州
むしろ,莚
むしろい,莚井
むじん,無盡
むすみ,六角
むせき,無関
むそう,武曾
むそう,武曽
むそう,武壮
むそた,六十谷
むた,無田
むた,牟田
むたい,務台
むたい,務臺
むたぐち,牟田口
むたじま,牟田島
むちき,鞭木
むちま,鞭馬
むちゃく,無着
むつ,陸奥
むつい,六井
むつうら,陸浦
むつうら,六浦
むつお,六尾
むつお,六雄
むつおか,六岡
むつかど,陸角
むつが,六鹿
むつき,睦月
むつくら,六倉
むつざき,六崎
むつしか,六鹿
むつじ,六辻
むつた,睦田
むつたに,睦谷
むつだ,睦田
むつだ,陸田
むつだ,陸奧田
むつのぶ,六信
むつみね,六峰
むつよし,睦好
むつろ,無津呂
むと,無徒
むとう,武東
むとう,武藤
むとう,夢藤
むとう,無藤
むとう,六藤
むとべ,六人部
むなか,務中
むなかた,宗形
むなかた,宗像
むなかた,宗片
むなかた,宗方
むなかた,棟方
むなき,棟
むね,宗
むねい,宗井
むねい,棟居
むねいし,宗石
むねうち,宗内
むねおか,宗岡
むねかげ,宗景
むねかた,宗形
むねかた,宗像
むねかた,宗片
むねかた,宗方
むねかた,棟方
むねかど,棟加登
むねかね,宗包
むねかわ,宗川
むねき,宗木
むねきよ,宗清
むねくに,宗国
むねぐみ,胸組
むねさわ,宗澤
むねざわ,宗沢
むねざわ,宗澤
むねしげ,宗重
むねしま,宗島
むねじり,宗尻
むねすえ,棟居
むねすえ,棟据
むねた,宗田
むねた,棟田
むねたか,宗
むねたか,宗高
むねたか,宗隆
むねたけ,宗竹
むねだ,宗田
むねだ,棟田
むねちか,宗近
むねちか,棟近
むねつぐ,宗次
むねつな,宗綱
むねとう,宗東
むねとう,宗藤
むねとき,宗時
むねとし,宗歳
むねとし,宗利
むねとみ,宗友
むねとも,宗友
むねとも,棟朝
むねなが,胸永
むねなが,宗永
むねの,宗野
むねはら,宗原
むねひさ,宗久
むねひさ,棟久
むねひら,宗平
むねひろ,宗広
むねひろ,宗廣
むねひろ,棟広
むねまさ,宗政
むねまさ,宗正
むねむら,宗村
むねもと,胸元
むねもと,宗本
むねもと,棟本
むねもり,旨森
むねもり,宗守
むねもり,宗森
むねやす,宗安
むねやす,宗保
むねやす,棟安
むねゆき,宗行
むねゆき,宗雪
むねよし,宗吉
むの,武野
むも,武茂
むや,撫養
むやま,六山
むやり,六鎗
むら,村
むら,武良
むら,無良
むらい,村井
むらい,村家
むらい,村居
むらいえ,村家
むらいけ,村池
むらいし,村石
むらいそ,村礒
むらいだ,村井田
むらうち,村内
むらうら,村浦
むらえ,村江
むらお,村生
むらお,村尾
むらおか,村岡
むらおか,邑岡
むらおさ,村長
むらかく,村角
むらかし,村樫
むらかた,村形
むらかた,村方
むらかど,村角
むらかど,村門
むらかみ,村上
むらかみ,村頭
むらかみ,邑上
むらかみ,邨上
むらかわ,村河
むらかわ,村川
むらが,村賀
むらがき,村垣
むらがみ,村上
むらがわ,村側
むらき,村城
むらき,村木
むらきし,村岸
むらきた,村北
むらぎ,村儀
むらぎし,村岸
むらくし,村串
むらくに,村国
むらくぼ,村久保
むらくも,村雲
むらぐち,村口
むらぐち,邑口
むらこし,村越
むらこそ,村社
むらさか,村坂
むらさか,村阪
むらさき,村崎
むらさき,邑崎
むらさと,村里
むらさわ,村沢
むらさわ,村澤
むらさわ,邨澤
むらしげ,村重
むらした,村下
むらしま,村島
むらしま,村嶋
むらしま,村嶌
むらしも,村下
むらじ,村治
むらじ,村地
むらじ,村路
むらじ,連
むらじゅ,村寿
むらすえ,村末
むらすぎ,村杉
むらすみ,村住
むらずみ,村角
むらせ,村瀬
むらせ,村勢
むらせ,邑瀬
むらせ,邨瀬
むらた,村太
むらた,村田
むらた,邑田
むらた,邨田
むらたか,村高
むらたけ,村竹
むらたに,村谷
むらだい,村大
むらだて,村舘
むらち,村地
むらち,邑地
むらつか,村塚
むらつぐ,邨次
むらつじ,村辻
むらつばき,村椿
むらて,村手
むらと,村戸
むらとり,村鳥
むらなか,村中
むらなか,村奈嘉
むらなが,村永
むらにし,村西
むらぬし,村主
むらの,村野
むらのい,村野井
むらはし,村橋
むらはし,村端
むらはし,邑橋
むらはた,村端
むらはま,村浜
むらはま,村濱
むらはやし,村林
むらはら,村原
むらばやし,村林
むらひがし,村東
むらふじ,村藤
むらべ,村部
むらほ,村穂
むらほか,村外
むらまつ,村松
むらまつ,邑松
むらまる,村丸
むらみ,村見
むらみち,村道
むらみや,村宮
むらもと,村元
むらもと,村本
むらもと,邑本
むらもり,村守
むらや,村屋
むらやま,村山
むらやま,邑山
むらやま,邨山
むらよし,村（吉の士が土）
むらよし,村吉
むらわか,村若
むらわき,村脇
むりょうい,無量井
むりょうこうじ,無量小路
むりょうばやし,無量林
むるい,無類井
むれ,牟礼
むれ,牟禮
むろ,室
むろい,室井
むろい,無量井
むろいし,室石
むろいわ,室岩
むろう,室生
むろうち,室内
むろえ,室江
むろお,室尾
むろおか,室岡
むろかわ,室川
むろが,室賀
むろき,室城
むろき,室木
むろこし,室越
むろさか,室坂
むろさき,室（崎の大が立）
むろさき,室崎
むろさく,室作
むろさわ,室沢
むろさわ,室澤
むろざき,室（崎の大が立）
むろざき,室崎
むろしげ,室重
むろしま,室島
むろじ,室寺
むろずみ,室住
むろせ,室瀬
むろぞの,室園
むろた,室田
むろた,無漏田
むろたに,室谷
むろち,室地
むろつ,室津
むろつか,室塚
むろつき,室月
むろづか,室（土へんに冢）
むろづか,室塚
むろなか,室中
むろなが,室永
むろなが,室長
むろの,室野
むろのい,室野井
むろはし,室橋
むろはら,室原
むろばやし,室林
むろひさ,室久
むろふし,室伏
むろぶし,室伏
むろぶせ,室伏
むろほし,室星
むろまち,室町
むろまつ,室松
むろむら,室村
むろもと,室元
むろもと,室本
むろや,室屋
むろや,室家
むろや,室谷
むろや,室矢
むろや,無量谷
むろやま,室山
めい,梅
めい,茗井
めいお,命尾
めいがた,銘形
めいきょう,名鏡
めいけ,女池
めいご,明午
めいさく,明作
めいしょう,明照
めいじ,明治
めいじ,明路
めいち,明智
めいとま,命苫
めいふ,命婦
めいわ,明和
めうち,明地
めお,命尾
めお,明尾
めおといけ,女夫池
めか,女鹿
めかた,米ケ田
めかた,米加田
めかた,目加田
めかた,目片
めかた,目方
めかだ,目加田
めかり,銘苅
めかる,銘刈
めかる,銘苅
めかわ,目川
めが,妻鹿
めが,女鹿
めがた,目賀田
めがわ,女川
めき,女木
めき,目木
めくち,馬久地
めくわ,目桑
めぐみ,恵
めぐみ,惠
めぐり,廻
めぐり,巡
めぐりがみ,廻神
めぐりや,廻谷
めぐる,廻
めぐろ,目黒
めこち,免古地
めさき,目（崎の大が立）
めさき,目崎
めさく,目迫
めざき,目（崎の大が立）
めざき,目崎
めざわ,目澤
めし,飯
めしあい,飯合
めしい,飯井
めしつか,飯塚
めしの,食野
めすぎ,目杉
めすだ,召田
めせ,目瀬
めたに,目谷
めたひ,米多比
めたび,米多比
めだい,目代
めつぎ,目次
めつけ,目附
めで,目出
めと,目戸
めとき,目時
めとり,目鳥
めとりま,目取真
めとるま,目取真
めどき,目時
めどるま,目取真
めどるま,目取眞
めなかた,目名形
めの,米野
めの,目野
めはら,目原
めみた,目見田
めみだ,目見田
めめざわ,目々沢
めめざわ,目々澤
めや,女屋
めや,目谷
めら,米良
めら,目等
めら,目羅
めら,目良
めれん,目連
めんざわ,面澤
めんじゅ,免取
めんじゅ,毛受
めんじょう,校條
めんじょう,毛受
めんた,免田
めんたに,面谷
めんだ,免田
めんだ,面田
めんで,免出
めんで,免田
めんで,面出
めんどり,妻鳥
めんのう,免農
めんや,面谷
めんらい,面来
もいずみ,茂泉
もいち,茂市
もうい,毛井
もういし,舞石
もうえ,馬上
もうぎ,舞木
もうたい,馬渡
もうだ,望陀
もうない,毛内
もうらぐち,茂浦口
もうり,守利
もうり,藻利
もうり,茂利
もうり,毛利
もうり,毛里
もえくい,燃杭
もえで,萌出
もがき,藻垣
もがき,茂垣
もがみ,最上
もがみや,最上谷
もがり,茂苅
もき,茂木
もぎ,茂木
もぎ,毛木
もぎたて,茂木立
もくざわ,木沢
もくし,杢子
もくたに,杢谷
もくだ,茂久田
もくだい,目代
もくだい,杢代
もくだい,杢大
もくの,杢野
もくはら,杢原
もくぼ,杢保
もくめ,（木へんに也）
もくや,杢屋
もぐし,茂串
もざい,茂在
もざき,茂崎
もざわ,茂沢
もざわ,茂澤
もしょう,茂松
もじ,文字
もじ,茂治
もじ,門司
もじい,茂字井
もずみ,最住
もずみ,茂住
もずみ,茂澄
もずめ,物集
もずめ,物集女
もたい,母袋
もたい,甕
もたい,罍
もたい,罇
もたに,藻谷
もたに,母谷
もたに,茂谷
もだ,茂田
もだし,萠出
もち,餅
もちい,持井
もちい,餅井
もちお,持尾
もちおか,望岡
もちかわ,持川
もちがせ,用瀬
もちき,持木
もちぎ,持木
もちく,茂筑
もちざき,餅崎
もちじ,持地
もちずき,望月
もちた,餅田
もちたて,持立
もちだ,持田
もちだ,百千田
もちだ,望田
もちだ,餅田
もちだ,用田
もちだて,持舘
もちぢ,持地
もちづか,持塚
もちづき,望月
もちとみ,持冨
もちどめ,持留
もちなが,持永
もちぬし,望主
もちはし,持箸
もちはら,持原
もちはら,餅原
もちはら,糯原
もちます,持増
もちまつ,持松
もちまつ,用松
もちまる,持丸
もちやま,持山
もちやま,餅山
もちやま,用山
もっこう,木工
もったて,持舘
もって,物袋
もつたて,持（舎へんに官）
もつたて,持舘
もつて,物袋
もづな,毛綱
もてき,茂木
もてぎ,（手へんに茂）木
もてぎ,茂手木
もてぎ,茂木
もてやま,茂手山
もでき,茂出木
もでぎ,茂出木
もと,元
もと,本
もとあき,元秋
もとあき,本明
もとい,基
もとい,元井
もとい,本井
もとい,本居
もといえ,元家
もといえ,本家
もといけ,元池
もといけ,本生
もといけ,本池
もといし,元石
もといし,本石
もといずみ,元泉
もといずみ,本泉
もといね,元稲
もとう,毛藤
もとうえ,元植
もとうじ,元氏
もとうち,元内
もとうね,本畝
もとうめ,本梅
もとうら,元浦
もとえ,元榮
もとえ,本江
もとえびす,元戎
もとお,元尾
もとお,元雄
もとお,本尾
もとおか,元岡
もとおか,本岡
もとおり,本居
もとおり,本告
もとおり,本折
もとかげ,本影
もとかど,本門
もとかね,元兼
もとかりや,本仮屋
もとかわ,元川
もとかわ,本川
もとがいと,元垣内
もとがみ,元上
もとき,元起
もとき,元木
もとき,本木
もときした,本木下
もときみだ,本君田
もとぎ,元木
もとぎ,本儀
もとくちょう,本九町
もとくに,本國
もとくぼ,本久保
もとくぼた,本窪田
もとくら,元倉
もとくら,本倉
もとこし,本越
もとごや,本古谷
もとさか,源栄
もとさき,本崎
もとさく,本作
もとさだ,本貞
もとさわ,元沢
もとざき,元（崎の大が立）
もとざき,本崎
もとざと,本里
もとざわ,元沢
もとざわ,元澤
もとざわ,本沢
もとざわ,本澤
もとしお,本塩
もとしげ,元茂
もとしげ,本重
もとした,本下
もとしま,元島
もとしま,本島
もとしゅく,本宿
もとしらみず,本白水
もとしろみず,本白水
もとじ,元地
もとじ,泉二
もとじま,元島
もとじま,本島
もとじま,本嶋
もとすえ,本末
もとすぎ,元杉
もとすぎ,本杉
もとすけ,元祐
もとすけ,元裕
もとすねや,本強矢
もとず,本図
もとせ,本瀬
もとそこ,本底
もとぞの,本園
もとぞの,本薗
もとたに,元谷
もとたに,本谷
もとだ,許田
もとだ,元田
もとだか,本高
もとち,元地
もとち,元智
もとち,本地
もとつじ,元辻
もとつね,本常
もとづな,元綱
もとなか,元中
もとなか,本中
もとなか,本仲
もとなが,元永
もとなが,元長
もとなが,本永
もとなみ,本波
もとなみ,本並
もとなり,元成
もとに,元二
もとにし,元西
もとにし,本西
もとぬし,望主
もとね,元根
もとの,元野
もとの,本野
もとのぶ,元信
もとのぶ,本信
もとのみ,元呑
もとはし,元橋
もとはし,本橋
もとはま,元浜
もとはま,元濱
もとはら,元原
もとはら,本原
もとはる,元春
もとば,元場
もとばやし,元林
もとばやし,本林
もとひさ,元久
もとひさ,本久
もとひら,本平
もとひろ,元廣
もとひろ,本廣
もとふじ,元藤
もとふじ,茂戸藤
もとぶ,本部
もとぶち,元渕
もとべ,元部
もとまつ,元松
もとまつ,本松
もとみつ,元満
もとみや,本宮
もとむら,元村
もとむら,本村
もとむら,本邑
もとむろ,本室
もとめ,求
もとめ,本梅
もともち,元持
もともち,本持
もともり,元森
もとや,元屋
もとや,元家
もとや,元谷
もとや,元矢
もとや,本屋
もとや,本谷
もとやしき,本屋敷
もとやじ,元屋地
もとやす,元安
もとやす,本保
もとやなぎ,本柳
もとやぶ,元藪
もとやま,元山
もとやま,本山
もとやま,茂登山
もとゆい,元結
もとゆえ,元故
もとゆき,元行
もとよし,元吉
もとよし,元芳
もとよし,本（吉の士が土）
もとよし,本吉
もとよし,本好
もとよし,本由
もとよしや,本吉谷
もとら,元良
もとろく,本禄
もとろく,本録
もとわき,元脇
もなか,茂中
もにわ,茂庭
もぬき,茂貫
ものい,物井
ものう,最能
ものえ,物江
ものだね,物種
もののべ,物延
もののべ,物部
ものべ,物部
もはら,茂原
もまた,茂俣
もまた,茂又
もみ,茂見
もみい,籾井
もみおか,籾岡
もみき,椴木
もみじ,紅葉
もみた,籾田
もみたに,籾谷
もみの,樅野
もみのき,樅木
もみや,籾谷
もみやま,粟山
もみやま,籾山
もみやま,樅山
もむら,茂村
もも,桃
もも,百々
ももい,桃井
ももい,百井
ももうち,桃内
ももうみ,百海
ももえ,桃枝
ももえだ,桃枝
ももえだ,百枝
ももお,桃尾
ももかわ,桃川
ももかわ,百川
ももがみ,百上
ももき,桃木
ももき,百木
ももきた,桃北
ももきた,百北
ももきの,桃木野
ももさか,桃坂
ももさき,桃（崎の大が立）
ももさき,桃崎
ももさき,百崎
ももさわ,百沢
ももさわ,百澤
ももざき,桃崎
ももざき,百（崎の大が立）
ももざき,百崎
ももざわ,桃沢
ももざわ,桃澤
ももざわ,百澤
ももした,桃下
ももしま,百島
ももしま,百嶋
ももじ,百次
ももじま,百嶋
ももずみ,百済
ももせ,桃瀬
ももせ,百々瀬
ももせ,百瀬
ももせ,百生
ももぜ,百瀬
ももぞの,桃園
ももた,桃田
ももた,百田
ももたけ,百武
ももたに,桃谷
ももたに,百渓
ももだ,桃田
ももだに,桃谷
ももち,百地
ももつ,桃津
ももつか,百束
ももづか,百塚
ももとみ,百富
ももとり,百鳥
ももどり,百鳥
ももな,百名
ももなり,百成
ももの,桃野
もものい,桃井
もものき,桃木
ももはら,桃原
ももはら,百原
ももばやし,桃林
ももみ,百海
もももと,百本
ももや,桃谷
ももやま,桃山
もよし,茂吉
もり,護
もり,最里
もり,守
もり,森
もり,盛
もり,母利
もり,母里
もり,茂利
もり,茂理
もり,茂里
もりあい,森合
もりあい,森相
もりあい,盛合
もりい,守井
もりい,森伊
もりい,森位
もりい,森井
もりい,森居
もりい,盛井
もりいけ,森生
もりいけ,森池
もりいし,守石
もりいし,森石
もりいずみ,守泉
もりいずみ,森泉
もりいと,森糸
もりいわ,森岩
もりうえ,森上
もりうち,守内
もりうち,森内
もりうち,盛内
もりうま,森馬
もりえ,森江
もりえ,盛永
もりえだ,森枝
もりお,守尾
もりお,森生
もりお,森尾
もりお,盛生
もりおか,守岡
もりおか,守丘
もりおか,森岡
もりおか,森丘
もりおか,盛岡
もりおき,守興
もりおく,森奥
もりか,守家
もりかい,森開
もりかげ,森蔭
もりかげ,森影
もりかさ,森笠
もりかた,森方
もりかね,森兼
もりかみ,守上
もりかみ,森上
もりかみ,森神
もりかわ,守川
もりかわ,森河
もりかわ,森川
もりかわ,盛川
もりかわ,毛利川
もりが,守賀
もりが,森賀
もりがき,森垣
もりがみ,森上
もりがみ,盛上
もりがみこ,森上
もりき,森木
もりきた,森北
もりきよ,森清
もりぎわ,森際
もりくに,護邦
もりくに,森国
もりくに,森國
もりくぼ,森久保
もりくま,森熊
もりくら,森倉
もりぐち,守口
もりぐち,森口
もりぐち,盛口
もりこ,森子
もりこし,森越
もりこし,森腰
もりさか,森坂
もりさか,森阪
もりさき,守崎
もりさき,森（崎の大が立）
もりさき,森崎
もりさき,森碕
もりさき,森嵜
もりさき,盛崎
もりさく,森作
もりさこ,森迫
もりさだ,森貞
もりさだ,森定
もりさと,守里
もりさと,森里
もりさね,盛実
もりさわ,森沢
もりさわ,森澤
もりざき,森崎
もりざくら,森桜
もりざね,森実
もりざね,森實
もりざね,盛実
もりざね,盛實
もりざわ,森澤
もりしげ,守重
もりしげ,森重
もりしげ,森繁
もりしげ,盛重
もりした,守下
もりした,森下
もりした,盛下
もりした,杜下
もりしま,守島
もりしま,森島
もりしま,森嶋
もりしま,森嶌
もりしま,盛島
もりじり,森尻
もりす,森須
もりすえ,森末
もりすぎ,森杉
もりすな,盛砂
もりずみ,守住
もりずみ,森住
もりせ,守瀬
もりせ,森瀬
もりせ,森勢
もりせ,森清
もりそと,森外
もりその,森園
もりぞの,森園
もりぞの,森薗
もりた,守田
もりた,森田
もりた,盛多
もりた,盛田
もりたか,森（はしご高）
もりたか,森高
もりたき,森滝
もりたき,森瀧
もりたけ,森滝
もりたけ,森竹
もりたけ,森武
もりたけ,盛武
もりたに,守谷
もりたに,森谷
もりたに,盛谷
もりたま,森玉
もりたん,森反
もりだいら,森平
もりち,森知
もりち,森地
もりちか,森近
もりつ,森津
もりつか,森（土へんに冢）
もりつか,森塚
もりつぐ,森継
もりつぐ,森次
もりつじ,森辻
もりつな,森綱
もりつね,森常
もりつぼ,盛坪
もりづか,森（土へんに冢）
もりづか,森塚
もりてら,森寺
もりでら,森寺
もりと,守戸
もりと,守都
もりと,森戸
もりとう,森東
もりとう,森藤
もりとう,盛藤
もりとき,守時
もりとき,盛一
もりとし,森年
もりとみ,守富
もりとみ,森冨
もりとも,守友
もりとも,森友
もりとよ,森豊
もりどめ,盛留
もりなか,守中
もりなか,森中
もりなが,守永
もりなが,森永
もりなが,森長
もりなが,盛永
もりなり,森成
もりにし,森西
もりぬし,森主
もりね,森根
もりね,盛根
もりの,守能
もりの,森能
もりの,森野
もりの,盛野
もりのき,森ノ木
もりのぶ,森信
もりのべ,森野辺
もりのもと,森之本
もりはし,守橋
もりはし,森橋
もりはた,森畑
もりはた,森畠
もりはな,森鼻
もりはま,森濱
もりはら,森原
もりばた,森畠
もりばたけ,森畠
もりばやし,森林
もりばやし,盛林
もりひら,森比良
もりひら,森平
もりひろ,守弘
もりひろ,森広
もりひろ,森弘
もりひろ,森廣
もりふく,森福
もりふさ,盛房
もりふじ,森藤
もりべ,守部
もりべ,森部
もりべ,森邊
もりまさ,森政
もりまさ,森正
もりまさ,森柾
もりまさ,盛政
もりまつ,森松
もりみ,森見
もりみつ,守光
もりみつ,森光
もりみつ,森満
もりみつ,盛光
もりみつ,盛満
もりみつ,毛利光
もりみや,森宮
もりみょう,森明
もりむね,森宗
もりむね,森棟
もりむら,守村
もりむら,森村
もりも,森茂
もりもと,守本
もりもと,森元
もりもと,森本
もりもと,森夲
もりもと,盛本
もりや,守屋
もりや,守家
もりや,守谷
もりや,守矢
もりや,森屋
もりや,森家
もりや,森江
もりや,森谷
もりや,盛谷
もりやす,守安
もりやす,森安
もりやす,森保
もりやす,盛安
もりやま,護山
もりやま,守山
もりやま,森山
もりやま,盛山
もりゆき,森行
もりよし,守吉
もりよし,森吉
もりよし,森好
もりわか,森若
もりわき,守脇
もりわき,森脇
もりわけ,守分
もりわけ,森分
もろ,師
もろ,茂呂
もろ,茂路
もろ,毛呂
もろ,毛籠
もろい,師井
もろい,諸井
もろい,茂呂居
もろいし,諸石
もろいずみ,諸泉
もろいわ,諸岩
もろえ,諸江
もろお,師尾
もろおか,師岡
もろおか,諸岡
もろかど,諸角
もろかみ,諸上
もろかわ,諸河
もろかわ,諸川
もろかわ,両川
もろが,諸我
もろが,諸賀
もろき,衆樹
もろき,諸木
もろき,萬木
もろぎ,諸木
もろくず,諸葛
もろくま,諸熊
もろくま,諸隈
もろぐち,諸口
もろぐま,諸熊
もろこし,諸越
もろさか,諸坂
もろさわ,諸沢
もろさわ,諸澤
もろさわ,両澤
もろじ,諸治
もろずみ,諸角
もろずみ,諸墨
もろずみ,両角
もろた,師田
もろた,諸多
もろた,諸田
もろたに,諸谷
もろだ,諸田
もろづみ,諸積
もろと,諸戸
もろと,諸頭
もろとみ,諸富
もろとみ,諸冨
もろどめ,諸留
もろなが,諸永
もろぬき,諸貫
もろね,諸根
もろの,諸野
もろはし,師橋
もろはし,諸橋
もろはら,諸原
もろばやし,諸林
もろひら,諸平
もろふし,諸節
もろふし,諸伏
もろふじ,諸藤
もろほし,諸星
もろみ,諸見
もろみざと,諸見里
もろみじゃ,諸見謝
もろむぎ,諸麦
もろやま,諸山
もろゆう,諸遊
もん,門
もんかわ,紋川
もんかわ,門川
もんぎ,門木
もんぐち,門口
もんじ,文字
もんじ,門司
もんじゅ,文殊
もんじゅ,文珠
もんじゅがわ,文珠川
もんじゅしろう,文殊四郎
もんじゅしろう,文珠四郎
もんぜん,門前
もんた,門田
もんたに,門谷
もんだ,紋田
もんだ,門田
もんぢゅうしょ,問註所
もんで,門出
もんでん,門伝
もんでん,門田
もんでん,門傳
もんと,門戸
もんとり,水取
もんどう,門藤
もんな,門奈
もんない,門内
もんなが,門長
もんの,門野
もんばやし,門林
もんべ,門部
もんべつ,門別
もんま,門間
もんま,門真
もんま,門馬
もんまえ,門前
もんや,紋谷
もんや,門家
もんや,門矢