なあらい,名洗
ない,名井
ないき,内記
ないき,内貴
ないき,内木
ないけ,名池
ないしろ,苗代
ないじ,内司
ないじょう,内城
ないで,名出
ないとう,内藤
ないとう,内騰
ないめん,内免
なうち,名内
なえが,苗加
なえき,苗木
なえしろ,苗代
なえだ,苗田
なえはた,苗畑
なえむら,苗村
なえやま,苗山
なお,直
なお,奈尾
なお,名尾
なお,猶
なお,浪越
なおい,直井
なおい,直居
なおい,南井
なおい,名生
なおい,猶井
なおえ,尚永
なおえ,直江
なおえ,直枝
なおおか,直岡
なおかわ,直川
なおき,直木
なおき,猶木
なおし,直志
なおしま,直島
なおしま,直嶋
なおた,直田
なおつか,直塚
なおなが,直長
なおの,直野
なおの,猶野
なおはら,尚原
なおはら,猶原
なおば,猶場
なおひろ,直弘
なおみ,直海
なおもと,楢本
なおもと,猶本
なおやま,直山
なおら,直良
なか,中
なか,仲
なか,奈賀
なか,那珂
なか,那賀
なか,波照間
なか,名嘉
なかあき,中明
なかあき,仲秋
なかあぜ,中畔
なかあち,中阿地
なかあらい,中荒井
なかあらえ,中荒江
なかい,中伊
なかい,中井
なかい,中居
なかい,中飯
なかい,仲井
なかい,仲居
なかい,那加井
なかいえ,中家
なかいがわ,中井川
なかいけ,中池
なかいし,中石
なかいし,名賀石
なかいずみ,中泉
なかいそ,中磯
なかいそ,中礒
なかいた,中板
なかいち,中一
なかいち,中市
なかいつ,中逸
なかいで,中出
なかいど,中井戸
なかいばやし,中居林
なかいま,仲井間
なかいま,仲井真
なかいま,仲井眞
なかいわ,中岩
なかう,中右
なかうえ,中上
なかうえ,中植
なかうじ,中宇地
なかうち,中内
なかうち,仲内
なかうね,中宇祢
なかうね,中畝
なかうま,中馬
なかうら,中浦
なかえ,中栄
なかえ,中永
なかえ,中江
なかえ,中得
なかえ,仲江
なかえ,仲得
なかえがわ,仲江川
なかえびす,中夷
なかえま,仲栄真
なかお,中緒
なかお,中生
なかお,中尾
なかお,中雄
なかお,仲尾
なかおおくぼ,中大窪
なかおおじ,中大路
なかおか,中岡
なかおか,中生加
なかおか,仲岡
なかおき,中沖
なかおく,中奥
なかおけ,中桶
なかおさ,中筬
なかおじ,中尾次
なかおじ,仲尾次
なかおち,中落
なかおのだ,中小野田
なかおみ,中臣
なかかぜ,中風
なかかみ,中神
なかかるまい,中軽米
なかかわ,中河
なかかわじ,中川路
なかかわはら,中川原
なかが,仲嘉
なかがい,中貝
なかがいち,中垣内
なかがいと,中垣内
なかがき,中垣
なかがた,中潟
なかがた,中瀉
なかがね,中金
なかがね,中兼
なかがね,仲兼
なかがはら,中川原
なかがま,中釜
なかがみ,中鏡
なかがみ,中上
なかがみ,中神
なかがみ,仲上
なかがみ,仲神
なかがめ,仲亀
なかがら,中柄
なかがわ,中河
なかがわ,中川
なかがわ,仲川
なかがわさい,中川西
なかがわち,中川内
なかがわら,中河原
なかがわら,中川原
なかき,中木
なかきた,中北
なかきた,仲北
なかきはら,中木原
なかきむら,中木村
なかきや,中木屋
なかぎ,中城
なかぎ,中木
なかぎし,中岸
なかぎり,中桐
なかぎり,中切
なかくき,中久喜
なかくき,中久木
なかくき,中茎
なかくき,中莖
なかくし,中串
なかくす,中楠
なかくに,中國
なかくぼ,中久保
なかくぼ,中窪
なかくま,中熊
なかくら,中倉
なかくら,中蔵
なかくら,仲倉
なかぐき,中岫
なかぐち,中口
なかぐち,仲口
なかぐに,中國
なかぐま,中熊
なかぐら,中倉
なかぐろ,中畔
なかこ,中子
なかこ,仲子
なかこうじ,中小路
なかこが,中古賀
なかこし,中越
なかこだ,中子田
なかこば,中古場
なかこば,中木場
なかこみ,中古味
なかご,中後
なかご,中子
なかご,仲子
なかごう,中郷
なかごえ,中越
なかごおり,中郡
なかごし,中越
なかごみ,中込
なかごめ,中込
なかさ,中佐
なかさ,仲佐
なかさい,中才
なかさい,中斉
なかさい,中齋
なかさか,中坂
なかさか,中阪
なかさき,中（崎の大が立）
なかさき,中崎
なかさく,仲作
なかさこ,中佐古
なかさこ,中迫
なかさこ,中浴
なかさと,中佐藤
なかさと,中里
なかさとみ,中里見
なかさわ,中澤
なかざ,中座
なかざ,仲座
なかざい,中才
なかざき,中（崎の大が立）
なかざき,中崎
なかざき,仲崎
なかざと,中里
なかざと,仲里
なかざとみ,中里見
なかざわ,中沢
なかざわ,中澤
なかざわ,仲沢
なかざわ,仲澤
なかざわ,長澤
なかし,中司
なかしお,中塩
なかしおや,中塩屋
なかしき,中鋪
なかしきりょう,中敷領
なかしげ,中重
なかしず,中静
なかしずか,中静
なかしずか,中靜
なかした,中下
なかした,仲下
なかしば,中柴
なかしば,中芝
なかしば,仲柴
なかしま,中島
なかしま,中嶋
なかしま,中嶌
なかしまだ,中島田
なかしゃ,中舎
なかしゃ,中舍
なかしょ,中所
なかしょう,中正
なかしょうじ,中小路
なかしょうじ,中障子
なかしょうたに,中庄谷
なかしょうや,中庄谷
なかしろ,中城
なかしろ,中代
なかしろ,中白
なかしん,中新
なかじ,中司
なかじ,中治
なかじ,中地
なかじ,中路
なかじま,中島
なかじま,中嶋
なかじま,中嶌
なかじま,仲島
なかじま,仲嶋
なかじま,那賀島
なかじま,那賀嶋
なかじまや,中島谷
なかじゅう,中重
なかじょう,中城
なかじょう,中条
なかじょう,中條
なかじょう,仲城
なかじょう,仲条
なかじょう,仲門
なかじょう,仲條
なかじん,中陣
なかじん,中陳
なかす,中洲
なかす,中須
なかすか,中須賀
なかすが,中須賀
なかすぎ,中杉
なかすじ,中筋
なかすじ,仲筋
なかすな,中砂
なかすみ,中（角の田が甲）
なかすみ,中住
なかすみ,中澄
なかすみ,中濟
なかずみ,中角
なかずみ,中住
なかせ,中世
なかせ,中瀬
なかせ,中勢
なかせこ,中世古
なかせこ,中瀬古
なかせこ,中迫
なかぜ,中陳
なかぜき,中関
なかそ,中曽
なかそ,中祖
なかそう,中宗
なかそね,中曾根
なかそね,中曽根
なかそね,仲宗根
なかその,中園
なかそら,中空
なかぞえ,中添
なかぞの,中園
なかぞの,中薗
なかぞり,中剃
なかた,中多
なかた,中田
なかた,仲田
なかた,名方
なかたい,中平
なかたお,中峠
なかたき,中滝
なかたき,中瀧
なかたけ,中竹
なかたけ,中武
なかたけ,仲武
なかたて,中楯
なかたに,中谷
なかたに,中浴
なかたに,中溪
なかたに,仲谷
なかたまり,中玉利
なかだ,中田
なかだ,仲田
なかだい,中太
なかだい,中代
なかだい,中台
なかだい,中臺
なかだい,仲代
なかだいら,中平
なかだいら,仲平
なかだち,中舘
なかだち,中立
なかだて,中館
なかだて,中舘
なかだて,中楯
なかだて,仲館
なかだて,仲楯
なかだに,中谷
なかだん,中段
なかち,中地
なかち,仲地
なかち,名嘉地
なかちか,中近
なかちょう,中長
なかちょう,仲長
なかぢ,中地
なかつ,中津
なかつ,仲津
なかつい,中対
なかつい,中津井
なかつか,中（土へんに冢）
なかつか,中司
なかつか,中束
なかつか,中塚
なかつか,中務
なかつか,仲墳
なかつかさ,中司
なかつかさ,中務
なかつがわ,中津川
なかつじ,中辻
なかつじ,中逵
なかつじ,仲辻
なかつた,中蔦
なかつち,中土
なかつつみ,中堤
なかつはま,中津浜
なかつはら,中津原
なかつぼ,中坪
なかつま,中妻
なかつま,仲妻
なかつみ,中津海
なかつやま,中津山
なかつら,中面
なかつる,中（雨かんむりの左下に隹、右下に鳥）
なかつる,中津留
なかつる,中鶴
なかつる,中靍
なかつる,仲津留
なかづみ,中積
なかづる,中水流
なかて,中手
なかてがわ,仲手川
なかで,中出
なかでぐち,中出口
なかでら,中寺
なかと,中戸
なかと,仲渡
なかとう,中塔
なかとう,中東
なかとう,中藤
なかとう,仲藤
なかとがわ,中戸川
なかとがわ,仲戸川
なかとみ,中臣
なかとみ,中富
なかとみ,中冨
なかとみ,仲冨
なかとめ,中留
なかど,仲戸
なかどい,中土井
なかどい,中土居
なかどうぞの,中堂園
なかどめ,中留
なかども,中塘
なかなお,中名生
なかなが,中永
なかなが,仲長
なかなみ,中波
なかなみ,中並
なかなみ,中浪
なかにい,中新
なかにいだ,中新井田
なかにし,中西
なかにし,仲西
なかにわ,中庭
なかぬま,中沼
なかね,中根
なかね,中禰
なかの,中埜
なかの,中納
なかの,中農
なかの,中野
なかの,仲埜
なかの,仲野
なかのいん,中院
なかのう,中濃
なかのう,中納
なかのう,中農
なかのうえ,中ノ上
なかのうち,中野内
なかのこ,中ノ子
なかのせ,中ノ瀬
なかのだ,中野田
なかのどう,中ノ堂
なかのぶ,中信
なかのみょう,中名生
なかのめ,中目
なかのめ,中野目
なかのもり,中ノ森
なかのや,仲野谷
なかのり,中野理
なかのわたり,中野渡
なかは,中羽
なかはし,中橋
なかはし,中箸
なかはた,中幡
なかはた,中畑
なかはた,中畠
なかはた,仲畑
なかはち,中鉢
なかはま,中浜
なかはま,中濱
なかはま,仲濱
なかはやし,中林
なかはら,中原
なかはら,仲原
なかはら,名嘉原
なかはらい,中払
なかはらい,中拂
なかはり,中張
なかはる,中春
なかはる,中晴
なかば,央
なかば,中
なかば,中羽
なかば,中場
なかば,中葉
なかば,半
なかばさみ,中挾
なかばたけ,中畠
なかばち,中鉢
なかばち,仲鉢
なかばやし,中林
なかばやし,仲林
なかひがし,中東
なかひら,中平
なかひら,中平等
なかひろ,中広
なかひろ,中廣
なかふく,中福
なかふさ,中房
なかふじ,中藤
なかふたみ,仲二見
なかぶ,中武
なかぶし,仲伏
なかぶち,中渕
なかべ,中部
なかべっぷ,中別府
なかほ,中保
なかほし,中星
なかほしば,中干場
なかほど,仲程
なかほら,中洞
なかほり,中堀
なかぼ,仲保
なかぼう,中坊
なかぼり,中堀
なかま,中間
なかま,中真
なかま,中摩
なかま,仲間
なかま,仲摩
なかま,名嘉真
なかま,名嘉眞
なかまえ,中前
なかまえ,仲前
なかまき,中巻
なかまき,中牧
なかまさ,仲正
なかます,中益
なかます,中舛
なかます,中増
なかます,仲桝
なかまた,中俣
なかまた,仲俣
なかまち,中町
なかまち,仲町
なかまつ,中松
なかまつ,仲松
なかまる,中丸
なかまる,仲丸
なかまるお,中円尾
なかみ,中見
なかみ,中美
なかみ,仲見
なかみかど,中御門
なかみかわ,中三川
なかみがわ,中三川
なかみがわ,仲見川
なかみず,中水
なかみぞ,中溝
なかみち,中道
なかみち,仲道
なかみつ,永光
なかみつ,中光
なかみつ,中満
なかみつ,仲光
なかみなと,中港
なかみなと,中湊
なかみなみ,中南
なかみなみ,仲南
なかみね,中峰
なかみね,中峯
なかみね,仲嶺
なかみや,中宮
なかむかい,中迎
なかむかい,中向井
なかむしかべ,中虫壁
なかむた,中牟田
なかむら,中村
なかむら,中邑
なかむら,中邨
なかむら,仲村
なかむら,仲邑
なかむら,名嘉村
なかむれ,中牟礼
なかむろ,中室
なかめ,中目
なかめい,中明
なかもと,中許
なかもと,中元
なかもと,中本
なかもと,仲元
なかもと,仲本
なかもり,中森
なかもり,中盛
なかもり,仲森
なかもり,仲盛
なかや,中屋
なかや,中家
なかや,中舎
なかや,中谷
なかや,中矢
なかや,仲家
なかや,仲谷
なかや,仲矢
なかやしき,中屋敷
なかやしき,中屋鋪
なかやす,中安
なかやす,中易
なかやす,中保
なかやす,中昜
なかやち,中谷内
なかやぶ,中薮
なかやぶ,中藪
なかやま,中山
なかやま,仲山
なかやま,名嘉山
なかやまだ,中山田
なかよく,中能
なかよし,中吉
なかよし,仲吉
なかよし,仲与志
なかよね,仲與根
なからい,半井
なかりき,中力
なかれい,中禮
なかわ,中和
なかわ,奈川
なかわ,名川
なかわき,中脇
なかわたせ,中渡瀬
なかわたり,中渡
なかわだ,中和田
なかを,中尾
なかんだかり,仲村渠
なかんだり,仲村渠
なが,永
なが,那賀
なが,名賀
ながい,永
ながい,永井
ながい,永射
ながい,長医
ながい,長井
ながい,長家
ながい,長醫
ながいえ,永家
ながいえ,長家
ながいけ,永池
ながいけ,長池
ながいし,永石
ながいし,長石
ながいち,長市
ながいわ,永岩
ながいわ,長岩
ながうえ,永上
ながうち,長内
ながうね,長畦
ながうね,長畝
ながうら,永浦
ながうら,長浦
ながえ,永栄
ながえ,永江
ながえ,永柄
ながえ,永榮
ながえ,長栄
ながえ,長江
ながえ,長柄
ながえだ,長枝
ながお,永尾
ながお,長生
ながお,長尾
ながおか,永岡
ながおか,長岡
ながおき,長沖
ながおき,長置
ながおけ,永桶
ながおけ,長桶
ながおさ,永翁
ながおさ,永長
ながおさ,長総
ながおも,長面
ながかね,永金
ながかり,永仮
ながかわ,永川
ながかわ,長川
ながかわら,長川原
なががた,長潟
ながき,永木
ながき,永来
ながき,長岐
ながき,長城
ながき,長木
ながき,名垣
ながきた,長北
ながくさ,永草
ながくさ,長草
ながくさ,長艸
ながくぼ,永久保
ながくぼ,永窪
ながくぼ,長久保
ながくぼ,長窪
ながくら,永倉
ながくら,長倉
ながこし,長越
ながさお,長竿
ながさか,永坂
ながさか,長坂
ながさか,長阪
ながさき,永崎
ながさき,長（崎の大が立）
ながさき,長崎
ながさき,長嵜
ながさきや,長崎屋
ながさく,永作
ながさこ,永迫
ながさこ,長廻
ながさこ,長迫
ながさこ,長峪
ながさと,永里
ながさと,長郷
ながさと,長里
ながさわ,永沢
ながさわ,永澤
ながさわ,長沢
ながさわ,長澤
ながざわ,長澤
ながしお,永塩
ながしお,長塩
ながしお,長汐
ながしき,長鋪
ながしげ,永重
ながしげ,長重
ながしの,長篠
ながしま,永島
ながしま,永嶋
ながしま,永嶌
ながしま,長島
ながしま,長嶋
ながしま,長嶌
ながしまだ,永島田
ながじ,長治
ながす,長洲
ながす,長須
ながすえ,永末
ながすえ,長末
ながすか,長須賀
ながすが,長菅
ながすぎ,永杉
ながすず,長鈴
ながすな,長砂
ながせ,永（瀬の頁が刀の下に貝）
ながせ,永瀬
ながせ,永勢
ながせ,長世
ながせ,長瀬
ながせ,長勢
ながせき,永関
ながそ,長曽
ながそ,長祖
ながそえ,永添
ながそえ,長副
ながその,永園
ながぞの,永園
ながた,永多
ながた,永田
ながた,詠田
ながた,長太
ながた,長田
ながたか,長（はしご高）
ながたか,長高
ながたき,永滝
ながたき,永瀧
ながたき,長滝
ながたき,長瀧
ながたけ,永竹
ながたけ,永武
ながたけ,長竹
ながたに,（谷へんに龍）
ながたに,永谷
ながたに,長谷
ながたまえ,永玉栄
ながち,永地
ながつ,永津
ながつ,長津
ながつか,永（土へんに冢）
ながつか,永塚
ながつか,長（土へんに冢）
ながつか,長束
ながつか,長塚
ながつぎ,永次
ながつな,長綱
ながつぼ,長坪
ながつま,永妻
ながつま,長妻
ながつゆ,永露
ながつる,長鶴
ながづみ,永積
ながづみ,長積
ながて,永手
ながて,長手
ながでん,永伝
ながと,永戸
ながと,長戸
ながと,長渡
ながと,長登
ながと,長藤
ながと,長門
ながといし,長門石
ながとう,永藤
ながとう,長藤
ながとし,永利
ながとし,長利
ながとみ,永富
ながとみ,永冨
ながとみ,長富
ながとみ,長冨
ながとめ,永留
ながとも,永友
ながとも,長友
ながとり,永鳥
ながとろ,長戸路
ながどう,長堂
ながどおり,長通
ながどみ,永富
ながどみ,長冨
ながどめ,永留
ながな,永名
ながなえ,長苗
ながなみ,長南
ながなわ,永縄
ながなわ,長縄
ながぬま,永沼
ながぬま,長沼
ながね,永根
ながね,長根
ながねお,長根尾
ながねやま,長根山
ながの,永納
ながの,永野
ながの,長埜
ながの,長能
ながの,長野
ながの,奈賀野
ながのう,長能
ながのぶ,永延
ながのぶ,長信
ながのぼり,長登
ながはし,永橋
ながはし,長橋
ながはた,永幡
ながはた,永畑
ながはた,永畠
ながはた,長幡
ながはた,長畑
ながはた,長畠
ながはま,永浜
ながはま,永濱
ながはま,長浜
ながはま,長濱
ながはま,長濵
ながはら,永原
ながはら,長原
ながはり,長張
ながはる,永春
ながば,長場
ながばた,長端
ながばやし,永林
ながばやし,長林
ながひさ,永久
ながひさ,長久
ながひら,永平
ながひろ,永広
ながひろ,永廣
ながひろ,長広
ながひろ,長弘
ながひろ,長廣
ながふかた,長深田
ながふく,永福
ながふさ,永房
ながふさ,長房
ながふじ,永藤
ながふじ,長藤
ながふち,永淵
ながふち,永渕
ながふち,長淵
ながふち,長渕
ながぶち,永淵
ながぶち,永渕
ながぶち,長渕
ながほら,永洞
ながほら,長洞
ながほり,永堀
ながほり,長堀
ながま,長間
ながま,長馬
ながまさ,永正
ながまさ,長政
ながます,永益
ながまた,長又
ながまち,長町
ながまつ,永松
ながまつ,長松
ながみ,永海
ながみ,永見
ながみ,永美
ながみ,詠
ながみ,長見
ながみ,長神
ながみず,永水
ながみぞ,長溝
ながみち,長道
ながみつ,永光
ながみつ,長光
ながみね,永峰
ながみね,永峯
ながみね,永嶺
ながみね,永岑
ながみね,長宗
ながみね,長峰
ながみね,長峯
ながみね,長嶺
ながみや,永宮
ながむね,永宗
ながむね,永棟
ながむね,長宗
ながむね,長棟
ながむら,永村
ながむら,長村
ながめ,永目
ながめ,詠
ながもち,永持
ながもち,長持
ながもと,永元
ながもと,永本
ながもと,長元
ながもと,長本
ながもり,永守
ながもり,永森
ながもり,永盛
ながもり,長守
ながもり,長森
ながや,永屋
ながや,永谷
ながや,永冶
ながや,永矢
ながや,長屋
ながや,長家
ながや,長谷
ながや,長矢
ながやす,永安
ながやす,永易
ながやす,長安
ながやち,長谷地
ながやぶ,永藪
ながやま,永山
ながやま,長山
ながよ,永代
ながよ,長代
ながよ,長与
ながよ,長與
ながよう,永用
ながよし,永（吉の士が土）
ながよし,永吉
ながよし,永芳
ながよし,永由
ながよし,長吉
ながよし,長昌
ながら,永良
ながら,長柄
ながら,長良
ながれ,永礼
ながれ,永禮
ながれ,流
ながれた,流田
ながれだ,流田
ながれど,流渡
ながれみず,流水
ながれわり,流割
ながろ,長櫓
ながわ,長和
ながわ,奈川
ながわ,名川
ながわり,永割
なきり,奈切
なきり,百鬼
なぎ,奈木
なぎ,凪
なぎ,名木
なぎ,梛木
なぎさ,渚
なぎしば,崩柴
なぎた,名木田
なぎの,奈木野
なぎの,薙野
なぎの,梛野
なぎはら,梛原
なぎやま,名木山
なぎら,柳楽
なぎら,柳樂
なぎり,名切
なくい,名久井
なくら,奈倉
なくら,名倉
なぐも,南雲
なぐも,名雲
なぐら,奈倉
なぐら,奈蔵
なぐら,奈藏
なぐら,名倉
なぐろ,名黒
なげいし,投石
なこ,奈古
なこ,名古
なこ,名子
なこう,名幸
なこうじ,名小路
なこうじや,名小路谷
なこし,名越
なこじ,名古路
なこじや,中小路谷
なこそ,名古曽
なご,奈呉
なご,名古
なご,名呉
なご,名護
なご,名子
なごう,永合
なごう,長郷
なごう,名合
なごうね,名郷根
なごえ,名越
なごし,名越
なごみ,和
なごや,奈古屋
なごや,名越
なごや,名古屋
なごや,名護屋
なごや,名児耶
なさ,奈佐
なさか,名坂
なさこ,名迫
なさだ,名定
なさはら,名佐原
なざわ,名澤
なし,梨子
なしい,梨井
なしお,名塩
なしき,梨子木
なしき,梨木
なしざわ,梨澤
なしだ,梨子田
なしだ,梨田
なしは,梨羽
なしはら,梨原
なしば,梨羽
なしま,菜嶋
なしむら,梨子村
なしもと,梨元
なしもと,梨本
なしろ,納代
なしろ,名城
なじ,納侍
なじま,南島
なじま,名島
なじま,名嶋
なす,奈須
なす,那須
なすい,那須井
なすかわ,茄子川
なすかわ,那須川
なすかわ,名須川
なすがわ,茄子川
なすがわ,名須川
なすじ,名筋
なすだ,奈須田
なすだ,那須田
なすの,奈須野
なすの,那須野
なすはら,南須原
なせこ,奈迫
なた,那谷
なたあみ,屶網
なたか,名高
なたけ,名竹
なたけ,名武
なたに,那谷
なたに,名谷
なたにや,那谷屋
なたべ,名田部
なだ,灘
なだ,名田
なだい,灘井
なだお,灘尾
なだおか,灘岡
なだぎ,灘儀
なだた,灘田
なだたに,洋谷
なだなみ,灘浪
なだの,灘野
なだべ,灘辺
なだみつ,灘光
なだもと,灘本
なだや,灘谷
なだわき,灘脇
なち,那知
なち,那智
なち,名知
なちがみ,那知上
なっとう,納藤
なつ,夏
なつあき,夏秋
なつい,夏井
なつい,名津井
なついけ,夏池
なついざか,夏井坂
なつうめ,夏梅
なつか,夏束
なつか,長束
なつかり,夏刈
なつかり,夏苅
なつかわ,夏川
なつが,夏賀
なつがり,夏苅
なつき,夏木
なつくり,夏栗
なつぐち,夏口
なつこし,夏越
なつごえ,夏越
なつさか,夏坂
なつさこ,夏迫
なつずみ,夏住
なつだ,夏田
なつなぎ,夏凪
なつの,夏野
なつはら,夏原
なつばた,夏畑
なつほり,夏堀
なつぼり,夏堀
なつみ,夏見
なつむし,夏虫
なつむら,夏村
なつめ,夏目
なつめ,棗
なつめだ,棗田
なつや,夏谷
なつやき,夏焼
なつやぎ,夏八木
なつやま,夏山
なづか,名塚
なで,撫
なでの,撫野
なではら,撫原
なとう,名東
なとみ,名富
なとやま,名渡山
なとり,名執
なとり,名取
なとりがわ,名取川
などやま,名渡山
なない,七井
なない,名々井
ななうみ,七海
ななえ,名苗
ななえだ,七枝
ななお,七尾
ななかど,七門
ななからげ,七搦
ななかわ,七川
ななきだ,七木田
ななくぼ,七久保
ななさき,七崎
ななさと,七里
ななさわ,七沢
ななさわ,七澤
ななしま,七島
ななしゃ,七社
ななせ,七瀬
ななぞうし,七蔵司
ななた,七田
ななたに,七谷
ななつえ,七枝
ななつたに,七ツ谷
ななつや,七ッ矢
ななつや,七ツ矢
ななつやく,七ツ役
ななと,七戸
ななはら,七原
ななほう,七寳
ななほし,七星
ななまつ,七松
ななみ,七海
ななみ,那波
ななみ,名波
ななみや,七宮
ななむら,七村
ななめき,斜木
ななめぎ,斜木
ななもり,七森
ななやく,七役
ななやま,七山
なにかわ,何川
なにし,名西
なにもと,何本
なにわ,難波
なにわ,浪花
なにわ,浪速
なにわだ,難波田
なぬしがわ,名主川
なの,那野
なは,那覇
なはた,名畑
なはら,名原
なば,那波
なば,名場
なば,名波
なばえ,難波江
なばさま,南波佐間
なばた,奈幡
なばた,名畑
なばた,名畠
なばたけ,菜畑
なばたに,茸谷
なばため,生天目
なばため,生田目
なばため,青天目
なばため,天生目
なばため,那波多目
なばため,名畑目
なばな,菜花
なばな,那花
なばら,名原
なばり,名張
なひら,名平
なびか,並河
なびき,名引
なぶち,南淵
なぶち,南渕
なぶち,名渕
なべ,奈部
なべ,奈邊
なべ,奈邉
なべ,那部
なべ,鍋
なべ,名部
なべい,鍋井
なべい,名部井
なべいわ,鍋岩
なべうち,鍋内
なべおか,鍋岡
なべか,鍋加
なべかわ,奈部川
なべき,鍋城
なべくら,鍋倉
なべさか,鍋坂
なべさわ,鍋沢
なべさわ,鍋澤
なべざわ,鍋澤
なべしま,鍋島
なべしま,鍋嶋
なべた,鍋田
なべたに,鍋谷
なべちょう,鍋丁
なべとう,鍋藤
なべとこ,鍋床
なべの,鍋野
なべもと,鍋本
なべや,鍋屋
なべや,鍋谷
なべやま,鍋山
なま,名間
なまい,生井
なまいざわ,生井沢
なまいざわ,生井澤
なまえ,生江
なまえざわ,生江沢
なまお,生尾
なまご,真名子
なまご,眞砂
なます,生須
なまず,生津
なまず,鯰
なまずえ,鯰江
なまずごし,鯰越
なませ,生瀬
なまため,生天目
なまため,生田目
なまづ,生津
なまなか,鎌仲
なまりたに,鉛谷
なまりやま,鉛山
なみ,波
なみ,並
なみうち,波内
なみうち,浪内
なみえ,波江
なみえ,浪江
なみお,浪尾
なみおか,涛岡
なみおか,波岡
なみおか,浪岡
なみおか,濤岡
なみかい,浪貝
なみかた,波形
なみかわ,涛川
なみかわ,波河
なみかわ,波川
なみかわ,並河
なみかわ,並川
なみかわ,浪川
なみかわ,濤川
なみかわ,竝川
なみがた,波潟
なみがた,波形
なみがた,浪形
なみき,行木
なみき,双木
なみき,並木
なみき,浪木
なみき,竝木
なみきり,波切
なみぎし,波岸
なみぐち,浪口
なみこし,波越
なみこし,浪越
なみさき,名見崎
なみさと,並里
なみせ,浪瀬
なみた,波田
なみた,並田
なみた,浪田
なみづか,浪（土へんに冢）
なみと,波戸
なみとこ,並床
なみとこ,浪床
なみとめ,波止
なみひさ,浪久
なみひら,波平
なみひら,浪平
なみふさ,波房
なみま,波間
なみま,浪間
なみまつ,並松
なみもと,浪本
なみやま,並山
なみわか,波若
なむら,南村
なむら,納村
なむら,苗村
なむら,名村
なめかた,滑方
なめかた,行方
なめかわ,滑川
なめかわ,行川
なめかわ,長面川
なめがや,行谷
なめき,行木
なめしだ,滑志田
なめた,行田
なめだ,滑田
なめだ,行田
なめら,滑
なめら,滑良
なめら,奈女良
なめら,名免良
なめりかわ,滑川
なもせ,南百（瀬の頁が刀の下に貝）
なもと,名本
なや,那谷
なや,納
なや,納屋
なや,納家
なや,納谷
なや,名屋
なやうち,納屋内
なやま,名山
なゆき,奈雪
なゆき,名雪
なら,奈良
ならい,奈良井
ならおか,奈良岡
ならおか,楢岡
ならき,奈良木
ならき,楢木
ならきの,楢木野
ならぎの,楢木野
ならく,七樂
ならこし,奈良越
ならさか,奈良坂
ならさき,奈良（崎の大が立）
ならさき,奈良崎
ならさき,楢崎
ならさこ,楢迫
ならさだ,奈良定
ならさわ,奈良沢
ならさわ,奈良澤
ならざき,奈良崎
ならざき,楢（崎の大が立）
ならざき,楢崎
ならしま,楢島
ならた,奈良田
ならたに,奈良谷
ならだ,楢田
ならだて,楢館
ならだて,楢舘
ならと,楢戸
ならの,奈良野
ならはし,奈良橋
ならはし,楢橋
ならはし,名良橋
ならはら,奈良原
ならはら,楢原
ならばやし,奈良林
ならばやし,楢林
ならひら,奈良平
ならふ,楢府
ならぶ,奈良部
ならべ,奈良部
ならま,奈良間
ならむら,楢村
ならもと,奈良本
ならもと,楢本
ならや,奈良谷
ならやま,奈良山
ならやま,楢山
ならわ,奈良輪
ならわ,奈良和
なりあい,成合
なりあい,成相
なりい,成井
なりう,成生
なりうち,成内
なりえだ,成枝
なりお,成尾
なりおか,成岡
なりかわ,形川
なりかわ,成川
なりがさわ,成ヶ澤
なりがわ,成川
なりき,成伯
なりき,成木
なりきよ,成清
なりきよ,生清
なりくに,成国
なりくに,成國
なりさこ,成迫
なりさだ,成定
なりさわ,成沢
なりさわ,成澤
なりしげ,成重
なりしげ,成茂
なりしま,成島
なりずみ,成住
なりせ,成瀬
なりそこ,成底
なりた,成田
なりたけ,成竹
なりたに,成谷
なりつか,成塚
なりづか,成（土へんに冢）
なりづか,成塚
なりと,成戸
なりとし,成利
なりとみ,成富
なりとみ,成冨
なりの,成野
なりはら,成原
なりひさ,成久
なりひろ,成広
なりひろ,成廣
なりふさ,成房
なりふじ,成藤
なりまつ,成松
なりみず,成水
なりみち,成道
なりみつ,成光
なりみや,成宮
なりみや,平宮
なりむら,成村
なりもと,成元
なりもと,成本
なりやま,成山
なりゆき,成行
なりよし,成吉
なるい,成井
なるい,鳴井
なるいし,成石
なるうち,成内
なるお,成尾
なるお,鳴尾
なるおか,成岡
なるかげ,成影
なるかま,鳴釜
なるかみ,鳴神
なるかわ,成川
なるかわ,生川
なるかわ,鳴河
なるかわ,鳴川
なるき,成木
なるき,生木
なるきよ,成清
なるけ,成毛
なるげ,成毛
なるこ,成子
なるこ,鳴子
なるさき,成崎
なるさこ,成迫
なるさわ,成沢
なるさわ,成澤
なるさわ,鳴沢
なるさわ,鳴澤
なるしま,成島
なるしま,成嶋
なるしま,鳴島
なるしま,鳴嶋
なるすえ,成末
なるずみ,成住
なるせ,成瀬
なるせ,成清
なるせ,鳴瀬
なるた,成田
なるたき,成滝
なるたき,鳴滝
なるたき,鳴瀧
なるたに,成谷
なるち,成智
なると,成戸
なると,鳴戸
なるとみ,成富
なるとみ,成冨
なるの,鳴野
なるはし,成橋
なるはし,鳴橋
なるみ,成海
なるみ,成見
なるみ,成実
なるみ,成實
なるみ,生海
なるみ,鳴海
なるみ,鳴美
なるみや,成宮
なるも,成毛
なるもと,成本
なるやま,成山
なるよし,成吉
なれまつ,馴松
なろだ,奈路田
なわ,奈波
なわ,那波
なわ,那和
なわ,縄
なわ,名和
なわい,縄井
なわおか,縄岡
なわくら,縄倉
なわしろ,苗代
なわた,縄田
なわた,名和田
なわた,繩田
なわだ,縄田
なわち,縄稚
なわて,縄手
なわなか,縄中
なわの,縄野
なわふね,縄舟
なわふね,縄船
なわもと,縄本
なわや,縄谷
なんえ,南江
なんかい,南海
なんかく,南角
なんかん,南館
なんかん,南舘
なんがく,南学
なんがく,南學
なんき,南木
なんきょう,南京
なんぎ,南儀
なんぎ,南義
なんぐう,南隅
なんけ,南家
なんこう,南光
なんこう,南口
なんこういん,南光院
なんご,南後
なんごう,南郷
なんさい,南斎
なんさい,南西
なんさい,南齋
なんざい,南齋
なんざん,南山
なんしま,南島
なんじ,南治
なんじょう,南上
なんじょう,南城
なんじょう,南条
なんじょう,南荘
なんじょう,南條
なんじょう,楠城
なんせき,南石
なんだ,南田
なんだい,南代
なんちゅうどう,南中道
なんと,南戸
なんとう,南東
なんとう,南藤
なんどう,南藤
なんどう,南堂
なんどう,南洞
なんどう,南道
なんにち,南日
なんの,南野
なんば,灘波
なんば,南場
なんば,南波
なんば,難波
なんばえ,難波江
なんばら,南原
なんぶ,南部
なんぶ,楠部
なんぺい,南平
なんぼ,南保
なんぼう,南坊
なんぼう,南房
なんぽ,南保
なんぽう,南方
なんま,南間
なんめ,南目
なんめい,南明
なんも,南茂
なんもく,南木
なんもん,南門
なんや,南谷
なんり,南利
なんり,南里
にい,新
にい,新井
にい,新居
にい,仁位
にい,仁井
にい,二位
にい,二井
にいあい,新相
にいい,新居
にいうち,二井内
にいおか,新岡
にいおか,仁井岡
にいかわ,新居川
にいかわ,新川
にいがき,新垣
にいがた,新潟
にいがわ,新川
にいくに,新国
にいくに,新國
にいくぼ,新久保
にいくら,新鞍
にいくら,新座
にいくら,新倉
にいご,新後
にいさか,新坂
にいさく,新作
にいさと,新里
にいざき,新崎
にいざと,新里
にいざわ,新沢
にいざわ,新澤
にいじま,新島
にいずみ,新泉
にいせき,新関
にいぜき,新関
にいぜき,二井関
にいぞえ,新添
にいた,仁井田
にいたけ,新武
にいたに,新谷
にいたに,仁井谷
にいたに,二井谷
にいだ,新井田
にいだ,新居田
にいだ,新飯田
にいだ,仁井田
にいだて,新館
にいだて,新舘
にいつ,新津
にいつま,新妻
にいつや,新津谷
にいづま,新妻
にいで,新出
にいとり,新取
にいどめ,新留
にいな,新名
にいない,新内
にいない,仁井内
にいない,二井内
にいなえ,新苗
にいなみ,新浪
にいぬま,新沼
にいの,新埜
にいの,新納
にいの,新野
にいの,二井野
にいのう,新納
にいのぶ,新居延
にいのべ,新延
にいのみ,新家
にいのみ,新海
にいのみ,新実
にいのみ,新美
にいのみ,新實
にいはま,新浜
にいはま,新濱
にいはら,新原
にいはり,新治
にいばやし,新林
にいばる,新原
にいひら,新平
にいぶ,新生
にいべ,新部
にいほ,新保
にいほ,新穂
にいほり,新堀
にいぼ,新保
にいぼ,新甫
にいぼ,新穂
にいぼり,新堀
にいみ,新居見
にいみ,新見
にいみ,新実
にいみ,新美
にいみ,新實
にいみ,二井見
にいむら,新村
にいもと,新元
にいもと,新本
にいもり,新森
にいや,新屋
にいや,新家
にいや,新谷
にいや,二井屋
にいや,二井家
にいや,二井矢
にいやま,新井山
にいやま,新山
にいやま,仁井山
にいら,新楽
にいら,新良
にいろ,新納
にいろう,新納
にう,仁宇
にう,丹生
にうち,新内
にうのや,丹生谷
にうや,丹生谷
にうら,新浦
にえ,贄
にえかわ,牲川
にえがわ,牲川
にえた,仁戸田
にえだ,仁戸田
にえだ,二枝
にえだ,贄田
にお,仁尾
にお,丹生
におう,仁王
におか,新阜
におか,二岡
におたに,仁尾谷
におり,新居
にか,二鹿
にかい,二階
にかいどう,二階堂
にかけ,荷掛
にかた,荷方
にかど,二門
にかどり,荷川取
にかみ,仁上
にかみ,仁神
にかみ,二上
にかもと,二家本
にかるべ,荷軽部
にかわ,仁川
にかわ,二川
にかわどり,荷川取
にが,仁賀
にがうり,苦瓜
にがや,二茅
にがら,二重
にがら,二唐
にがわら,二川原
にき,仁木
にき,二木
にぎ,仁儀
にぎ,和
にくに,二国
にくま,仁熊
にくまる,肉丸
にぐち,二口
にぐま,仁熊
にぐま,二熊
にこ,児子
にこう,二河
にご,児子
にご,仁後
にごう,二郷
にごた,二五田
にごりかわ,濁川
にごりぬま,濁沼
にさか,仁坂
にさか,二坂
にさわ,二沢
にざみ,二三味
にし,（にんべんのない価）
にし,仁司
にし,仁志
にし,西
にしあき,西秋
にしあき,西明
にしあけ,西明
にしあら,西新
にしあらい,西荒井
にしい,西井
にしい,西居
にしい,西飯
にしいえ,西家
にしいけ,西池
にしいで,西出
にしいり,西入
にしう,西宇
にしうえ,西上
にしうえ,西植
にしうえどこ,西上床
にしうち,西内
にしうま,西馬
にしうみ,西海
にしうら,西浦
にしうわとこ,西上床
にしえ,西江
にしえだ,西枝
にしお,西生
にしお,西尾
にしお,西面
にしお,西應
にしおう,西応
にしおう,西應
にしおおえだ,西大條
にしおおじ,西大路
にしおおたちめ,西大立目
にしおか,西岡
にしおかだ,西岡田
にしおかやま,西岡山
にしおき,西沖
にしおく,西奥
にしおの,西小野
にしかい,西海
にしかいち,西開地
にしかげ,西蔭
にしかげ,西陰
にしかげ,西影
にしかじ,西梶
にしかぜ,西風
にしかた,西潟
にしかた,西形
にしかた,西片
にしかた,西方
にしかつ,西勝
にしかど,西角
にしかど,西門
にしかみ,西上
にしかみ,西神
にしかわ,仁志川
にしかわ,西河
にしかわ,西川
にしかわじ,西川路
にしかわはら,西川原
にしかわら,西川原
にしがい,西海
にしがい,西貝
にしがいち,西開地
にしがいち,西垣内
にしがいと,西垣戸
にしがいと,西垣内
にしがき,西垣
にしがき,西墻
にしがきうち,西垣内
にしがた,西潟
にしがた,西形
にしがた,西方
にしがた,西瀉
にしがはら,西河原
にしがひろ,西ヶ廣
にしがま,西釜
にしがみ,西上
にしがみ,西神
にしがめ,西亀
にしがや,西ケ谷
にしがや,西ヶ谷
にしがわ,西川
にしがわ,西側
にしがわら,西川原
にしき,錦
にしき,西機
にしき,西亀
にしき,西木
にしき,二色
にしきい,錦井
にしきおり,錦織
にしきかわ,錦川
にしきがわ,錦川
にしきぎ,錦木
にしきた,西喜多
にしきた,西北
にしきたに,錦谷
にしきだ,錦田
にしきど,錦戸
にしきど,西城戸
にしきど,西木戸
にしきべ,錦辺
にしきみ,錦見
にしきもと,錦本
にしきやま,錦山
にしくぼ,西久保
にしくま,西隈
にしくら,西倉
にしくり,西栗
にしぐち,西口
にしぐろ,西黒
にしけ,西家
にしこうじ,西小路
にしこうり,錦織
にしこおり,錦織
にしこじょう,西小城
にしこば,西木場
にしこべ,西小部
にしこもり,西小森
にしこり,錦古里
にしこり,錦織
にしごうり,西郡
にしごおり,西郡
にしごり,錦織
にしさか,西坂
にしさか,西阪
にしさき,西崎
にしさく,西作
にしさこ,西佐古
にしさこ,西迫
にしさこ,西浴
にしさと,西里
にしざ,西座
にしざか,西坂
にしざか,西阪
にしざかい,西境
にしざき,西（崎の大が立）
にしざき,西崎
にしざくら,西櫻
にしざこ,西迫
にしざと,西里
にしざわ,西沢
にしざわ,西澤
にしした,西下
にししば,西芝
にししま,西島
にししらほ,西白保
にしじ,西地
にしじま,西島
にしじま,西嶋
にしじま,西嶌
にしじょう,西庄
にしじょう,西條
にしじり,西尻
にしす,西須
にしすえ,西末
にしず,西津
にしずみ,西隅
にしずみ,西住
にしずる,西水流
にしせ,西瀬
にしせこ,西世古
にしぜき,西関
にしぞの,西園
にしぞの,西薗
にした,西田
にしたい,西躰
にしたか,西高
にしたかつじ,西高辻
にしたき,西滝
にしたけ,西竹
にしたて,西舘
にしたての,西立野
にしたなか,西田中
にしたに,西谷
にしたね,西種
にしだ,仁志田
にしだ,西多
にしだ,西田
にしだい,西台
にしだい,西臺
にしだて,西館
にしだて,西舘
にしち,西地
にしつ,西津
にしつか,西塚
にしつじ,西辻
にしつつみ,西堤
にしつのい,西角井
にしづ,西津
にしづか,西（土へんに冢）
にしづか,西塚
にしづつみ,西堤
にしづる,西鶴
にして,西手
にしで,仁志出
にしで,西出
にしでら,西寺
にしと,西戸
にしとう,西頭
にしとうげ,西峠
にしとば,西鳥羽
にしとみ,西富
にしど,西戸
にしどい,西土井
にしどう,西堂
にしどうじ,西堂路
にしどの,西殿
にしどめ,西留
にしな,仁科
にしな,西名
にしな,二科
にしなか,西中
にしなか,西仲
にしなかがわ,西中川
にしなかま,西中間
にしなかむら,西中村
にしなかやま,西中山
にしなが,西永
にしなが,西長
にしなみ,西奈美
にしなみ,西並
にしなり,西成
にしなりた,西成田
にしね,西根
にしの,西埜
にしの,西野
にしのいり,西野入
にしのう,西納
にしのうち,西ノ内
にしのくび,西ノ首
にしのその,西ノ園
にしのその,西之園
にしのその,西野園
にしのはら,西ノ原
にしのはら,西之原
にしのぼう,西之坊
にしのま,西野間
にしのみや,西宮
にしのみや,西野宮
にしのむら,西ノ村
にしはく,西迫
にしはし,西橋
にしはた,西端
にしはた,西畑
にしはた,西畠
にしはちじょう,西八条
にしはちじょう,西八條
にしはば,西幅
にしはま,西浜
にしはま,西濱
にしはやし,西林
にしはら,西原
にしはる,西春
にしば,西場
にしばし,西橋
にしばた,西端
にしばた,西幡
にしばた,西畑
にしばば,西馬場
にしばやし,西林
にしばら,西原
にしひら,西平
にしひろ,西廣
にしふじ,西藤
にしぶ,西部
にしぶち,西淵
にしぶち,西渕
にしぶん,西分
にしべ,西部
にしべっぷ,西別府
にしべり,西端
にしほり,西堀
にしぼ,西保
にしぼう,西坊
にしぼり,西堀
にしま,仁島
にしま,西間
にしま,二島
にしまえ,西前
にしまき,西巻
にしまき,西間木
にしまき,西牧
にしまき,西槙
にしまき,西槇
にしまさ,西正
にします,西増
にしまた,西股
にしまた,西真田
にしまた,西亦
にしまた,西俣
にしまた,西又
にしまつ,西松
にしまる,西丸
にしみ,錦見
にしみ,西見
にしみず,西水
にしみち,西道
にしみつ,西光
にしみね,西峰
にしみね,西峯
にしみや,西宮
にしみょう,西明
にしむかい,西向
にしむた,西牟田
にしむね,西宗
にしむら,西村
にしむら,西邑
にしむら,西邨
にしむろ,西室
にしめ,西銘
にしめ,西目
にしもと,西幹
にしもと,西元
にしもと,西本
にしもり,西守
にしもり,西森
にしもん,西紋
にしや,西谷
にしや,西矢
にしやうち,西谷内
にしやしき,西屋敷
にしやち,西谷地
にしやち,西谷内
にしやなぎ,西柳
にしやま,西山
にしょうじ,仁昌寺
にしょうじ,二正寺
にしよし,西吉
にしより,西依
にしら,西側
にしら,西羅
にしりく,西陸
にしわき,西脇
にしわき,西腋
にしわけ,西分
にしわだ,西和田
にじ,尼寺
にじゅうぶ,二十歩
にじゅうり,二十里
にじゅっけん,二十軒
にじょう,二條
にじょうくぼ,二条久保
にすぎ,仁杉
にすぎ,二杉
にた,仁田
にた,二田
にたがい,似田貝
にたき,二滝
にたぐち,二田口
にたさか,仁田坂
にただ,仁多田
にたとうげ,仁田峠
にたとり,似鳥
にたどり,似鳥
にたない,似内
にたに,新谷
にたに,仁谷
にたに,二谷
にたはら,仁田原
にたはら,二田原
にたばる,仁田原
にたみ,新田見
にたみ,仁多見
にたみず,仁田水
にたみず,二田水
にたやま,仁田山
にたわき,仁田脇
にたんだ,二丹田
にたんだ,二反田
にたんちょう,二反長
にだいら,仁平
にちょうぎ,二挺木
にっかく,日覚
にっかわ,新川
にっき,仁木
にっくに,新国
にっこう,日光
にっさか,日坂
にっさと,新里
にっさと,日里
にった,新タ
にった,新田
にった,新夕
にった,仁田
にった,二田
にったち,新立
にったみ,新田見
にっちゅう,日中
にっと,日戸
にっとう,日塔
にっとう,日東
にっとうじ,日東寺
にっとの,入戸野
にっぱ,新葉
にっぱし,日橋
にっぽん,日本
につう,二通
につか,二塚
につとの,入戸野
にでがわ,二出川
にと,二戸
にとう,仁藤
にとう,二藤
にとうべ,二藤部
にとだ,仁戸田
にとべ,新戸部
にとべ,新渡戸
にとべ,二戸部
にとべ,二藤部
にとまき,二斗蒔
にとり,似鳥
にどう,仁道
になかわ,蜷川
にながわ,蜷川
になぎ,蜷木
にの,仁野
にの,二野
にのい,二野井
にのおか,仁ノ岡
にのかた,二ノ方
にのかた,二之方
にのかた,貳方
にのさか,二ノ坂
にのせ,二瀬
にのせ,二野瀬
にのせき,二関
にのぜき,二関
にのひら,仁ノ平
にのべ,二之部
にのまえ,一
にのまる,二ノ丸
にのみや,荷宮
にのみや,二の宮
にのみや,二ノ宮
にのみや,二宮
にのみや,二之宮
にのみや,二野宮
にのゆ,二之湯
には,丹羽
にはし,二橋
にはり,二張
にひ,仁比
にひら,仁平
にひら,二平
にふく,荷福
にふじ,二藤
にぶ,仁部
にぶ,丹生
にぶ,二歩
にぶや,丹生谷
にぶん,仁分
にぶん,二分
にへい,仁瓶
にへい,仁平
にへい,二瓶
にべ,仁瓶
にべ,仁部
にほ,仁保
にほ,二保
にほんぎ,二本木
にほんすぎ,二本杉
にほんまつ,二本松
にほんやなぎ,二本柳
にぼし,二星
にまいだ,二枚田
にみや,荷宮
にみや,仁宮
にむら,仁村
にむら,丹村
にむら,二村
にむれ,二牟礼
にもり,二森
にもんじ,二文字
にやだ,二矢田
にやなぎ,二柳
にやま,丹山
にゅう,丹生
にゅうい,乳井
にゅういし,丹生石
にゅうかい,入海
にゅうがく,入学
にゅうこう,入交
にゅうじ,入路
にゅうどう,入道
にゅうのや,丹生谷
にゅうば,入場
にゅうばら,鳰原
にゅうぶ,入部
にゅうむら,入村
によむら,饒村
にら,新羅
にら,新良
にらさき,韮崎
にらさわ,韮沢
にらさわ,韮澤
にらずか,韮（土へんに冢）
にらたに,韮谷
にらつか,韮塚
にれ,仁礼
にれ,仁禮
にれ,楡
にれい,仁礼
にれい,仁禮
にれい,楡井
にれがね,楡金
にれき,二連木
にれき,楡木
にれぎ,楡木
にれだ,楡田
にわ,新輪
にわ,仁羽
にわ,仁和
にわ,丹羽
にわ,庭
にわ,二羽
にわ,日輪
にわい,庭井
にわかわ,庭川
にわくぼ,庭久保
にわさき,庭崎
にわせ,庭（瀬の頁が刀の下に貝）
にわせ,庭瀬
にわた,庭田
にわたり,二渡
にわつきの,庭月野
にわの,庭野
にわばやし,庭林
にわむら,庭村
にわもと,庭本
にわや,庭屋
にわやま,庭山
にんじょう,仁城
にんばり,仁張
にんぼり,仁張
ぬい,奴井
ぬいじま,縫島
ぬいた,縫田
ぬいたに,縫谷
ぬいだ,縫田
ぬいな,奴井名
ぬいべ,縫部
ぬか,額
ぬか,奴賀
ぬかが,額賀
ぬかざわ,糠沢
ぬかざわ,糠澤
ぬかた,額田
ぬかたに,額谷
ぬかだ,額田
ぬかつか,糠塚
ぬかの,糠野
ぬかのぶ,糠信
ぬかのぶ,保延
ぬかむら,額村
ぬかもり,糠森
ぬかもり,糠盛
ぬかや,額谷
ぬかや,糠谷
ぬかり,泥濘
ぬかりや,忽滑谷
ぬかりや,勿滑谷
ぬが,奴賀
ぬが,怒賀
ぬき,貫
ぬき,秡
ぬきい,貫井
ぬきい,抜井
ぬきえ,貫江
ぬきさこ,抜迫
ぬきしお,貫塩
ぬきた,貫田
ぬきな,貫名
ぬきな,抽那
ぬきな,抽名
ぬきなが,貫永
ぬきはら,貫原
ぬきば,貫場
ぬきやま,抜山
ぬきわ,貫和
ぬくい,温井
ぬくい,貫井
ぬくい,抜井
ぬくい,明日
ぬくしな,温品
ぬくづま,奴久妻
ぬくみ,貫見
ぬくみ,生見
ぬくみず,温水
ぬくみず,抜水
ぬくもり,温盛
ぬぐつま,奴久妻
ぬさもり,幣守
ぬし,塗師
ぬしおか,塗師岡
ぬしだ,主田
ぬしはら,主原
ぬしやま,主山
ぬしろ,主代
ぬたはら,奴田原
ぬでしま,（木へんに勝）島
ぬでしま,橳島
ぬでじま,（木へんに勝）島
ぬなみ,沼波
ぬの,布
ぬの,布野
ぬのい,布井
ぬのいち,布一
ぬのいち,布市
ぬのうえ,布上
ぬのうち,布内
ぬのうら,布浦
ぬのえ,布江
ぬのお,布尾
ぬのかみ,布上
ぬのかわ,布川
ぬのがみ,布上
ぬのこ,布子
ぬのざわ,布澤
ぬのした,布下
ぬのせ,布瀬
ぬのた,布田
ぬのたに,布谷
ぬのはし,布橋
ぬのはら,布原
ぬのひろ,布広
ぬのひろ,布廣
ぬのべ,布部
ぬのまき,布巻
ぬのみ,布見
ぬのみや,布宮
ぬのむら,布村
ぬのめ,布目
ぬのもと,布本
ぬのや,布谷
ぬま,沼
ぬま,沼間
ぬま,奴間
ぬまうち,沼内
ぬまお,沼尾
ぬまおか,沼岡
ぬまかみ,沼上
ぬまかわ,沼川
ぬまが,沼賀
ぬまがみ,沼上
ぬまき,沼木
ぬまくない,沼宮内
ぬまくら,沼倉
ぬまぐち,沼口
ぬまこ,沼子
ぬまこし,沼越
ぬまさき,沼（崎の大が立）
ぬまさき,沼崎
ぬまさき,沼埼
ぬまさと,沼里
ぬまさわ,沼沢
ぬまさわ,沼澤
ぬまざき,沼（崎の大が立）
ぬまざき,沼崎
ぬまざき,沼嵜
ぬまざわ,沼沢
ぬまざわ,沼澤
ぬましり,沼尻
ぬまじり,沼尻
ぬませ,沼瀬
ぬまた,沼田
ぬまたい,沼袋
ぬまたき,沼滝
ぬまだて,沼館
ぬまだて,沼舘
ぬまなみ,沼波
ぬまなみ,沼浪
ぬまにゅう,沼生
ぬまの,沼野
ぬまはた,沼端
ぬまはた,沼畑
ぬまはら,沼原
ぬまべ,沼部
ぬまべ,沼辺
ぬまべ,沼邉
ぬまもと,沼元
ぬまもと,沼本
ぬまもり,沼守
ぬまやま,沼山
ぬまり,沼里
ぬもと,沼元
ぬもと,沼本
ぬり,塗
ぬりし,塗師
ぬりしま,塗島
ぬりた,塗田
ぬりや,塗谷
ぬりや,塗矢
ぬるき,塗木
ぬるゆ,奴留湯
ぬるゆ,怒留湯
ぬれき,濡木
ぬわ,怒和
ねあがり,根上
ねい,根井
ねいし,根石
ねいち,根市
ねお,根尾
ねおい,根生
ねかど,根角
ねが,根賀
ねがみ,根上
ねがみ,根神
ねがやま,根ケ山
ねがやま,根ヶ山
ねがわ,子川
ねき,根木
ねぎ,根宜
ねぎ,根木
ねぎ,大戸
ねぎ,禰宜
ねぎ,祢宜
ねぎし,根岸
ねぎしま,根木島
ねぎた,禰宜田
ねぎた,祢宜田
ねぎもと,祢宜元
ねこ,根子
ねこしま,猫島
ねこた,猫田
ねこだ,猫田
ねこづか,猫塚
ねこと,猫戸
ねこひら,猫平
ねこま,猫羽
ねこまた,猫俣
ねこみや,猫宮
ねこもと,猫本
ねこやしき,猫屋敷
ねこやま,根小山
ねごと,音琴
ねごろ,根来
ねごろ,根來
ねさき,根崎
ねざき,根崎
ねざさ,根笹
ねじかね,禰次金
ねじかね,捻金
ねじき,根食
ねじしま,根地嶋
ねじと,根地戸
ねじはし,捻橋
ねじま,根占
ねじま,子島
ねじめ,根〆
ねじめ,根占
ねじめ,寝占
ねじめ,禰占
ねじめ,祢寝
ねじめ,祢占
ねじょう,根城
ねすみ,根角
ねすみ,根住
ねず,根須
ねず,根津
ねずみたに,鼠谷
ねたて,根建
ねたに,根谷
ねだ,根田
ねだち,根建
ねだち,根立
ねだて,根立
ねつ,根津
ねつ,祢津
ねつの,熱野
ねづ,根津
ねづ,禰津
ねづ,祢津
ねづか,根（土へんに冢）
ねづか,根塚
ねづや,根津谷
ねとない,根戸内
ねのい,根井
ねのき,根之木
ねのひ,子野日
ねは,根波
ねは,禰覇
ねはぎ,根萩
ねはし,根橋
ねば,根葉
ねばし,根橋
ねひょう,根兵
ねひら,根平
ねびき,根引
ねぶ,根布
ねぶか,根深
ねぶや,根布谷
ねぶや,根武谷
ねほ,根保
ねほ,禰保
ねま,根間
ねまつ,根松
ねみち,根道
ねむがき,合歓垣
ねむがき,合歡垣
ねむら,根村
ねめざわ,根目沢
ねもと,根元
ねもと,根本
ねもり,根守
ねもり,根森
ねや,根矢
ねや,禰屋
ねや,祢屋
ねや,閨
ねやざき,閨（崎の大が立）
ねやたに,閨谷
ねやま,根山
ねよし,子吉
ねりあい,練合
ねりいし,錬石
ねりお,練尾
ねりき,練木
ねりこ,練子
ねれい,根鈴
ねろめ,根路銘
ねわ,根羽
ねんだい,年代
ねんの,稔野
ねんぶつ,念佛
ねんま,年真
の,野
のあい,野相
のあき,野秋
のあけ,野明
のあみ,野網
のい,野井
のいえ,野家
のいけ,野池
のいしき,野一色
のいずみ,野泉
のいち,乃一
のいち,野市
のいね,野稲
のいり,野入
のいり,野杁
のう,能
のう,野宇
のうか,苗加
のうが,納賀
のうがしら,農頭
のうがわ,直川
のうがわ,能川
のうがん,能願
のうぎ,能木
のうぐち,納口
のうぐち,能口
のうぐち,農口
のうけ,能化
のうさか,能坂
のうさき,能崎
のうさく,能作
のうさく,農作
のうざき,能崎
のうざわ,能沢
のうし,野牛
のうしょ,納所
のうしょう,納庄
のうしょう,能生
のうしよう,納庄
のうじま,能島
のうじゅう,能重
のうじょう,能城
のうじょう,能条
のうじょう,能條
のうす,野生須
のうずみ,能隅
のうせ,能瀬
のうそ,納所
のうそ,能祖
のうそ,農蘇
のうそう,能宗
のうた,能田
のうだ,納田
のうだ,能多
のうだ,能田
のうだ,苗田
のうち,能地
のうち,能智
のうち,野内
のうぢ,能地
のうづ,能津
のうづか,納（土へんに冢）
のうづか,納塚
のうづか,能塚
のうて,能手
のうて,苗手
のうとみ,納富
のうとみ,納冨
のうどう,納堂
のうどみ,納冨
のうにん,濃人
のうにん,能仁
のうにん,農人
のうねん,南畝
のうねん,能年
のうの,濃野
のうの,能野
のうの,農野
のうはら,納原
のうま,能間
のうまた,能又
のうまち,能町
のうまつ,能松
のうまる,能丸
のうみ,納見
のうみ,能海
のうみ,能見
のうみ,能美
のうみ,能味
のうみ,野海
のうむら,納村
のうむら,能村
のうもり,能森
のうもり,農守
のうや,能谷
のうら,能浦
のえ,野家
のおす,野生須
のおの,南野
のおむら,能村
のおも,野小生
のおもて,野表
のか,野加
のか,野底
のかく,野角
のかた,野方
のかみ,野上
のがい,野界
のがい,野飼
のがいと,野垣内
のがえ,野替
のがき,野垣
のがく,野角
のがた,野方
のがみ,埜上
のがみ,能上
のがみ,野上
のがみ,野神
のがみね,野ケ峯
のがや,野萱
のがやま,野ヶ山
のがわ,能川
のがわ,野川
のき,軒
のきた,野北
のきはら,軒原
のきば,軒端
のきば,能木場
のきば,野木場
のきむら,軒村
のぎ,禾
のぎ,乃木
のぎ,能城
のぎ,野城
のぎ,野木
のぎた,野北
のぎむら,野木村
のぎもり,野木森
のぎり,野切
のぎわ,野際
のくお,野久尾
のくび,野首
のくぼ,野久保
のくら,野倉
のぐさ,野草
のぐち,乃口
のぐち,埜口
のぐち,能口
のぐち,野口
のぐに,野国
のぐら,野倉
のぐろみ,野黒美
のげ,野下
のげ,野毛
のこ,野古
のこざき,鋸（崎の大が立）
のごし,野越
のごみ,乃込
のごみ,野込
のさか,乃坂
のさか,野坂
のさか,野阪
のさき,野（崎の大が立）
のさき,野崎
のさく,野作
のさこん,野左近
のざか,野坂
のざか,野阪
のざき,埜崎
のざき,能崎
のざき,野（崎の大が立）
のざき,野崎
のざき,野嵜
のざこ,野迫
のざさ,野笹
のざと,野里
のざわ,埜澤
のざわ,能沢
のざわ,能澤
のざわ,野沢
のざわ,野澤
のし,野志
のし,熨斗
のした,野下
のしま,能島
のしろ,能城
のしろ,能代
のしろ,苗代
のしろ,野城
のしろ,野代
のしろや,能代谷
のじ,野地
のじ,野路
のじい,野路井
のじま,廼島
のじま,能島
のじま,野島
のじま,野嶋
のじま,野嶌
のじり,野尻
のじろ,野白
のす,野須
のすぎ,野杉
のすじ,野筋
のすみ,野住
のず,野頭
のずえ,野末
のずみ,野角
のずみ,野住
のせ,埜瀬
のせ,能瀬
のせ,能勢
のせ,野瀬
のせい,野瀬井
のせたに,野世渓
のせたに,野世溪
のそ,野曽
のそう,野宗
のそこ,野底
のそはら,野曽原
のぞえ,濃添
のぞえ,野添
のぞえ,野副
のぞき,及位
のぞきど,覗戸
のぞきど,莅戸
のたけ,野竹
のたけ,野武
のたざわ,野田澤
のたに,野谷
のだ,乃田
のだ,埜田
のだ,納多
のだ,苗田
のだ,野田
のだい,野代
のだいら,野平
のだがしら,野田頭
のだぐち,野田口
のだけ,野獄
のだけ,野嶽
のだて,野舘
のち,野地
のちいで,後出
のちいで,俊出
のちお,後尾
のちおか,後岡
のちざわ,後沢
のちせ,後瀬
のちだ,後田
のちの,後野
のちむら,後村
のちやま,後山
のぢ,野地
のぢん,野陣
のつ,野津
のつきたいら,野月平
のつまた,野ツ俣
のづ,能津
のづ,野津
のづ,野頭
のづき,野月
のづて,野津手
のづみ,野積
のて,野手
ので,野手
ので,野出
のでき,野出木
のでら,野寺
のと,納戸
のと,納富
のと,能戸
のと,能渡
のと,能登
のと,能任
のと,能門
のと,野戸
のと,野塔
のとう,野藤
のとじ,能登路
のとはら,能登原
のとや,能登屋
のとや,能登谷
のどの,野殿
のな,野名
のなか,埜中
のなか,能仲
のなか,野中
のなか,野仲
のなが,野永
のながせ,野長瀬
のなみ,野波
のなみ,野並
のなみ,野浪
のにし,野西
のね,野根
のの,野々
ののい,野々井
ののいち,野々市
ののうえ,野々上
ののうえ,野之上
ののうち,野々内
ののかわ,野々川
ののがき,野々垣
ののがみ,野々上
ののがわ,野々川
ののぎ,野々木
ののぐち,野々口
ののぐち,野之口
ののした,埜下
ののした,野々下
ののせ,野々瀬
ののだ,野々田
ののひら,野々平
ののべ,野々部
ののみや,野々宮
ののみや,野宮
ののむら,野々村
ののめ,野々目
ののやま,野々山
のは,饒波
のはぎ,野萩
のはし,野橋
のはた,野畑
のはら,野原
のば,野場
のばし,野橋
のばた,野端
のばた,野畑
のばた,野畠
のばな,野塙
のばやし,埜林
のばやし,野林
のひな,饒平名
のひら,野平
のひらき,野開
のび,野火
のびい,伸井
のびら,野平
のびらき,野開
のふじ,野藤
のぶ,延
のぶ,信
のぶい,延井
のぶい,信井
のぶえ,延江
のぶえ,信恵
のぶえ,信江
のぶおか,延岡
のぶおか,信岡
のぶか,延賀
のぶかみ,信上
のぶかわ,延川
のぶかわ,信川
のぶき,延木
のぶき,信木
のぶきよ,信清
のぶくに,信国
のぶくに,信國
のぶさだ,信定
のぶさわ,延沢
のぶさわ,延澤
のぶさわ,伸澤
のぶさわ,信沢
のぶさわ,信澤
のぶしげ,信重
のぶした,信下
のぶしま,延島
のぶしま,延嶋
のぶすえ,延末
のぶすえ,信末
のぶた,延田
のぶた,信太
のぶた,信田
のぶたか,信高
のぶたけ,信武
のぶたに,延谷
のぶたに,信谷
のぶち,延地
のぶち,野淵
のぶち,野渕
のぶちか,延近
のぶちか,信近
のぶつか,延塚
のぶつね,信常
のぶとう,延藤
のぶとう,信藤
のぶとき,延時
のぶとき,信時
のぶとも,延友
のぶとも,信朝
のぶとも,信友
のぶなが,延永
のぶなが,信永
のぶなが,信長
のぶなが,設永
のぶはら,延原
のぶはら,信原
のぶはら,宣原
のぶひら,延平
のぶひら,信平
のぶひろ,延広
のぶひろ,延廣
のぶひろ,信廣
のぶまさ,信正
のぶもと,信元
のぶもと,信本
のぶもり,信森
のぶやす,延安
のぶやす,信安
のぶやま,延山
のぶやま,信山
のぶよし,延吉
のぶよし,信吉
のぶよし,信好
のぶりゅう,信龍
のべ,延
のべ,野部
のべ,野辺
のべ,野邊
のべおか,延岡
のべかわ,延川
のべがね,述金
のべさわ,延澤
のべざわ,延沢
のべしま,延島
のべた,延田
のべた,野辺田
のべたに,延谷
のべち,野辺地
のべち,野邊地
のべつ,野別
のべの,延野
のべはら,延原
のべもと,延本
のべやま,延山
のぼと,野坊戸
のぼり,（昇の升が舛）
のぼり,昇
のぼり,登
のぼり,野堀
のぼりお,上尾
のぼりお,登尾
のぼりかわ,登川
のぼりき,登木
のぼりぐち,登口
のぼりさか,登坂
のぼりざと,登里
のぼりた,登田
のぼりたて,登立
のぼりたま,登玉
のぼりはし,登橋
のぼりもと,登本
のぼる,昇
のぼる,登
のぼる,曻
のま,乃万
のま,野間
のま,野馬
のまき,野牧
のまくち,野間口
のまぐち,野間口
のまさ,野正
のます,野間須
のまた,野間田
のまた,野股
のまた,野復
のまた,野俣
のまた,野又
のまだ,野間田
のまち,野町
のまつ,野松
のまの,野間野
のみ,乃美
のみ,能見
のみ,野見
のみず,野水
のみぞ,野溝
のみた,呑田
のみち,野道
のみや,野宮
のみやま,許山
のみやま,呑山
のみやま,野見山
のむら,の村
のむら,乃村
のむら,埜村
のむら,能村
のむら,能邨
のむら,野村
のむら,野邑
のむら,野邨
のも,野茂
のも,野毛
のもお,野小生
のもと,埜本
のもと,能本
のもと,野元
のもと,野本
のや,野谷
のや,野矢
のやしき,野屋敷
のやま,野山
のより,野依
のより,野寄
のより,野頼
のり,範
のり,法
のり,野理
のりい,規井
のりい,法井
のりい,乘井
のりいし,乗石
のりおか,乗岡
のりおか,則岡
のりかえ,乗替
のりかね,則兼
のりかね,則包
のりかね,法兼
のりかわ,乗川
のりき,乗木
のりき,則木
のりき,法木
のりきょう,乗京
のりきょう,乘京
のりくら,糊倉
のりぐち,乗口
のりぐち,乘口
のりこし,乗越
のりこし,乘越
のりごえ,乗越
のりさだ,乗定
のりさだ,則貞
のりさだ,則定
のりざわ,法澤
のりしま,則島
のりすえ,則末
のりすぎ,乗杉
のりぞえ,乗添
のりた,糊田
のりた,車田
のりた,乗田
のりた,則田
のりたけ,乗竹
のりたけ,則竹
のりたけ,則武
のりたけ,法武
のりたて,乘立
のりち,乗地
のりちか,則近
のりつぎ,則次
のりつぐ,乗次
のりつぐ,則次
のりつぐ,乘次
のりつけ,乗附
のりつね,則常
のりつね,法常
のりづき,法月
のりづみ,法積
のりとう,則藤
のりとみ,乗富
のりとも,乗友
のりとも,則友
のりなが,則永
のりなが,則長
のりひさ,乗久
のりひさ,則久
のりふね,乗船
のりまさ,乗政
のりまつ,乗松
のりまつ,則松
のりまつ,乘松
のりみず,法水
のりみつ,則満
のりみね,乘嶺
のりみや,紀宮
のりむね,法旨
のりむら,則村
のりむら,法村
のりもと,乗本
のりもと,則元
のりもと,則本
のりもと,乘本
のりやす,軌保
のりやす,乗安
のりやす,則安
のりやま,乗山
のりゆき,則行
のろ,野呂
のろ,野路
のろ,野露
のろせ,野呂瀬
のろた,野呂田
のろだ,野呂田
のわき,野脇
のわたり,野渡
のんだ,呑田