さい,佐井
さい,左居
さい,栽
さい,斎
さい,齋
さいうち,歳内
さいうら,斎浦
さいお,才尾
さいお,斎尾
さいお,斉尾
さいお,齊尾
さいおんじ,西園寺
さいおんじ,斉穏寺
さいか,斎賀
さいか,雑賀
さいか,斉加
さいか,齊賀
さいかい,西海
さいかち,西海枝
さいかち,西梅枝
さいかち,槐
さいかち,皀
さいかつ,才勝
さいかつ,西勝
さいかつ,齊勝
さいかみ,妻神
さいかみ,才神
さいかわ,佐井川
さいかわ,才川
さいかわ,犀川
さいかわ,斎川
さいかわ,西川
さいかわ,斉川
さいかわ,齋川
さいかわ,齊川
さいが,最賀
さいが,才賀
さいが,斎賀
さいが,雑賀
さいが,西賀
さいが,西駕
さいが,斉賀
さいが,齋賀
さいが,雜賀
さいが,齊賀
さいがみ,妻神
さいき,佐長
さいき,佐伯
さいき,才記
さいき,才木
さいき,済木
さいき,斎木
さいき,西岐
さいき,斉城
さいき,斉木
さいき,戈木
さいき,濟木
さいき,齊木
さいきょう,西教
さいきょう,斉京
さいぎょう,西行
さいくさ,三枝
さいくさ,七種
さいぐさ,三枝
さいぐち,才口
さいけい,斉慶
さいけい,齊慶
さいげんじ,西元寺
さいこう,西光
さいこうじ,西光寺
さいご,西湖
さいご,西後
さいごう,斎郷
さいごう,細郷
さいごう,西郷
さいごく,西國
さいごさわ,齋五澤
さいさき,才崎
さいざき,才崎
さいしき,才式
さいしゅ,最首
さいしゅう,西周
さいしょ,最所
さいしょ,税所
さいしょう,最相
さいしょう,宰相
さいしょう,西勝
さいしょうじ,最勝寺
さいしん,西信
さいしん,斉心
さいしん,齊信
さいじょう,才上
さいじょう,斎上
さいじょう,西城
さいじょう,西条
さいじょう,西條
さいす,斎須
さいす,西須
さいす,斉須
さいす,斉数
さいすう,斉数
さいせ,細勢
さいぜん,才善
さいぜん,西前
さいそう,最相
さいた,再田
さいた,才田
さいた,斎田
さいた,西田
さいた,斉田
さいた,税田
さいた,齋田
さいたけ,才竹
さいたけ,斎竹
さいたま,埼玉
さいだ,才田
さいだ,済田
さいだ,斎田
さいだ,斉田
さいだ,齋田
さいだ,齊田
さいち,最知
さいち,才一
さいつ,才津
さいと,齊戸
さいとう,妻藤
さいとう,才藤
さいとう,歳桃
さいとう,済藤
さいとう,犀藤
さいとう,斎藤
さいとう,西塔
さいとう,西東
さいとう,西藤
さいとう,西頭
さいとう,斉藤
さいとう,斉當
さいとう,齋藤
さいとう,齊藤
さいとう,齊當
さいど,道祖土
さいどう,西堂
さいどう,西洞
さいどう,西道
さいどう,斉道
さいな,斉名
さいなぞの,才名園
さいねん,西念
さいの,才野
さいの,斎野
さいの,斉野
さいの,齋野
さいのう,西能
さいのう,斉能
さいのうち,齊之内
さいのお,道祖尾
さいのかみ,妻神
さいのがみ,才之神
さいのはら,才野原
さいのひら,斉之平
さいのひら,齊之平
さいのぶ,齊信
さいのわき,幸脇
さいはた,才畑
さいはら,才原
さいはら,祭原
さいば,斎場
さいば,齋場
さいば,齊場
さいばら,才原
さいばら,西原
さいべ,齋部
さいま,斎間
さいま,斉間
さいまる,才丸
さいまる,西丸
さいみ,細美
さいみょう,西明
さいみょうじ,斎明寺
さいみょうじ,齋明寺
さいむ,宰務
さいむら,才村
さいめい,西明
さいめん,西面
さいも,才茂
さいもと,才本
さいもと,祭本
さいもと,斎本
さいもと,斉本
さいもと,税本
さいもと,齋本
さいもと,齊本
さいもり,齋森
さいもん,才門
さいやま,斎山
さいやま,齊山
さいらいじ,西来路
さいりき,才力
さいりょう,西良
さいれんじ,西連寺
さいわい,幸
さいわき,才脇
さうだ,左右田
さうら,佐浦
さえき,佐伯
さえき,冴木
さえき,三枝木
さえき,斉木
さえぐさ,三枝
さえだ,佐枝
さえだ,小枝
さえもんさぶろう,左衛門三郎
さえんま,佐縁馬
さお,竿尾
さお,佐尾
さお,左尾
さおか,佐岡
さおした,竿下
さおだ,竿田
さおとめ,五月女
さおとめ,早乙女
さおもと,竿本
さおり,佐織
さか,坂
さか,阪
さかい,栄
さかい,栄井
さかい,界
さかい,逆井
さかい,境
さかい,左海
さかい,左貝
さかい,坂井
さかい,阪井
さかい,阪居
さかい,堺
さかい,堺井
さかい,酒井
さかい,酒居
さかい,榮
さかい,榮井
さかいがき,堺垣
さかいざわ,境澤
さかいざわ,堺澤
さかいずみ,酒泉
さかいたに,堺谷
さかいだ,境田
さかいだ,坂井田
さかいだ,阪井田
さかいだ,堺田
さかいだ,酒井田
さかいだに,堺谷
さかいで,坂出
さかいの,境野
さかいの,堺野
さかいはら,境原
さかいばし,境橋
さかいばら,酒井原
さかいや,境家
さかいや,境谷
さかいや,堺屋
さかいや,堺谷
さかいり,坂入
さかいり,酒入
さかうえ,坂上
さかうえ,阪上
さかうえ,酒上
さかうし,坂牛
さかうち,坂内
さかえ,栄
さかえ,栄江
さかえ,坂江
さかえ,酒衛
さかえ,酒江
さかえ,榮
さかえた,栄田
さかえだ,栄枝
さかえだ,栄田
さかえだ,坂枝
さかえだ,酒枝
さかえだに,栄谷
さかえだに,榮谷
さかえはら,栄原
さかえはら,榮原
さかえばら,榮原
さかえべ,栄部
さかえむら,栄村
さかえや,栄屋
さかお,坂尾
さかお,阪尾
さかお,酒百
さかおか,坂岡
さかおく,坂奥
さかおり,酒折
さかがいと,坂垣内
さかがみ,坂上
さかがみ,坂神
さかがみ,阪上
さかがわ,坂川
さかがわ,阪川
さかき,坂喜
さかき,坂木
さかき,榊
さかきえだ,榊枝
さかきた,榊田
さかきたに,榊谷
さかきだ,榊田
さかきはら,榊原
さかきばら,榊原
さかきま,榊間
さかきもと,榊本
さかきもり,榊森
さかきや,榊谷
さかきやま,榊山
さかぎし,坂岸
さかくに,尺一
さかくら,坂倉
さかくら,阪倉
さかぐち,坂口
さかぐち,阪口
さかこし,坂越
さかごし,酒越
さかさい,逆井
さかさい,坂佐井
さかさい,坂斉
さかさい,坂齊
さかざき,坂崎
さかざき,坂嵜
さかざわ,坂澤
さかざわ,酒澤
さかし,酒師
さかした,坂下
さかした,阪下
さかしま,坂嶋
さかしょう,坂庄
さかじ,坂治
さかじ,坂地
さかじ,坂路
さかじょう,坂上
さかじり,坂尻
さかじり,阪尻
さかせ,坂瀬
さかせがわ,逆瀬川
さかせがわ,酒瀬川
さかた,佐方
さかた,坂田
さかた,阪田
さかた,酒多
さかた,酒田
さかたに,坂谷
さかたに,阪谷
さかたに,酒谷
さかたや,坂田屋
さかだに,坂谷
さかち,坂地
さかちょう,坂頂
さかつ,坂津
さかつぎ,坂次
さかつじ,阪辻
さかつめ,坂詰
さかつめ,坂爪
さかづめ,坂詰
さかづめ,坂爪
さかづめ,酒詰
さかて,坂手
さかと,坂戸
さかと,酒戸
さかとう,坂藤
さかとく,酒徳
さかとも,坂友
さかど,沙加戸
さかど,坂戸
さかなか,坂中
さかなか,阪中
さかなが,坂永
さかなが,阪長
さかなくら,肴倉
さかなし,坂梨
さかなば,肴場
さかなや,肴屋
さかにし,坂西
さかにし,阪西
さかにわ,坂庭
さかにわ,酒庭
さかぬし,坂主
さかね,坂根
さかね,坂禰
さかね,阪根
さかの,坂野
さかの,阪野
さかの,酒野
さかのい,坂之井
さかのうえ,坂ノ上
さかのうえ,坂上
さかのうえ,坂之上
さかのうえ,坂野上
さかのうえ,阪上
さかのした,坂之下
さかはし,坂橋
さかはら,坂原
さかはら,阪原
さかば,坂場
さかば,酒場
さかば,酒葉
さかばやし,坂林
さかばやし,酒林
さかひら,坂平
さかべ,坂部
さかべ,坂邊
さかべ,阪部
さかま,坂間
さかま,阪間
さかまき,坂巻
さかまき,坂蒔
さかまき,坂牧
さかまき,阪巻
さかまき,酒巻
さかまた,坂又
さかまつ,坂松
さかみ,坂見
さかみ,酒見
さかみず,坂水
さかみち,坂道
さかみつ,酒光
さかむら,坂村
さかむろ,坂室
さかもと,坂元
さかもと,坂本
さかもと,阪本
さかもと,酒本
さかもり,坂森
さかもり,阪森
さかもり,酒森
さかや,坂谷
さかや,阪谷
さかや,酒屋
さかや,昌谷
さかやうち,坂谷内
さかやなぎ,坂柳
さかやま,坂山
さかよけ,坂除
さかより,坂寄
さかより,坂従
さかより,酒寄
さかり,佐仮
さかり,佐假
さかり,十八女
さかりたに,盛谷
さかわ,坂輪
さかわ,坂和
さかわ,酒匂
さかわき,坂脇
さかわき,阪脇
さかん,佐官
さかん,目
さが,佐賀
さが,嵯峨
さが,相賀
さがい,寒河井
さがい,佐賀井
さがい,嵯峨井
さがえ,寒河江
さがえ,佐賀枝
さがさき,嵯峨崎
さがさき,相崎
さがざ,嵯峨座
さがた,佐潟
さがた,佐方
さがね,佐金
さがね,嵯峨根
さがね,坂根
さがね,相根
さがの,佐賀野
さがのい,嵯峨井
さがみ,佐上
さがみ,佐神
さがみ,相模
さがや,嵯峨谷
さがやま,佐賀山
さがやま,嵯峨山
さがら,佐柄
さがら,佐良
さがら,相楽
さがら,相良
さがら,相樂
さがりまつ,下り松
さがわ,寒川
さがわ,狭川
さがわ,佐川
さがん,目
さき,佐木
さき,崎
さきい,（崎の大が立）井
さきうら,崎浦
さきえき,（崎の大が立）浴
さきえき,崎浴
さきえだ,崎枝
さきお,崎尾
さきおか,崎岡
さきおか,嵜岡
さきかわ,咲川
さきかわ,崎川
さきかわ,先川
さきがみ,崎上
さきがわら,先川原
さきくぼ,崎久保
さきこやま,先小山
さきさか,向坂
さきさか,向阪
さきさか,匂坂
さきした,崎下
さきしま,崎島
さきすか,崎須賀
さきた,（崎の大が立）田
さきた,咲田
さきた,崎田
さきた,先田
さきたに,崎谷
さきだ,崎田
さきだ,先田
さきつき,先槻
さきづめ,崎詰
さきと,先砥
さきとう,前刀
さきな,先名
さきなか,崎中
さきなが,（崎の大が立）長
さきなが,崎長
さきなだ,先灘
さきにし,崎西
さきの,崎野
さきの,先野
さきはな,咲花
さきはま,崎浜
さきはま,崎濱
さきはま,先浜
さきはま,先濱
さきはら,崎原
さきはら,先原
さきひろ,崎廣
さきま,佐喜真
さきま,佐喜眞
さきま,咲間
さきま,崎間
さきま,先間
さきみち,崎道
さきむかい,崎向
さきむき,崎向
さきむら,咲村
さきむら,崎村
さきむら,嵜村
さきもと,（崎の大が立）元
さきもと,（崎の大が立）本
さきもと,咲本
さきもと,崎元
さきもと,崎本
さきもと,先本
さきもと,嵜元
さきもり,先森
さきや,崎谷
さきやま,（崎の大が立）山
さきやま,向山
さきやま,咲山
さきやま,崎山
さきやま,先山
さきやま,嵜山
さきゅう,佐久
さきょう,佐京
さきょう,左京
さぎ,鷺
さぎいけ,鷺池
さぎうち,鷺内
さぎおか,鷺岡
さぎかわ,鷺川
さぎさか,鷺坂
さぎさか,匂坂
さぎさか,匂阪
さぎさわ,鷺沢
さぎさわ,鷺澤
さぎしま,鷺島
さぎす,鷺巣
さぎたに,鷺谷
さぎの,鷺野
さぎのや,鷺谷
さぎのや,鷺野谷
さぎもと,鷺本
さぎもり,鷺森
さぎや,鷺谷
さく,魚躬
さく,佐久
さく,作
さく,朔
さく,柵
さくい,作井
さくえ,作江
さくがわ,佐久川
さくき,柵木
さくぎ,柵木
さくさ,佐草
さくさべ,作佐部
さくさべ,作左部
さくした,作下
さくしま,作嶋
さくた,佐久田
さくた,作田
さくだ,佐久田
さくだ,作田
さくどう,作道
さくない,作内
さくなみ,作並
さくの,作野
さくはな,咲花
さくはら,作原
さくばた,作畠
さくべ,作部
さくま,佐久間
さくま,佐熊
さくま,咲間
さくま,作間
さくま,作馬
さくみ,作見
さくみ,作美
さくみち,作道
さくみや,作宮
さくむら,作村
さくも,左雲
さくもと,佐久本
さくもと,作元
さくもと,作本
さくもり,作守
さくや,作屋
さくやま,佐久山
さくやま,作山
さくやま,柵山
さくよし,作吉
さくら,佐久良
さくら,佐倉
さくら,桜
さくら,櫻
さくらい,柵瀬
さくらい,桜井
さくらい,櫻井
さくらうち,桜打
さくらうち,桜内
さくらうち,櫻打
さくらうち,櫻内
さくらえ,桜栄
さくらおか,桜岡
さくらおか,櫻岡
さくらかわ,櫻川
さくらがわ,桜川
さくらがわ,櫻河
さくらがわ,櫻川
さくらきち,櫻吉
さくらぎ,桜木
さくらぎ,櫻木
さくらくぼ,桜久保
さくらざわ,桜沢
さくらざわ,桜澤
さくらざわ,櫻澤
さくらした,櫻下
さくらたに,桜谷
さくらたに,櫻谷
さくらだ,佐倉田
さくらだ,桜田
さくらだ,櫻田
さくらだに,櫻谷
さくらなが,櫻永
さくらね,桜根
さくらね,櫻根
さくらの,桜野
さくらの,櫻野
さくらはら,桜原
さくらば,桜場
さくらば,桜庭
さくらば,櫻庭
さくらばし,櫻橋
さくらばやし,桜林
さくらばやし,櫻林
さくらま,桜間
さくらま,櫻間
さくらまた,桜又
さくらまた,櫻又
さくらまち,桜町
さくらみ,桜美
さくらもと,桜本
さくらもと,櫻本
さくらや,桜谷
さくらや,櫻谷
さくらやしき,桜屋敷
さくらやま,桜山
さくわ,佐桑
さぐち,佐口
さぐち,左口
さけかわ,鮭川
さけかわ,酒川
さけなが,酒永
さけのべ,鮭延
さけみ,酒見
さけもと,酒元
さけもと,酒本
さげ,堤
さげ,提
さげしま,提嶋
さげど,下戸
さげはし,佐下橋
さげはし,提橋
さげはし,提箸
さこ,佐古
さこ,佐子
さこ,左古
さこ,左子
さこ,酒匂
さこ,迫
さこ,硲
さこ,峪
さこ,嶝
さこい,佐古井
さこい,迫井
さこう,佐光
さこう,佐向
さこう,佐孝
さこう,佐幸
さこう,佐甲
さこう,佐神
さこう,左向
さこう,酒向
さこう,酒生
さこう,酒匂
さこうり,佐郡
さこえ,迫江
さこおか,佐古岡
さこがいち,迫垣内
さこがしら,窄頭
さこがしら,迫頭
さこぐち,佐古口
さこぐち,迫口
さこぐち,硲口
さこぐち,峪口
さこぐち,嶝口
さこごし,迫越
さこし,佐越
さこた,廻田
さこた,佐古田
さこた,迫田
さこだ,（土へんに谷）田
さこだ,佐古田
さこだ,佐小田
さこだ,迫田
さこだ,硲田
さこの,迫野
さこはら,迫原
さこひら,迫平
さこまる,追丸
さこまる,迫丸
さこみず,迫水
さこむら,迫村
さこもと,迫本
さこもり,迫森
さこや,迫屋
さこん,佐近
さこん,佐紺
さこん,左近
さこんじ,左近司
さこんじゅ,左近允
さこんじゅう,左近允
さこんじゅう,左近充
さこんじょう,左近允
さこんだ,左近田
さご,佐護
さごう,佐郷
さごう,佐合
さごう,左合
ささ,楽々
ささ,佐々
ささ,左々
ささ,笹
ささい,佐々井
ささい,佐齊
ささい,笹井
ささい,篠井
ささいべ,雀部
ささうち,佐々内
ささうち,笹内
ささえ,佐々江
ささえ,笹江
ささお,佐々生
ささお,佐々尾
ささお,笹生
ささお,笹尾
ささお,篠尾
ささおか,佐々岡
ささおか,笹岡
ささおか,篠岡
ささおか,小砂丘
ささおき,篠置
ささか,佐坂
ささか,佐阪
ささか,笹香
ささかわ,笹川
ささがき,笹垣
ささがけ,笹掛
ささがさこ,笹ヶ迫
ささがた,笹形
ささがわ,佐々川
ささがわ,笹川
ささき,佐々城
ささき,佐々生
ささき,佐々木
ささき,佐佐木
ささき,沙々木
ささき,笹城
ささき,笹木
ささき,笹氣
ささき,鷦鷯
ささくぼ,笹久保
ささくま,笹隈
ささくら,佐々倉
ささくら,笹倉
ささくら,篠倉
ささぐち,笹口
ささぐり,笹栗
ささげ,捧
ささこ,笹古
ささこ,笹子
ささご,笹子
ささざき,笹崎
ささざわ,笹沢
ささざわ,笹澤
ささじ,笹治
ささじ,笹路
ささじま,佐々島
ささじま,笹島
ささじま,笹嶋
ささじま,篠島
ささせ,笹瀬
ささたけ,笹竹
ささたに,笹谷
ささだ,佐々田
ささだ,笹田
ささだて,笹館
ささだて,笹舘
ささつ,笹津
ささづ,笹津
ささづき,笹月
ささなみ,笹浪
ささぬき,笹貫
ささぬま,笹沼
ささね,笹根
ささの,佐々野
ささの,笹野
ささの,篠埜
ささの,篠野
ささのいけ,笹之池
ささはら,佐々原
ささはら,笹原
ささば,笹波
ささばやし,笹林
ささひら,笹平
ささふ,佐々布
ささぶち,笹淵
ささぶち,笹渕
ささべ,佐々部
ささべ,笹部
ささべ,笹辺
ささべ,笹邊
ささべ,笹邉
ささべ,雀部
ささま,笹間
ささまた,笹俣
ささまた,笹又
ささまつ,笹松
ささみち,笹路
ささむら,笹村
ささめ,笹目
ささめ,篠目
ささもと,佐々本
ささもと,笹本
ささもり,佐々森
ささもり,笹森
ささや,笹屋
ささや,笹谷
ささやま,佐々山
ささやま,笹山
ささやま,篠山
ささら,笹良
ささわき,笹脇
ささわたり,笹渡
さざ,左坐
さざい,佐斎
さざき,佐（崎の大が立）
さざき,佐崎
さざき,左嵜
さざなみ,佐々波
さざなみ,小波
さざなみ,漣
さざらし,九石
さざわ,佐沢
さざわ,佐澤
さざんか,三々賀
さしお,指尾
さしか,佐鹿
さしかた,指方
さしかわ,指川
さしがくぼ,差ケ久保
さしがくぼ,差ヶ久保
さしき,佐敷
さしきの,桟敷野
さしくぼ,差久保
さしさき,指崎
さしだ,佐志田
さしだ,佐次田
さしだ,指田
さしで,指出
さしなか,指中
さしなみ,差波
さしの,指野
さしはら,指原
さしま,幸島
さしま,佐島
さしま,差間
さしやま,指山
さしょう,佐粧
さしょう,佐生
さじ,佐次
さじ,佐治
さじ,佐地
さじ,左路
さじか,佐鹿
さじき,佐二木
さじき,佐舗
さじき,左治木
さじき,左直
さじき,棧敷
さじきはら,桟原
さじきばら,桟原
さじた,佐次田
さじだ,佐次田
さじま,佐島
さじま,佐嶋
さじもと,佐次本
さじょう,嵯城
さすが,貴家
さすが,刺賀
さすが,流石
さすみ,佐須見
させ,佐瀬
させべ,佐瀬部
さぜ,佐瀬
さぜん,佐善
さそう,佐々布
さそう,佐宗
さそう,佐生
さそう,佐双
さそう,佐相
さそう,佐草
さそう,砂生
さそう,笹生
さそう,三倉
さそう,哘
さそざき,哘崎
さそり,佐曽利
さた,佐多
さた,佐田
さたか,佐高
さたか,佐多賀
さたか,左高
さたけ,佐竹
さたけ,佐武
さたて,佐立
さたに,佐谷
さだ,佐田
さだ,貞
さだい,定井
さだい,定居
さだいけ,定池
さだおか,貞岡
さだおか,定岡
さだか,左高
さだかた,貞方
さだかた,定方
さだかね,貞金
さだかね,貞兼
さだかね,貞包
さだかね,定金
さだかね,定兼
さだかり,貞刈
さだかり,貞苅
さだかわ,貞川
さだき,定木
さだき,定来
さだきょう,定京
さだくに,佐田國
さだじま,貞島
さだすえ,貞末
さだずみ,定住
さだた,定田
さだたに,貞谷
さだち,佐達
さだち,佐立
さだち,左達
さだつき,定月
さだつね,定常
さだて,佐立
さだて,左舘
さだとう,定藤
さだとく,貞徳
さだとし,貞利
さだとみ,佐田富
さだとも,貞友
さだなお,定直
さだなか,貞中
さだなが,貞永
さだなが,定永
さだなみ,定浪
さだなり,定成
さだの,貞野
さだの,定野
さだのぶ,定延
さだのぶ,定信
さだひさ,貞久
さだひら,貞平
さだひら,定平
さだひろ,貞広
さだひろ,貞弘
さだひろ,貞廣
さだひろ,定廣
さだまさ,定政
さだます,貞升
さだまつ,貞松
さだまつ,定松
さだみず,定水
さだみち,定道
さだみつ,貞光
さだむね,貞宗
さだむら,定村
さだもと,佐田元
さだもと,貞本
さだもと,定本
さだもり,貞森
さだもり,定森
さだもり,定盛
さだやす,貞安
さだやま,貞山
さだゆき,定行
さだよし,貞好
さだよし,定好
さち,佐地
さぢ,佐治
さぢ,佐地
さっか,粟冠
さっか,眼目
さっか,栗冠
さっか,作花
さっか,属
さっか,目
さっさ,佐々
さっさ,佐佐
さっさ,左雨
さっさ,早雨
さっさの,颯々野
さった,薩（土へんに垂）
さった,薩田
さった,颯田
さっぱ,颯波
さっぴない,薩日内
さつ,薩
さつか,佐塚
さつか,属
さつかわ,佐津川
さつかわ,薩川
さつき,薩木
さつき,皐
さつき,皐月
さつた,薩田
さつたに,札谷
さつたに,薩谷
さつま,薩摩
さつまえ,左津前
さつまばやし,薩摩林
さつみ,薩美
さづか,佐（土へんに冢）
さづか,佐塚
さて,左手
さと,佐登
さと,里
さとい,佐戸井
さとい,里井
さといし,里石
さとう,佐東
さとう,佐等
さとう,佐藤
さとう,左東
さとう,左藤
さとうち,里内
さとお,里雄
さとおか,里岡
さとかた,里方
さとがた,里形
さとがみ,里上
さとがみ,里神
さとぎ,里木
さとぐち,里口
さとこ,里子
さとさき,里崎
さとざき,里崎
さとじ,里地
さとだ,里田
さとだて,里舘
さとなか,里中
さとなが,里永
さとにし,里西
さとね,佐藤根
さとの,里野
さとひさ,郷久
さとひら,里平
さとふか,里深
さとま,里麻
さとみ,里見
さとみ,里美
さとむら,里村
さとも,里茂
さともと,里本
さともり,里森
さとや,里谷
さとやま,里山
さとよし,里（吉の士が土）
さとよし,里吉
さとり,佐取
さとり,佐鳥
さとわ,里和
さとわき,里脇
さど,佐渡
さど,佐土
さどい,佐土井
さどう,佐道
さどしま,佐渡島
さどしま,佐渡嶋
さどせ,佐土瀬
さどとも,佐渡友
さどね,佐土根
さどはら,佐土原
さどむら,佐土村
さどもと,佐渡本
さどや,佐渡谷
さどやま,佐渡山
さな,真
さな,眞
さない,佐内
さない,真井
さない,眞井
さなえ,早苗
さなお,真尾
さなか,佐中
さなか,佐仲
さなが,佐長
さながわ,真川
さなぎ,佐薙
さなぎ,佐名木
さなぎ,佐柳
さなぎ,佐栁
さなぎ,真木
さなざわ,真澤
さなだ,佐名田
さなだ,左奈田
さなだ,真田
さなだ,眞田
さなべ,佐邉
さなみ,佐楢見
さなみ,佐南
さなみ,佐波
さなり,佐成
さぬい,讃井
さぬか,佐怒賀
さぬが,佐怒賀
さぬき,佐貫
さぬき,佐抜
さぬき,左貫
さぬき,讃岐
さねいし,実石
さねおか,実岡
さねかた,実方
さねかた,實方
さねかね,実兼
さねざわ,實澤
さねしげ,実重
さねしげ,實重
さねしま,実島
さねだ,實田
さねちか,実近
さねひら,実平
さねふじ,実藤
さねふじ,實藤
さねまさ,実政
さねまさ,實政
さねます,実升
さねまつ,実松
さねまつ,實松
さねみつ,実光
さねみつ,真光
さねみつ,實光
さねもと,実本
さねよし,実吉
さねよし,実好
さねよし,實吉
さねよし,實好
さの,佐野
さの,茶野
さのい,佐之井
さのう,佐納
さのう,左納
さのがわや,佐野川谷
さのがわや,佐野川野
さのき,佐ノ木
さのせ,佐之瀬
さのま,佐野間
さのむら,佐野村
さはし,猿橋
さはし,佐橋
さはせ,佐長谷
さはら,佐原
さば,佐羽
さば,佐波
さばえ,鯖江
さばお,佐羽尾
さばせ,佐橋
さばた,鯖田
さばと,鯖戸
さばない,佐羽内
さひら,佐平
さひろ,佐広
さび,佐飛
さび,佐毘
さび,左尾
さぶ,左部
さぶり,佐部利
さぶり,佐分
さぶり,佐分利
さぶろうまる,三郎丸
さへき,佐伯
さべ,佐部
さべ,佐邊
さべっとう,佐別当
さほ,佐保
さほい,佐保井
さほだ,佐保田
さほやま,佐保山
さまき,佐巻
さまき,左巻
さまた,佐復
さまた,佐俣
さまだ,佐間田
さまつ,佐松
さまる,佐丸
さみ,佐味
さみず,三水
さみそう,佐美三
さみぞ,佐溝
さみぞ,三溝
さみぞう,佐美三
さみつ,左光
さみなみ,差波
さむかぜ,寒風
さむかわ,寒川
さむざわ,寒沢
さむた,佐無田
さむた,佐牟田
さむら,佐村
さむら,茶村
さむらき,佐村木
さむらごうち,佐村河内
さむろ,佐室
さめざわ,鮫沢
さめざわ,鮫澤
さめしま,鮫島
さめじま,鮫島
さもと,佐本
さや,佐谷
さやし,鞘師
さやなぎ,佐柳
さやの,佐谷野
さやの,鞘野
さやま,狭山
さやま,佐山
さやま,左山
さやま,茶山
さやもと,鞘本
さゆう,左右
さゆうだ,左右田
さよう,佐用
さらい,井
さらい,更井
さらい,佐来
さらい,皿井
さらいえ,更家
さらえ,更ヱ
さらがい,皿海
さらき,皿木
さらさわ,皿沢
さらし,晒
さらしな,更科
さらしな,更級
さらしな,晒科
さらしな,晒名
さらしや,晒屋
さらしや,晒谷
さらた,皿田
さらたに,更谷
さらたに,皿谷
さらだ,皿田
さらや,更家
さらや,皿谷
さらやま,更山
さり,左利
さるい,猿井
さるかい,猿飼
さるかわ,猿川
さるがく,猿楽
さるき,猿木
さるくら,猿倉
さるこ,猿子
さるさわ,猿沢
さるた,猿田
さるたに,猿谷
さるだて,猿舘
さるはし,猿橋
さるはし,申橋
さるばん,猿喰
さるぼう,猿棒
さるみだ,猿見田
さるや,猿谷
さるやま,猿山
さるわたり,猿渡
さわ,佐和
さわ,沢
さわ,澤
さわあい,澤合
さわい,沢井
さわい,沢居
さわい,澤井
さわい,澤居
さわい,澤飯
さわいし,沢石
さわいし,澤石
さわいずみ,沢泉
さわいずみ,澤泉
さわいり,沢入
さわいり,澤入
さわうち,沢内
さわうち,澤内
さわうみ,澤海
さわうら,澤浦
さわえ,沢江
さわえ,澤永
さわえ,澤江
さわえい,澤栄
さわおか,澤岡
さわかわ,澤川
さわがき,澤柿
さわがしら,沢頭
さわがしら,澤頭
さわがた,澤潟
さわがみ,澤上
さわき,佐脇
さわき,沢城
さわき,沢木
さわき,澤木
さわくま,澤熊
さわぐち,沢口
さわぐち,澤口
さわぐり,澤栗
さわけ,佐分
さわこし,沢越
さわこし,澤越
さわさ,澤佐
さわさき,沢崎
さわさき,澤崎
さわさと,沢里
さわさと,澤里
さわざき,沢（崎の大が立）
さわざき,沢崎
さわざき,澤崎
さわざと,沢里
さわした,沢下
さわした,澤下
さわしま,沢島
さわしま,澤島
さわしま,澤嶋
さわじ,沢路
さわじ,澤地
さわじ,澤路
さわじり,沢尻
さわじり,澤尻
さわずみ,沢住
さわせ,沢瀬
さわせ,澤瀬
さわた,澤田
さわたいし,澤田石
さわたけ,澤武
さわたに,沢谷
さわたに,澤谷
さわたり,猿渡
さわたり,去渡
さわたり,佐渡
さわたり,砂渡
さわたり,沢渡
さわたり,澤渡
さわだ,佐和田
さわだ,沢田
さわだ,澤田
さわだいし,沢田石
さわだいし,澤田石
さわだて,沢舘
さわち,澤知
さわち,澤地
さわちか,澤近
さわぢ,澤地
さわつ,沢津
さわつ,澤津
さわつばし,沢津橋
さわつばし,澤津橋
さわと,沢登
さわと,澤登
さわど,沢渡
さわど,澤戸
さわど,澤渡
さわなか,沢中
さわなか,澤中
さわなべ,沢辺
さわにし,澤西
さわね,澤根
さわの,沢野
さわの,澤野
さわのい,沢ノ井
さわのい,澤ノ井
さわのい,澤野井
さわのぼり,沢登
さわのぼり,澤登
さわのむかい,澤之向
さわはし,澤橋
さわはた,沢幡
さわはた,沢畠
さわはた,澤端
さわはた,澤幡
さわはた,澤畠
さわはら,沢原
さわふじ,沢藤
さわふじ,澤藤
さわぶ,沢武
さわぶ,澤武
さわべ,沢部
さわべ,沢辺
さわべ,澤部
さわべ,澤辺
さわべ,澤邊
さわべ,澤邉
さわま,沢間
さわま,澤間
さわまつ,沢松
さわみ,澤見
さわみず,沢水
さわむかい,沢向
さわむかい,澤向
さわむら,沢村
さわむら,沢邑
さわむら,澤村
さわめ,沢目
さわめ,澤目
さわもと,沢本
さわもと,澤本
さわや,沢谷
さわや,沢矢
さわや,澤屋
さわや,澤谷
さわやしき,澤屋敷
さわやす,沢安
さわやなぎ,沢柳
さわやなぎ,澤柳
さわやま,沢山
さわやま,澤山
さわら,佐原
さわら,讃良
さわらぎ,沢良木
さわらぎ,椹木
さわらめ,鰆目
さわわき,澤脇
さん,参
さんおう,三王
さんおう,山王
さんか,三箇
さんかい,山海
さんかわ,三川
さんが,三加
さんが,三箇
さんが,三賀
さんが,三個
さんがい,三階
さんがわ,寒川
さんき,三木
さんぐう,三宮
さんけ,三家
さんげん,三軒
さんこ,三古
さんこうじ,三光寺
さんこだ,三小田
さんご,三五
さんご,山後
さんご,珊瑚
さんごう,三郷
さんごう,山郷
さんさか,三坂
さんし,三四
さんじ,三治
さんじき,桟敷
さんじょう,三上
さんじょう,三城
さんじょう,三条
さんじょう,三條
さんじょう,山上
さんじょう,山条
さんせ,三瀬
さんぜん,三仙
さんた,三田
さんたか,三（はしご高）
さんたん,三反
さんたんぞの,三反園
さんたんだ,三反田
さんだ,三田
さんだいじ,三大寺
さんだん,三反
さんだん,山段
さんちょうめ,三丁目
さんと,三戸
さんと,三登
さんとう,三登
さんとう,三東
さんとう,山東
さんとう,山藤
さんとき,三時
さんとみ,三富
さんど,三戸
さんどう,三道
さんどう,山東
さんどう,山洞
さんどう,山銅
さんなべ,参鍋
さんなみ,三波
さんなみ,三浪
さんの,三野
さんのう,三納
さんのう,参納
さんのう,山王
さんのう,山納
さんのうまる,山王丸
さんのと,三ノ戸
さんのへ,三戸
さんのみや,三ノ宮
さんのみや,三宮
さんのみや,三野宮
さんばい,三杯
さんばい,三盃
さんばやし,三林
さんぱ,三羽
さんびゃくがり,三百刈
さんぶ,三部
さんぶいち,三分一
さんぶいち,三歩一
さんぶいっしょ,三分一所
さんべ,三瓶
さんべ,三部
さんべ,三辺
さんべ,三邊
さんぺい,三瓶
さんぺい,三幣
さんぺい,三平
さんぼう,三寶
さんぼんぎ,三本木
さんぼんすが,三本菅
さんぼんすげ,三本菅
さんぼんちく,三本竹
さんぼんまつ,三本松
さんぽ,山保
さんま,三摩
さんまいどう,三枚堂
さんみ,三見
さんみ,三美
さんみ,三味
さんみや,三宮
さんみょう,三妙
さんもと,産本
さんもり,三森
さんもんじ,三文字
さんや,三屋
さんようし,算用子
さんわ,三輪
ざいか,在家
ざいかわ,在川
ざいき,材木
ざいき,財城
ざいき,財木
ざいき,戝木
ざいけ,在家
ざいけ,財家
ざいこくじ,在国寺
ざいしょ,在所
ざいぜん,財前
ざいつ,在津
ざいつ,財津
ざいとう,財頭
ざいま,在間
ざいま,財間
ざいま,財満
ざいめ,財目
ざいもく,材木
ざいもくや,材木屋
ざいもくや,材木谷
ざいもと,材本
ざおや,座親
ざが,坐臥
ざき,座木
ざきみ,座喜味
ざこ,雑古
ざこう,雑喉
ざこう,雜喉
ざこうじ,（座の人が口と又）光寺
ざこうじ,座光寺
ざこたに,雑喉谷
ざこだ,座小田
ざしぼ,座主坊
ざしぼう,座主坊
ざしゅぼう,座主坊
ざす,座主
ざは,座波
ざま,（坐の左上の人が口）間
ざま,（座の左の人が口）間
ざま,座間
ざまみ,座間味
ざもと,座本
ざやす,座安
ざんま,座馬
ざんま,三間
ざんま,残間
しあ,四阿
しあい,仕合
しあき,塩飽
しあく,塩飽
しい,四位
しい,四夷
しい,四井
しい,志位
しい,志井
しい,推井
しい,椎
しいい,椎井
しいお,椎尾
しいかい,椎貝
しいかわ,椎川
しいき,椎木
しいぎ,椎木
しいく,椎久
しいくま,椎熊
しいざき,椎崎
しいだ,椎田
しいち,私市
しいつ,椎津
しいづ,椎津
しいづか,椎塚
しいな,椎奈
しいな,椎名
しいね,椎根
しいの,椎野
しいのき,椎木
しいはし,椎橋
しいはら,椎原
しいば,椎場
しいば,椎葉
しいばし,椎橋
しいばら,椎原
しいもり,椎森
しいや,椎屋
しいや,椎谷
しいやま,椎山
しうち,須知
しうら,志浦
しうん,紫雲
しえん,枝園
しお,塩
しお,子浦
しお,志尾
しおあき,塩飽
しおい,塩井
しおいり,塩入
しおいり,汐入
しおうてん,四王天
しおうでん,四王天
しおうめ,塩梅
しおうら,塩浦
しおえ,塩江
しおえ,潮江
しおおか,塩岡
しおかい,塩加井
しおかり,塩苅
しおかわ,塩川
しおかわ,汐川
しおが,塩賀
しおがい,塩貝
しおがま,塩竃
しおがま,塩釜
しおくら,塩倉
しおぐち,汐口
しおこし,塩越
しおご,汐後
しおさか,塩坂
しおさき,塩崎
しおさき,塩嵜
しおさと,塩郷
しおざき,塩（崎の大が立）
しおざき,塩崎
しおざき,汐（崎の大が立）
しおざき,汐崎
しおざき,潮崎
しおざわ,塩沢
しおざわ,塩澤
しおざわ,汐沢
しおじ,塩士
しおじ,塩地
しおじ,塩路
しおじま,塩島
しおじり,塩尻
しおずみ,塩住
しおずる,塩水流
しおせ,塩瀬
しおせ,潮瀬
しおた,塩多
しおた,塩田
しおた,汐田
しおた,潮多
しおた,潮田
しおたに,塩谷
しおたに,汐谷
しおたに,潮谷
しおだ,塩多
しおだ,塩田
しおち,塩地
しおつ,塩津
しおつ,塩澤
しおつ,潮津
しおつか,塩（土へんに冢）
しおつか,塩塚
しおつき,塩月
しおつき,塩付
しおつぐ,塩次
しおつぼ,塩坪
しおづ,塩津
しおづか,塩塚
しおで,塩出
しおなか,塩中
しおなり,塩成
しおにゅう,塩生
しおぬま,塩沼
しおねり,塩練
しおの,塩生
しおの,塩野
しおの,志生野
しおの,鹽野
しおのいり,塩之入
しおのいり,塩野入
しおのざき,塩野崎
しおのめ,塩野目
しおのや,塩ノ谷
しおのや,塩谷
しおのや,塩之谷
しおのや,塩野谷
しおはた,塩旗
しおはた,塩幡
しおはた,塩畑
しおはま,塩浜
しおはま,塩濱
しおはら,塩原
しおばら,塩原
しおひら,潮平
しおみ,塩見
しおみ,塩味
しおみ,汐見
しおみ,潮海
しおみ,潮見
しおみち,塩道
しおみつ,塩満
しおみつ,汐満
しおむき,塩向
しおむら,塩村
しおもと,塩本
しおもり,塩森
しおもり,塩盛
しおや,塩屋
しおや,塩谷
しおや,塩矢
しおや,潮屋
しおやす,塩保
しおやその,塩屋園
しおやぞの,塩谷園
しおやま,塩山
しか,志鹿
しかい,四家井
しかい,鹿井
しかうち,鹿内
しかうみ,鹿海
しかうら,鹿浦
しかえ,鹿江
しかがわ,鹿川
しかき,志柿
しかく,四角
しかくめ,四角目
しかくら,鹿倉
しかこぎ,鹿子木
しかご,鹿子
しかしょ,四ケ所
しかしょ,四ヶ所
しかぜ,志風
しかぞの,鹿園
しかた,四方
しかた,志形
しかた,志方
しかた,鹿多
しかた,鹿田
しかたに,鹿谷
しかだ,鹿田
しかと,鹿戸
しかど,鹿戸
しかない,鹿内
しかなべ,鹿鍋
しかぬき,鹿貫
しかの,鹿野
しかはま,鹿浜
しかはま,鹿濱
しかま,四竃
しかま,四釜
しかま,四窯
しかま,四竈
しかま,志釜
しかま,志鎌
しかま,鹿間
しかま,鹿摩
しかま,飾磨
しかま,色摩
しかまた,鹿股
しかみ,爾見
しかみ,鹿見
しかむら,鹿村
しかや,四日谷
しかん,鹿肝
しかんじ,志観寺
しが,四家
しが,志賀
しが,滋賀
しがうら,志賀浦
しがき,志垣
しがき,志柿
しがき,紫垣
しがたに,志賀谷
しがの,志賀野
しがまつ,志賀松
しがらき,信楽
しき,志岐
しき,志気
しき,氏木
しき,式
しき,鋪
しきい,敷井
しきうち,志岐内
しきしま,敷島
しきしま,敷嶋
しきしょう,式庄
しきじ,式地
しきじ,敷地
しきた,式田
しきた,敷田
しきだ,式田
しきだ,敷田
しきだ,鋪田
しきち,式地
しきち,敷地
しきな,識名
しきなみ,敷波
しきなみ,敷浪
しきぶ,式部
しきまち,式町
しきみ,式見
しきみ,食見
しきもと,敷本
しきもり,式守
しきもり,飾森
しきや,志喜屋
しきや,鋪屋
しぎ,志儀
しぎ,鴫
しぎ,信貴
しぎた,鴫田
しぎたに,鴫谷
しぎの,鴫野
しぎはら,鴫原
しぎやま,鴫山
しぎょう,執行
しく,志久
しく,珠玖
しくなみ,宿波
しくま,志熊
しくら,四蔵
しくら,志倉
しくわ,宿輪
しぐち,司口
しぐろ,仕黒
しけ,四家
しけんちょう,四間丁
しけんばる,志堅原
しけんや,四軒家
しげ,重
しげ,繁
しげい,滋井
しげい,重井
しげい,繁井
しげいし,重石
しげいずみ,重泉
しげいずみ,茂泉
しげうら,重浦
しげえ,重江
しげえだ,重枝
しげお,茂尾
しげおか,重岡
しげおか,繁岡
しげおか,茂岡
しげおみ,重臣
しげかね,重兼
しげかわ,重川
しげかわ,茂川
しげき,重木
しげきよ,重清
しげくに,重國
しげくら,重倉
しげくら,茂倉
しげさこ,重迫
しげさだ,重定
しげさだ,繁定
しげさと,重里
しげさわ,滋澤
しげさわ,繁澤
しげざわ,繁澤
しげしま,重嶋
しげすえ,重末
しげすえ,茂末
しげずみ,重住
しげた,重田
しげた,繁田
しげた,茂田
しげたか,重（はしご高）
しげたか,重高
しげたに,重谷
しげち,茂地
しげちか,重近
しげつぐ,重次
しげつら,重面
しげと,茂渡
しげとう,重藤
しげとう,重頭
しげとう,重籐
しげとし,重歳
しげとみ,重富
しげとみ,重冨
しげとめ,重留
しげとも,重共
しげない,茂内
しげなか,茂中
しげなが,重永
しげなが,重長
しげなが,繁永
しげなが,茂永
しげなり,重成
しげなり,繁成
しげにわ,茂庭
しげね,重根
しげの,滋埜
しげの,滋野
しげの,重野
しげの,盛野
しげの,繁野
しげの,茂野
しげのぶ,重信
しげのぶ,繁信
しげのや,繁野谷
しげはた,繁畑
しげはら,重原
しげはら,繁原
しげはら,茂原
しげひさ,重久
しげひら,重平
しげひろ,重広
しげひろ,重弘
しげひろ,重廣
しげふく,重福
しげふさ,重房
しげふじ,重藤
しげふじ,茂藤
しげふち,重渕
しげまさ,重政
しげまさ,繁政
しげます,繁桝
しげまつ,重松
しげまつ,繁松
しげまる,重丸
しげみ,重見
しげみ,重実
しげみ,茂見
しげみず,重水
しげみち,重道
しげみつ,重光
しげみつ,重満
しげみつ,繁光
しげみや,繁宮
しげむね,重宗
しげむら,重村
しげむら,繁村
しげむら,茂村
しげもと,重元
しげもと,重本
しげもと,繁本
しげもと,茂本
しげもり,薫森
しげもり,重森
しげもり,重盛
しげもり,繁森
しげもり,茂森
しげやす,重安
しげやす,重康
しげやま,重山
しげやま,茂山
しげやま,茂林
しげよし,重（吉の士が土）
しげよし,重吉
しげり,茂里
しげる,茂
しこ,仕子
しこう,仕幸
しこう,志幸
しこだ,志子田
しごう,紫合
しごく,至極
しさ,志佐
しさわ,宍粟
しざき,指崎
しざわ,始沢
しざわ,始澤
しざわ,志沢
しざわ,志澤
しし,獅子
ししうち,獅子内
ししうち,鹿討
ししうち,猪内
ししおう,獅子王
ししか,師子鹿
ししかど,師子角
ししが,獅々賀
ししくい,鹿喰
ししくら,宍倉
ししくら,猊倉
ししずか,宍塚
ししだ,志々田
ししと,宍戸
ししど,宍戸
ししどう,獅子堂
ししない,獅子内
ししの,獅子野
ししの,獅野
ししはた,獅畑
ししはら,獅々原
ししはら,獅子原
ししば,紫芝
ししべ,猪部
ししぼり,獅々堀
ししま,四島
ししめ,志々目
ししめ,獅子目
ししもと,四至本
ししもと,獅々友
ししやま,獅山
しじ,志治
しじ,志道
しじき,志自岐
しじま,四十万
しじまや,四十萬谷
しじゅうく,四十九
しじゅうぼう,四十坊
しじょう,司城
しじょう,四條
しず,志津
しずい,静井
しずか,閑
しずか,静
しずか,靜
しずかわ,静川
しずがみ,清水上
しずき,志築
しずき,静木
しずく,雫
しずくいし,雫石
しずた,静田
しずたに,静谷
しずなが,静永
しずの,閑野
しずの,静野
しずま,志津間
しずま,静間
しずま,靜間
しずめ,鎮目
しずめ,鎭目
しずや,静谷
しずや,靜谷
しせき,司跡
しせき,四関
しせき,始関
しせき,志関
しせき,紫関
しそじ,二十二
した,下
した,志多
した,信田
したおこし,下起
したか,志鷹
したかた,下方
したがき,下垣
したき,志多木
したく,四宅
したくぼ,下久保
したくも,下雲
したこうじ,下小路
したさか,下坂
したさこ,下迫
したざき,舌崎
したしおみ,下塩見
したしみず,下清水
したすえ,下末
しただに,下谷
したなか,下中
したに,志谷
したにい,下二井
したにし,下西
したの,舌野
したはく,志多伯
したはら,下原
したば,下羽
したぼう,下坊
したま,舌間
したみ,下見
したみ,志民
したむかい,下向
したむら,下タ村
したもと,下本
したもり,下森
したやすんば,下休場
したら,設楽
したら,設樂
したん,四丹
したん,士反
したんだ,四反田
しだ,志太
しだ,志田
しだ,至田
しだ,信太
しだ,信田
しだい,司代
しだお,志田尾
しだお,歯朶尾
しだか,志鷹
しだち,志立
しだつ,志達
しだに,四谷
しだはら,志田原
しだはら,歯朶原
しだま,師玉
しだら,設楽
しだら,設樂
しだわら,志俵
しち,志知
しち,志智
しちかしょ,七ヶ所
しちく,志築
しちく,紫竹
しちくろ,七黒
しちけん,七間
しちざ,七座
しちしま,七島
しちじ,七字
しちじょう,七丈
しちじょう,七条
しちじょう,七條
しちた,七田
しちたか,七高
しちたに,七谷
しちだ,七田
しちどう,七堂
しちの,七野
しちのへ,七戸
しちのみや,七宮
しちひょう,七俵
しちみ,七味
しちやまたに,七山谷
しちり,七里
しちろ,七呂
しったか,尻高
しっぽう,七寳
しつかわ,漆川
しつだ,志津田
しつもと,室本
しつろか,城塚
しづ,志津
しづか,志（土へんに冢）
しづき,志築
しづき,志筑
しづた,志津田
しづの,志津野
しづり,志津里
して,志手
しで,志手
しでい,四手井
しではら,幣原
しと,志戸
しとう,司東
しとう,市東
しとう,志藤
しとう,紫桃
しとう,紫藤
しとお,志藤
しとぎでん,粢田
しとざわ,志渡沢
しとと,一青
しとま,志苫
しとみ,蔀
しともと,志戸本
しとり,委文
しとり,倭文
しど,志渡
しど,志度
しどう,志藤
しどう,志道
しどう,紫藤
しどうじ,四童子
しどうじ,志藤寺
しどうじ,志堂寺
しどみ,蔀
しどもと,志戸本
しどり,志鳥
しな,階
しな,四七
しなおか,品岡
しながわ,品川
しなき,品木
しなしはま,尻無浜
しなじ,品治
しなじ,品地
しなすえ,品末
しなずがわ,不死川
しなたけ,品竹
しなたに,品谷
しなだ,信田
しなだ,品田
しなだま,品玉
しなと,階戸
しなの,科埜
しなの,科野
しなの,仕名野
しなの,信濃
しなの,品野
しなはら,品原
しなべ,品部
しなやま,品山
しねは,標葉
しの,志埜
しの,志野
しの,紫野
しの,篠
しの,小竹
しのあき,東明
しのうら,篠浦
しのえ,篠江
しのおか,篠岡
しのおか,筱岡
しのかわ,篠川
しのがや,篠ヶ谷
しのき,篠木
しのきた,篠北
しのぎ,志野木
しのぎ,篠木
しのぎ,凌
しのくぼ,忍久保
しのくま,篠隈
しのぐち,篠口
しのさき,篠崎
しのざき,篠（崎の大が立）
しのざき,篠崎
しのざき,信崎
しのざき,筱嵜
しのざわ,篠沢
しのざわ,篠澤
しのじま,篠島
しのじま,篠嶋
しのずか,篠塚
しのせ,篠瀬
しのたけ,篠竹
しのだ,篠田
しのだ,信多
しのだ,信田
しのだ,筱田
しのつか,篠（土へんに冢）
しのつか,篠塚
しのづか,士濃塚
しのづか,篠（土へんに冢）
しのづか,篠塚
しのとう,篠遠
しのとう,篠藤
しのとお,篠遠
しのなが,篠永
しののめ,東雲
しのは,篠葉
しのはた,篠畑
しのはな,篠花
しのはら,四ノ原
しのはら,志濃原
しのはら,志野原
しのはら,篠原
しのひら,篠平
しのふじ,篠藤
しのぶ,信夫
しのぶ,忍
しのへ,四戸
しのべ,篠部
しのべ,篠辺
しのぼり,四登
しのまる,篠丸
しのみ,篠見
しのみや,四ノ宮
しのみや,四宮
しのみや,四之宮
しのみや,四野宮
しのみや,篠宮
しのみや,信宮
しのむら,篠村
しのもと,篠本
しのもり,篠森
しのやま,篠山
しは,志波
しはら,志原
しば,司馬
しば,志場
しば,志波
しば,斯波
しば,紫葉
しば,柴
しば,芝
しば,清波
しばい,芝井
しばいけ,芝池
しばいり,芝入
しばうち,柴内
しばうち,芝内
しばお,柴生
しばお,柴尾
しばお,芝尾
しばおか,柴岡
しばおか,芝岡
しばおく,柴奥
しばかみ,芝上
しばかわ,柴川
しばかわ,芝川
しばがき,柴垣
しばがき,芝垣
しばがや,柴ヶ谷
しばき,柴木
しばき,芝木
しばきり,柴切
しばくさ,柴草
しばくさ,芝草
しばくち,芝口
しばくら,柴倉
しばぐち,柴口
しばぐち,芝口
しばこ,柴戸
しばこうじ,芝小路
しばこや,柴小屋
しばさか,柴坂
しばさき,柴（崎の大が立）
しばさき,柴崎
しばさき,柴嵜
しばさき,芝（崎の大が立）
しばさき,芝崎
しばざき,柴崎
しばじ,芝地
しばせ,芝勢
しばた,柴多
しばた,柴田
しばた,芝田
しばた,芝波田
しばた,新発田
しばたて,柴立
しばたに,柴谷
しばち,芝地
しばつじ,柴辻
しばつじ,芝辻
しばつち,柴土
しばづか,柴塚
しばづか,芝塚
しばと,柴戸
しばない,柴内
しばぬし,柴主
しばぬま,柴沼
しばぬま,芝沼
しばの,柴野
しばの,芝野
しばのき,芝軒
しばはし,柴橋
しばはた,芝端
しばはら,柴原
しばはら,芝原
しばふじ,芝藤
しばぶき,芝吹
しばぶち,柴渕
しばま,芝間
しばみや,柴宮
しばみや,芝宮
しばむら,柴村
しばむら,芝村
しばもと,柴本
しばもと,芝本
しばもり,柴森
しばや,柴谷
しばやなぎ,柴柳
しばやま,柴山
しばやま,芝山
しばよし,芝好
しばわか,柴若
しびた,紫尾田
しぶ,澁
しぶい,渋井
しぶいち,四分一
しぶいち,四歩一
しぶいち,渋市
しぶえ,渋江
しぶえ,澁江
しぶかわ,渋川
しぶかわ,澁川
しぶき,渋木
しぶき,澁木
しぶくら,渋倉
しぶぐち,渋口
しぶさ,渋佐
しぶさわ,渋沢
しぶさわ,渋澤
しぶさわ,澁澤
しぶた,渋田
しぶたに,渋谷
しぶたに,澁谷
しぶたり,渋垂
しぶの,渋野
しぶや,志部谷
しぶや,渋屋
しぶや,渋谷
しぶや,澁谷
しぶやま,渋山
しほ,四方
しほ,志保
しほ,志甫
しほい,志保井
しほいり,志保入
しほう,四方
しほうどう,四方堂
しほた,志保田
しほんぎ,四本木
しぼい,志保井
しぼう,芝生
しぼうた,柴生田
しぼさわ,萎沢
しぼさわ,萎澤
しぼさわ,志保澤
しま,志間
しま,志真
しま,志摩
しま,志磨
しま,志麻
しま,志麿
しま,志満
しま,島
しま,嶋
しま,嶌
しまい,島井
しまいえ,嶋家
しまいし,島石
しまうち,島内
しまうち,嶋内
しまうら,島浦
しまお,島尾
しまお,島雄
しまお,嶋尾
しまおか,島岡
しまおか,嶋岡
しまおか,嶌岡
しまか,島香
しまかげ,島影
しまかげ,嶋影
しまかた,島方
しまかた,嶋方
しまかみ,島上
しまかわ,島川
しまかわ,嶋川
しまがき,島垣
しまがき,嶋垣
しまがみ,島上
しまき,島木
しまき,嶋木
しまくら,島倉
しまくら,嶋倉
しまぐち,島口
しまぐち,嶋口
しまこし,島越
しまこし,嶌越
しまご,嶋児
しまさき,島崎
しまさき,島先
しまさき,嶋崎
しまさき,嶋先
しまさく,嶋作
しまざき,島（崎の大が立）
しまざき,島崎
しまざき,嶋（崎の大が立）
しまざき,嶋崎
しまざき,嶋嵜
しまざわ,島沢
しまざわ,島澤
しまざわ,嶋沢
しまざわ,嶋澤
しまじ,島次
しまじ,島地
しまじ,島路
しまじ,嶋路
しまじり,島尻
しますえ,島居
しますえ,島据
しますえ,島末
しますえ,嶋末
しまず,島津
しまず,島壽
しまず,嶋津
しまずみ,嶋住
しませ,島世
しませ,島瀬
しませ,嶋瀬
しまぞえ,島添
しまぞの,島薗
しまた,志馬田
しまた,島田
しまた,嶋田
しまたき,島滝
しまたけ,島竹
しまたに,縞谷
しまたに,島谷
しまたに,嶋谷
しまだ,斯真田
しまだ,島田
しまだ,嶋田
しまだ,嶌田
しまだて,島立
しまち,島地
しまつ,島津
しまづ,島津
しまづ,島豆
しまづ,嶋津
しまづ,嶌津
しまづえ,島津江
しまづや,島津屋
しまでら,嶋寺
しまと,島戸
しまとう,島藤
しまとし,嶋利
しまど,嶋戸
しまど,嶋渡
しまどい,島樋
しまな,島名
しまな,嶋名
しまなか,島中
しまなか,島仲
しまなか,嶋中
しまなが,島永
しまなが,嶋永
しまなが,嶋長
しまなり,島也
しまにし,島西
しまぬき,島貫
しまぬき,嶋貫
しまね,島根
しまね,嶋根
しまね,嶌根
しまの,島埜
しまの,島野
しまの,嶋野
しまの,嶌野
しまのうえ,島ノ上
しまのうち,島内
しまのうち,島埜内
しまのうち,嶋内
しまのうち,嶋之内
しまのえ,島ノ江
しまのき,島軒
しまはし,嶋橋
しまはた,島端
しまはた,嶋畑
しまはら,島原
しまはら,嶋原
しまはら,嶌原
しまばやし,島林
しまばやし,嶋林
しまばら,島原
しまばら,嶋原
しまぶく,島袋
しまぶくろ,島袋
しままつ,島松
しまみ,島見
しまみや,島宮
しまみや,嶋宮
しまむね,島宗
しまむら,四万村
しまむら,島村
しまむら,嶋村
しまむら,嶌村
しまもと,島元
しまもと,島本
しまもと,嶋本
しまもと,嶌本
しまもり,島守
しまもり,島森
しまもり,嶋守
しまもり,嶋森
しまや,島屋
しまや,島谷
しまや,嶋屋
しまや,嶋谷
しまや,嶋矢
しまやま,島山
しまやま,嶋山
しまよし,嶋吉
しまわき,島脇
しまわき,嶋脇
しみ,志見
しみず,（清の月が円）水
しみず,志水
しみず,清水
しみず,冷水
しみずい,清水井
しみずいけ,清水池
しみずいし,清水石
しみずがみ,清水上
しみずがわ,清水川
しみずぐち,清水口
しみずたに,清水谷
しみずだ,清水田
しみずの,清水野
しみずばた,清水端
しみずべ,清水辺
しみずめ,清水目
しみち,四道
しみや,四宮
しむた,紫牟田
しむら,志村
しむら,志邨
しむら,紫村
しめ,志馬
しめ,七五三
しめかけ,七五三掛
しめき,〆木
しめき,七五三木
しめぎ,七五三木
しめぎ,標
しめざわ,示沢
しめたに,〆谷
しめだ,卜田
しめの,〆野
しめの,示野
しめの,七五三野
しめの,占野
しめの,注連野
しめのき,注連木
しめはし,貫橋
しめむら,示村
しめもと,注連本
しめもり,示森
しも,下
しも,下茂
しも,司茂
しも,志茂
しも,霜
しもあおき,下青木
しもあかしょ,下赤所
しもあさ,下浅
しもあらいそ,下荒磯
しもい,下位
しもい,下井
しもい,下飯
しもいい,下飯
しもいいざか,下飯坂
しもいけ,下池
しもいし,下石
しもいしはた,下石畑
しもいずみ,下泉
しもいち,下市
しもいで,下出
しもいで,霜出
しもいなば,下稲葉
しもいりさ,下入佐
しもうえ,霜上
しもうせ,下鵜瀬
しもうち,下内
しもうら,下浦
しもえ,下江
しもえだ,下枝
しもえのお,下酔尾
しもえびす,下夷
しもお,下尾
しもおおさわ,下大澤
しもおか,下岡
しもおき,下沖
しもおく,下奥
しもおけ,下桶
しもおろ,下苙
しもかい,下開
しもかい,下飼
しもかきもと,下柿元
しもかた,下方
しもかた,霜方
しもかど,下角
しもかど,下門
しもかねくり,下兼繰
しもかわ,下河
しもかわ,下川
しもかわとこ,下川床
しもかわべ,下河辺
しもかわべ,下川部
しもかわら,下河原
しもかわら,下川原
しもがい,下雅意
しもがいち,下垣内
しもがいと,下垣内
しもがき,下垣
しもがき,霜垣
しもがさ,下笠
しもがた,下形
しもがま,下釜
しもがわ,下河
しもがわ,下川
しもがわら,下河原
しもがわら,下川原
しもき,下木
しもきはら,下木原
しもぎく,下菊
しもぎり,下桐
しもくがき,下工垣
しもくす,下楠
しもくに,下国
しもくぼ,下久保
しもくぼ,下窪
しもくも,下雲
しもくら,下倉
しもくら,霜倉
しもくり,下栗
しもくろさわ,下黒沢
しもぐち,下口
しもこうじ,下小路
しもこうじ,下川路
しもこうち,下河内
しもこうべ,下河部
しもこうべ,下河辺
しもこうべ,下河邊
しもこうべ,下河邉
しもこし,下越
しもこし,霜越
しもこせ,下小瀬
しもこぞの,下小園
しもこづる,下小鶴
しもごう,下郷
しもごうち,下河内
しもごおり,下郡
しもごりょう,下御領
しもさ,下佐
しもさか,下坂
しもさかい,下境
しもさき,下（崎の大が立）
しもさき,下崎
しもさこ,下迫
しもさこだ,下迫田
しもさこん,下左近
しもさだ,下定
しもさと,下里
しもさと,霜里
しもさわ,下澤
しもさわ,霜澤
しもざき,下崎
しもざき,霜（崎の大が立）
しもざき,霜崎
しもざと,下郷
しもざと,下里
しもざわ,下沢
しもざわ,下澤
しもざわ,霜澤
しもし,下司
しもしきりょう,下敷領
しもしげ,下重
しもした,霜下
しもしま,下志万
しもしみず,下清水
しもじ,下司
しもじ,下地
しもじ,下路
しもじっこく,下拾石
しもじま,下志万
しもじま,下島
しもじま,下嶋
しもじま,霜島
しもじゃな,下謝名
しもじゅう,下重
しもじゅく,下宿
しもじょう,下城
しもじょう,下条
しもじょう,下門
しもじょう,下條
しもじょう,下絛
しもすえ,下末
しもずま,下妻
しもずる,下水流
しもせ,下瀬
しもせ,下畝
しもせがわ,下瀬川
しもせき,下関
しもせこ,下世古
しもそこがわ,下曽小川
しもぞの,下園
しもぞの,下薗
しもた,霜多
しもた,霜田
しもたお,下田尾
しもたけ,下嶽
しもたけ,霜竹
しもたしろ,下田代
しもたに,下谷
しもたびら,下田平
しもたまり,下玉利
しもだ,下田
しもだ,志茂田
しもだ,霜田
しもだ,嶋田
しもだい,下臺
しもだいら,下平
しもだけ,下嶽
しもだて,下館
しもだて,下舘
しもち,下地
しもち,下内
しもちゃ,下茶
しもぢ,下地
しもつ,下津
しもつうら,下津浦
しもつか,下司
しもつかさ,下司
しもつさ,下津佐
しもつじ,下辻
しもつた,下章
しもつぼ,下坪
しもつま,下間
しもつま,下妻
しもつや,下津谷
しもづ,下津
しもづま,下妻
しもづる,下鶴
しもて,下手
しもで,下出
しもで,霜出
しもでら,下寺
しもと,下戸
しもとう,下遠
しもとおの,下遠野
しもとく,下徳
しもとくべ,下徳辺
しもとちだな,下栃棚
しもとまい,下斗米
しもとよどめ,下豊留
しもとり,下鳥
しもとり,霜鳥
しもど,下戸
しもどい,下土居
しもどう,下堂
しもどなり,下戸成
しもない,下モ内
しもなお,下猶
しもなか,下中
しもなか,下仲
しもなか,霜中
しもなが,下永
しもながた,下永田
しもながね,下長根
しもながの,下長野
しもながよし,下永（吉の士が土）
しもなべ,下鍋
しもなり,下成
しもにし,下西
しもにしきだ,下錦田
しもにしのその,下西ノ園
しもにしのその,下西野園
しもぬる,下温湯
しもの,下濃
しもの,下野
しもの,霜野
しものき,下ノ木
しものじり,下野尻
しものその,下之園
しものその,下之薗
しものぞの,下之薗
しものぼう,下ノ坊
しものぼる,下登
しものむら,下ノ村
しもはかまだ,下袴田
しもはし,下橋
しもはた,下畑
しもはま,下浜
しもはま,下濱
しもはら,下原
しもはらい,下拂
しもばた,下畑
しもばち,下鉢
しもばば,下馬場
しもばやし,下林
しもひがし,下東
しもひごし,下吹越
しもひさよし,下久吉
しもひら,下平
しもひらお,下平尾
しもひろ,下広
しもふさ,下総
しもふさ,下房
しもふさ,下總
しもふじ,下藤
しもふせ,下伏
しもふり,霜降
しもふるや,下古谷
しもべ,下辺
しもほり,下堀
しもぼう,下坊
しもま,下間
しもまい,下舞
しもまえ,下前
しもまき,下牧
しもまち,下町
しもまやま,下間山
しもみ,下見
しもみ,霜見
しもみせ,下店
しもみち,下道
しもみつ,下光
しもみや,下宮
しもむかい,下向
しもむかい,下向井
しもむき,下向
しもむら,下村
しもむら,下邨
しもむら,霜村
しももと,下元
しももり,下森
しもや,下屋
しもや,下家
しもや,下谷
しもや,下矢
しもやえ,下八重
しもやかわ,下八川
しもやしき,下屋敷
しもやす,下保
しもやすば,下休場
しもやなぎ,下柳
しもやま,下山
しもやま,霜山
しもやまだ,下山田
しもよし,下吉
しもら,下羅
しもり,下利
しもわき,下脇
しもわだ,下和田
しもん,下門
しゃうら,社浦
しゃかいん,釈迦院
しゃかごおり,釈迦郡
しゃかどう,釈迦堂
しゃく,釈
しゃく,釋
しゃくし,釈氏
しゃくしろ,赤代
しゃくだ,尺田
しゃくつい,赤対
しゃくど,尺土
しゃくど,赤土
しゃくどう,赤銅
しゃくなが,尺長
しゃくなが,釈永
しゃくなが,釋永
しゃげま,社家間
しゃこ,車古
しゃこうち,社河内
しゃざわ,社澤
しゃしき,謝敷
しゃじき,謝敷
しゃづき,赤築
しゃとう,社頭
しゃな,遮那
しゃなだ,舎奈田
しゃのう,社納
しゃばな,謝花
しゃみ,沙味
しゃもと,社本
しゃりくら,舎利倉
しゃりょう,社領
しやけ,初宿
しやなぎ,四柳
しやま,市山
しゅう,洲
しゅういん,執印
しゅうかい,集貝
しゅうき,秀城
しゅうぎょう,修行
しゅうけ,秀毛
しゅうさ,周佐
しゅうじ,周治
しゅうじ,集治
しゅうじ,舛次
しゅうた,習田
しゅうだ,習田
しゅうち,須知
しゅうでん,集田
しゅうとう,周東
しゅうとう,周藤
しゅうとく,秀徳
しゅうなん,秀南
しゅうの,秀野
しゅうむら,周村
しゅぎょう,修行
しゅく,珠久
しゅく,珠玖
しゅく,宿
しゅくいん,宿院
しゅくさわ,宿澤
しゅくざき,宿崎
しゅくざわ,宿沢
しゅくざわ,宿澤
しゅくた,宿田
しゅくなみ,宿南
しゅくの,宿野
しゅくみね,祝嶺
しゅくや,宿屋
しゅくや,宿谷
しゅくり,宿利
しゅくり,宿理
しゅくり,宿里
しゅくわ,宿輪
しゅご,守護
しゅずい,守（随の有が左の下に月）
しゅずい,守随
しゅずい,守隨
しゅせい,朱清
しゅっせ,出世
しゅった,習田
しゅっとう,出頭
しゅつぼ,珠坪
しゅとう,主藤
しゅとう,首藤
しゅどう,朱通
しゅどう,首藤
しゅのお,首野尾
しゅはま,主浜
しゅはま,主濱
しゅはら,主原
しゅはら,栖原
しゅみや,朱宮
しゅや,朱谷
しゅり,首里
しゅり,修理
しゅわり,種昂
しゅんとう,春藤
しゅんどう,俊藤
しゅんどう,春藤
しゅんどう,偆道
しょう,尚
しょう,庄
しょう,焦
しょう,章
しょう,鐘
しょう,正
しょう,荘
しょうあみ,正阿彌
しょうい,庄井
しょうい,正井
しょういち,正一
しょういりき,正入木
しょういん,正印
しょううん,祥雲
しょうえい,松栄
しょうおう,正實
しょうか,庄下
しょうか,荘加
しょうかく,正角
しょうかわ,荘川
しょうが,庄賀
しょうが,正賀
しょうが,生賀
しょうがいと,庄垣内
しょうがき,庄垣
しょうがき,正垣
しょうがせ,勝賀瀬
しょうがた,庄形
しょうがん,正願
しょうき,晶貴
しょうき,笑喜
しょうきつ,少橘
しょうぎめん,将基面
しょうぐち,将口
しょうげつ,松月
しょうげん,正源
しょうげんじ,正源寺
しょうげんじ,生源寺
しょうこ,庄古
しょうこんち,正根知
しょうごうち,庄垣内
しょうごもり,正込
しょうさく,少作
しょうさこ,正迫
しょうざわ,正沢
しょうざわ,正澤
しょうしゃ,正者
しょうしん,正信
しょうじ,勝治
しょうじ,勝二
しょうじ,小司
しょうじ,小路
しょうじ,少路
しょうじ,庄司
しょうじ,庄子
しょうじ,昌司
しょうじ,昌子
しょうじ,障子
しょうじ,正司
しょうじ,正寺
しょうじ,正治
しょうじ,正路
しょうじ,生子
しょうじ,生地
しょうじ,荘司
しょうじ,東海枝
しょうじ,東海林
しょうじ,莊司
しょうじぐち,小路口
しょうじばら,小地原
しょうじま,庄島
しょうじま,庄嶋
しょうじま,正島
しょうじま,正嶋
しょうじま,生島
しょうじま,荘島
しょうじゃく,将積
しょうじゃく,將積
しょうじゅ,尚樹
しょうじゅ,松寿
しょうじゅう,正住
しょうじゅう,正重
しょうじょ,莊所
しょうじょう,庄條
しょうじょう,猩々
しょうじょうや,猖々谷
しょうじょうや,猩猩谷
しょうすう,少数
しょうず,小豆
しょうず,生水
しょうず,生頭
しょうずい,勝瑞
しょうずがわ,小豆川
しょうずしま,小豆嶋
しょうせんじ,正泉寺
しょうぜん,小善
しょうぜん,聖前
しょうぞうじ,正蔵寺
しょうた,庄田
しょうたい,正躰
しょうたけ,庄武
しょうたに,庄谷
しょうだ,勝田
しょうだ,小田
しょうだ,庄田
しょうだ,正田
しょうだ,生田
しょうだ,荘田
しょうだい,正代
しょうつ,正津
しょうつう,正通
しょうて,正手
しょうとう,正藤
しょうとく,少（徳の心の上に一）
しょうとく,正徳
しょうどう,小洞
しょうどうじ,正道寺
しょうない,庄内
しょうない,生内
しょうなか,正中
しょうなか,荘中
しょうなん,生南
しょうの,庄野
しょうの,正野
しょうの,生野
しょうの,荘野
しょうのう,正能
しょうのこし,正腰
しょうのざき,正野（崎の大が立）
しょうはた,正畑
しょうはら,称原
しょうば,小場
しょうばこ,正箱
しょうばやし,庄林
しょうばやし,正林
しょうばやし,荘林
しょうばら,庄原
しょうひ,松扉
しょうふう,松風
しょうぶ,菖蒲
しょうぶ,生部
しょうぶいけ,菖蒲池
しょうぶいけ,菖池
しょうぶけ,正部家
しょうぶざわ,菖蒲沢
しょうぶざわ,菖蒲澤
しょうぶたに,菖蒲谷
しょうぶだに,菖蒲谷
しょうぶや,菖蒲谷
しょうほ,荘保
しょうほうじ,正法地
しょうぼ,正保
しょうぼうじ,正坊地
しょうぼうち,正坊地
しょうまん,正満
しょうむら,庄村
しょうむら,正村
しょうむら,荘村
しょうめん,正面
しょうもと,庄本
しょうもり,庄盛
しょうや,勝屋
しょうや,勝谷
しょうや,庄谷
しょうやま,庄山
しょうやま,正山
しょうりき,正力
しょうろ,正路
しょうわ,尚和
しょうわき,正脇
しょきた,諸喜田
しょこ,初古
しょざわ,所沢
しょざわ,所澤
しょし,所司
しょしだ,小志田
しょしはら,所司原
しょじ,所司
しょとくじ,諸徳寺
しょはた,所畑
しょみじゃ,諸見謝
しらい,志良以
しらい,白井
しらいし,白石
しらいと,白糸
しらいわ,白岩
しらうず,白水
しらえ,白栄
しらえ,白江
しらお,白尾
しらおか,白岡
しらおがわ,白男川
しらか,白鹿
しらか,白髪
しらかし,白樫
しらかた,白潟
しらかた,白形
しらかた,白方
しらかね,白金
しらかね,白銀
しらかば,白椛
しらかべ,白壁
しらかみ,白上
しらかみ,白神
しらかわ,白河
しらかわ,白川
しらかわべ,白河部
しらかわべ,白川部
しらかわら,白河原
しらが,白賀
しらが,白神
しらが,白髪
しらがき,白垣
しらがき,白柿
しらがね,銀
しらがみ,白上
しらがみ,白神
しらがみ,白髪
しらき,白木
しらきざわ,白木沢
しらきざわ,白木澤
しらきはら,白木原
しらく,白楽
しらく,白久
しらく,白句
しらくさ,白日
しらくぼ,白窪
しらくま,白熊
しらくら,白倉
しらこ,白子
しらこま,白駒
しらさ,白佐
しらさか,白坂
しらさき,白（崎の大が立）
しらさき,白崎
しらさき,白嵜
しらさご,白砂
しらさや,白鞘
しらさわ,白沢
しらさわ,白澤
しらしげ,白重
しらす,白洲
しらす,白須
しらす,白数
しらす,白數
しらすか,白須賀
しらすが,白須賀
しらすぎ,白杉
しらすな,白砂
しらせ,白瀬
しらせ,白勢
しらそ,白惣
しらそう,白相
しらた,白田
しらたか,白鷹
しらたき,白滝
しらたき,白瀧
しらたけ,白武
しらたて,白館
しらたに,白谷
しらたま,白玉
しらつ,白津
しらつか,白塚
しらつき,白築
しらつき,白附
しらつち,白土
しらづ,白津
しらと,白（土、）
しらと,白戸
しらと,白相
しらと,白土
しらとり,白取
しらとり,白鳥
しらど,白（土、）
しらど,白土
しらどう,志良堂
しらな,白名
しらに,白仁
しらにた,白仁田
しらにった,白新田
しらぬか,白糠
しらね,白根
しらねざわ,白根沢
しらねざわ,白根澤
しらの,白野
しらは,白羽
しらはし,白橋
しらはし,白箸
しらはせ,白土師
しらはせ,白波（瀬の頁が刀の下に貝）
しらはせ,白波瀬
しらはぜ,白櫨
しらはた,白旗
しらはた,白幡
しらはた,白畑
しらはた,白畠
しらはた,白籏
しらはね,白羽根
しらはま,白（濱の宀の下が眉に八）
しらはま,白浜
しらはま,白濱
しらば,白羽
しらひげ,白髭
しらふ,白府
しらふじ,白藤
しらべ,調
しらほ,白帆
しらほ,白保
しらほし,白星
しらま,白間
しらまさ,白砂
しらまた,白又
しらまつ,白松
しらみず,白水
しらみね,白峰
しらむら,白村
しらもと,白本
しらや,白谷
しらや,白矢
しらやなぎ,白（木へんに夘）
しらやなぎ,白柳
しらやま,白山
しらよし,白吉
しらより,白寄
しらわ,白輪
しらわち,白輪地
しりいし,尻石
しりえ,尻江
しりえだ,尻枝
しりでん,尻田
しりなし,尻無
しりなしはま,尻無浜
しりなしはま,尻無濱
しりびき,尻引
しりや,尻屋
しれい,至令
しれん,志連
しれん,枝連
しろ,城
しろい,城井
しろい,白井
しろいし,城石
しろいし,白石
しろいち,城市
しろいち,代市
しろいわ,白岩
しろうず,白水
しろうち,城内
しろうまる,四郎丸
しろえだ,白枝
しろお,城尾
しろおか,城岡
しろおず,白水
しろかぜ,城風
しろかね,城金
しろかね,白銀
しろかね,白兼
しろかみ,城上
しろかみ,白上
しろかみ,白神
しろかわ,城川
しろがき,白垣
しろがた,白潟
しろがね,白金
しろがね,白銀
しろがみ,城上
しろき,白木
しろくま,白熊
しろぐち,城口
しろこ,白子
しろこし,城越
しろこし,城腰
しろさい,代財
しろさか,城坂
しろさか,城阪
しろさか,白坂
しろさき,城（崎の大が立）
しろさき,城崎
しろさき,白崎
しろさき,白嵜
しろさわ,白澤
しろざ,城座
しろざい,代財
しろした,城下
しろす,白數
しろず,白水
しろせ,白勢
しろた,城田
しろた,代田
しろた,白田
しろたに,城谷
しろちか,城近
しろつ,城津
しろつか,城塚
しろつき,白坏
しろで,城出
しろでら,城寺
しろと,白戸
しろとり,城取
しろとり,城鳥
しろとり,白鳥
しろなか,城中
しろの,城野
しろの,白野
しろのうち,城之内
しろは,白羽
しろはた,城端
しろはた,城畑
しろはた,白幡
しろま,城間
しろまえ,城前
しろまつ,白松
しろまる,城丸
しろまる,白丸
しろみず,白水
しろむら,城村
しろむら,白村
しろも,白茂
しろもと,城元
しろもと,城本
しろもと,白元
しろもと,白本
しろもり,城守
しろや,城家
しろや,代谷
しろやなぎ,白柳
しろやま,城山
しろやま,白山
しろわ,城和
しわ,志波
しわ,志和
しわ,紫波
しわく,塩泡
しわく,塩飽
しわや,志和屋
しん,信
しん,新
しん,申
しん,真
しん,秦
しん,進
しんいけ,新池
しんいけたに,新池谷
しんうしごめ,新牛込
しんうち,新内
しんえ,新恵
しんえ,新江
しんえい,新栄
しんおか,新岡
しんか,新家
しんかい,新海
しんかい,新開
しんかい,新貝
しんかい,真海
しんかい,真貝
しんかい,神開
しんかい,眞貝
しんかいや,新開谷
しんかじ,眞梶
しんかわ,新川
しんかわ,親川
しんかわとこ,新川床
しんが,信賀
しんが,新鹿
しんがい,新海
しんがい,新開
しんがい,新階
しんがい,新貝
しんがい,新飼
しんがい,新谷
しんがい,真貝
しんがえ,新ヶ江
しんがき,新垣
しんき,信貴
しんき,新木
しんき,進木
しんきゅう,新久
しんきゅう,新休
しんきょう,新京
しんぎょううち,新行内
しんぎょうじ,新行内
しんぎょうじ,真行寺
しんぎょうじ,眞行寺
しんぎょうち,新行内
しんく,新工
しんくま,新熊
しんくら,新倉
しんくら,新藏
しんぐ,神宮
しんぐう,新宮
しんぐう,真宮
しんぐうばら,新宮原
しんぐうりょう,新宮領
しんぐち,新口
しんけ,新家
しんけ,新毛
しんけや,新家谷
しんげや,新家谷
しんこ,新古
しんこう,新光
しんこだ,新小田
しんごう,新郷
しんごく,新極
しんごし,新越
しんさか,新坂
しんさか,新酒
しんさく,新柵
しんさと,新里
しんざ,新座
しんざい,新西
しんざき,新（崎の大が立）
しんざき,新崎
しんざと,新里
しんざわ,新沢
しんざわ,新澤
しんざんおう,新山王
しんし,進士
しんしょう,真正
しんしょう,眞正
しんじ,宍道
しんじ,新治
しんじ,進士
しんじゃく,新尺
しんじょう,新庄
しんじょう,新上
しんじょう,新城
しんじょう,新性
しんじょう,新正
しんじょう,新生
しんじょう,新荘
しんじょう,真城
しんじょう,真常
しんじょう,眞城
しんじょうぼう,真乗坊
しんじょうぼう,眞乗坊
しんじょうぼう,眞乘坊
しんせい,信清
しんせん,新堰
しんぞう,新造
しんぞう,新藏
しんた,信太
しんた,新田
しんたく,新卓
しんたく,新宅
しんたく,眞宅
しんたけ,新竹
しんたて,新舘
しんたて,新立
しんたに,新谷
しんたに,薪谷
しんたみ,新田見
しんだて,新立
しんち,新地
しんちょう,新町
しんちょう,新長
しんつるた,新鶴田
しんで,新出
しんでん,新田
しんと,新戸
しんと,進戸
しんとう,信藤
しんとう,新藤
しんとう,真藤
しんとう,神藤
しんとう,辛藤
しんとう,進藤
しんとく,新徳
しんとく,神徳
しんとみ,新富
しんとみ,新冨
しんとめ,新留
しんとも,新友
しんとよ,新豊
しんど,新戸
しんど,新土
しんど,神奴
しんどう,信藤
しんどう,新藤
しんどう,新堂
しんどう,新道
しんどう,真藤
しんどう,真道
しんどう,真銅
しんどう,神藤
しんどう,神頭
しんどう,神道
しんどう,進藤
しんどう,眞藤
しんどう,眞道
しんどう,眞銅
しんどおり,新通
しんどめ,新留
しんなえ,新苗
しんなか,新中
しんなかす,新中須
しんなべ,新鍋
しんにし,新西
しんにょ,眞如
しんぬまだて,新沼館
しんの,信野
しんの,新埜
しんの,新野
しんの,秦野
しんの,進野
しんのう,新納
しんのう,神濃
しんのう,神農
しんのお,神尾
しんのき,神木
しんは,榛葉
しんはし,新枦
しんはま,新浜
しんはま,新濱
しんはら,新原
しんば,榛葉
しんばし,新橋
しんばた,新畑
しんばやし,新林
しんばら,新原
しんひら,新平
しんふく,新福
しんぶ,新武
しんぷく,新福
しんべ,神辺
しんぼ,新保
しんぼ,新甫
しんぼ,真保
しんぼ,神保
しんぼ,眞保
しんぼう,新保
しんぼう,辛坊
しんぼり,新堀
しんぽ,新保
しんぽ,新甫
しんぽ,真保
しんぽ,眞保
しんぽう,神宝
しんぽう,神寳
しんぽう,進邦
しんま,新間
しんまち,新町
しんまつ,新松
しんみ,新見
しんみ,新美
しんみち,新道
しんみつ,新満
しんみや,新宮
しんみょう,新名
しんみょう,新明
しんみょう,進名
しんみょうず,新名主
しんむら,新村
しんむら,榛村
しんむら,進村
しんめ,新目
しんめ,眞目
しんめい,新名
しんめい,新明
しんめい,新免
しんめん,新免
しんもと,新元
しんもと,新本
しんもり,新森
しんもり,新盛
しんもん,新門
しんもん,神門
しんや,新屋
しんや,新家
しんや,新谷
しんや,新矢
しんやがいと,新谷垣内
しんやこ,新家子
しんやしき,新屋敷
しんやま,信山
しんやま,新山
しんやま,辛山
しんよ,神余
しんら,新良
しんらく,真楽
しんりき,神力
じあん,地庵
じかみ,地紙
じがなめ,寺要
じがみ,地紙
じがみ,地神
じきどう,食堂
じきはら,直原
じきもと,直本
じきゅう,自休
じく,竺
じくぞの,軸薗
じくはら,竺原
じくはら,軸原
じくまる,治久丸
じくまる,軸丸
じくや,軸屋
じけ,寺家
じけ,地家
じけい,寺境
じけん,自見
じげ,地下
じさい,持斉
じさい,地齋
じさか,地阪
じさき,地崎
じざいまる,自在丸
じし,地子
じしゃ,寺社
じしゃげ,寺社下
じしゅう,地衆
じしょう,慈性
じじゅう,次重
じじわ,時々輪
じぞう,地蔵
じぞうどう,地蔵堂
じだ,治田
じだい,地代
じだいしょ,地代所
じだんじ,自檀地
じちゅう,寺中
じっこう,実光
じっそうじ,実相寺
じつ,實
じつい,実井
じついき,日域
じついし,実石
じついし,實石
じつかた,実形
じつかた,実方
じつかた,實方
じつかね,実兼
じつかわ,実川
じつかわ,實川
じつざき,実崎
じつた,実田
じつた,實田
じつたに,実谷
じつだ,實田
じつづみ,実積
じつなり,實成
じつの,実野
じつの,實野
じつはら,實原
じつふち,實渕
じつまつ,實松
じつもり,実森
じつもり,實森
じとう,地藤
じとうえ,地頭江
じとうしょ,地頭所
じとうその,地頭薗
じとうぞの,地頭薗
じどい,地土井
じどう,慈道
じぬし,地主
じびき,地引
じびき,地曳
じふく,地福
じぶ,治武
じぶ,治部
じぶた,治部田
じべ,治部
じみ,自見
じみち,地道
じみょう,時明
じもん,寺門
じゃあな,蛇穴
じゃいけ,蛇池
じゃがわ,蛇川
じゃこ,蛇子
じゃしき,謝敷
じゃたに,蛇谷
じゃな,謝名
じゃぬき,蛇抜
じゃぬま,蛇沼
じゃのめ,蛇ノ目
じゃのめ,蛇目
じゃはな,謝花
じゃぶち,蛇渕
じゃみ,蛇見
じゃもち,蛇持
じやま,地山
じゅういち,十一
じゅうかわ,十河
じゅうくろぎ,重黒木
じゅうさこん,十佐近
じゅうしょ,住所
じゅうじ,十字
じゅうじ,従二
じゅうじょう,重城
じゅうす,重巣
じゅうすぎ,重杉
じゅうそ,十楚
じゅうとり,十鳥
じゅうなか,十中
じゅうに,十二
じゅうに,従二
じゅうにちょう,十二町
じゅうにばやし,十二林
じゅうにむら,十二村
じゅうにや,従二谷
じゅうにやく,十二役
じゅうにり,十二里
じゅうねん,十念
じゅうばし,重橋
じゅうびし,十菱
じゅうまつ,住松
じゅうみ,十見
じゅうもんじ,十文字
じゅうもんじ,重文字
じゅうり,重里
じゅがく,寿岳
じゅげ,樹下
じゅとう,寿藤
じゅとう,壽藤
じゅの,壽野
じゅふく,寿福
じゅふく,壽福
じゅみょう,寿命
じゅんとく,順徳
じゆういち,十一
じょう,城
じょう,定
じょう,條
じょういえ,城家
じょういち,城一
じょういち,城市
じょうえい,定榮
じょうお,城尾
じょうか,上加
じょうか,城下
じょうかぎ,上鍵
じょうかく,城角
じょうかわ,浄川
じょうかん,浄閑
じょうがたき,城ヶ滝
じょうがはら,城ヶ原
じょうがみね,城ヶ峰
じょうがもと,城賀本
じょうがわ,上川
じょうがん,城岸
じょうがん,成願
じょうき,上木
じょうき,常喜
じょうきゅう,上久
じょうぎ,定木
じょうくら,城倉
じょうぐ,浄弘
じょうぐち,上口
じょうぐち,丈口
じょうぐち,城口
じょうけい,常慶
じょうけい,浄慶
じょうけん,上見
じょうけんじ,常間地
じょうげ,錠解
じょうげつ,上月
じょうこ,上古
じょうこう,上光
じょうこう,上甲
じょうこう,城光
じょうこう,常光
じょうこうじ,城光寺
じょうご,城後
じょうさき,上（崎の大が立）
じょうさく,定作
じょうざき,上（崎の大が立）
じょうざき,城崎
じょうした,城下
じょうしま,上島
じょうしま,上嶋
じょうしま,城島
じょうしょ,城所
じょうじ,上路
じょうじま,城島
じょうじゃ,上者
じょうじゅう,上重
じょうじょう,重城
じょうじょう,上條
じょうじょう,城定
じょうじょう,亟々
じょうせん,上仙
じょうせん,定仙
じょうぜん,上善
じょうぜん,城前
じょうたき,上滝
じょうたき,上瀧
じょうたつ,（丈｀）達
じょうたに,条谷
じょうだい,上代
じょうだい,城台
じょうだん,上段
じょうち,城地
じょうつう,常通
じょうつか,城（土へんに冢）
じょうつか,城塚
じょうづか,定（土へんに冢）
じょうづか,定司
じょうづか,定塚
じょうづめ,定詰
じょうてん,上天
じょうでん,定田
じょうとう,上東
じょうど,城土
じょうど,浄土
じょうどい,上土井
じょうない,城内
じょうない,錠内
じょうにし,上西
じょうにん,上仁
じょうねん,上念
じょうねん,城念
じょうの,城生
じょうの,城生野
じょうの,城野
じょうの,條野
じょうのう,城生
じょうのうち,城之内
じょうのくち,城ノ口
じょうのくち,城野口
じょうのした,上ノ下
じょうのした,城ノ下
じょうはん,上半
じょうば,上馬
じょうふ,上不
じょうぶつ,城物
じょうべ,條辺
じょうほ,上保
じょうほう,城宝
じょうほう,城寶
じょうほう,城寳
じょうほうじ,常法寺
じょうほうじ,浄法寺
じょうほうじ,淨法寺
じょうぼう,上坊
じょうぼうじ,上坊寺
じょうま,上間
じょうま,城間
じょうまい,城米
じょうまえ,城前
じょうます,定益
じょうまる,上丸
じょうまん,定満
じょうみょう,常明
じょうむら,城村
じょうめい,上銘
じょうもと,上本
じょうもと,城本
じょうもり,城森
じょうや,上家
じょうや,城谷
じょうやま,城山
じょうゆう,上祐
じょうらく,上楽
じょうらく,上樂
じょうらく,常楽
じょうりょう,城領
じょうれん,定連
じょうわ,城和
じょざわ,如澤
じょしぶん,女子分
じようの,上能
じらた,地良田
じろうがいち,次郎垣内
じろうがきうち,次郎垣内
じろうまる,次郎丸
じろうまる,治郎丸
じろく,次六
じろまる,治郎丸
じん,神
じん,仁
じん,陣
じんえ,神恵
じんお,陣尾
じんかわ,神川
じんかわ,陣川
じんがみ,陣上
じんぎ,仁義
じんぐう,神宮
じんぐうし,神宮司
じんぐうじ,神宮司
じんぐうじ,神宮字
じんぐうじ,神宮寺
じんご,神後
じんご,甚吾
じんざい,神西
じんざき,陣崎
じんじ,神事
じんじゃ,神社
じんずう,神通
じんぜんじ,秦泉寺
じんた,甚田
じんたて,神立
じんだ,甚田
じんだ,陣田
じんだい,神代
じんちょう,神長
じんつう,神通
じんづう,神通
じんで,神出
じんでん,神田
じんとう,神藤
じんとく,神徳
じんどう,神藤
じんどう,神道
じんない,神内
じんない,甚内
じんない,陣内
じんない,陳内
じんにん,神人
じんの,神農
じんの,神野
じんの,甚野
じんの,陣野
じんの,陳野
じんのう,神納
じんのう,神能
じんのうち,陣内
じんば,神場
じんば,神庭
じんば,神馬
じんば,陳場
じんばり,神張
じんぱち,神初
じんぶ,神部
じんぷう,神風
じんぼ,神保
じんぼ,保
じんぼう,神保
じんぽう,神保
じんま,神馬
じんみょう,神明
じんや,神社
じんや,陣矢
すあみ,須網
すい,諏江
すい,須井
すいこう,水光
すいしゃ,水車
すいしゅ,水主
すいず,水津
すいた,吹田
すいた,水田
すいつ,水津
すいづ,水津
すいと,水渡
すいとう,出納
すいとう,水藤
すいとう,水頭
すいど,水戸
すいど,燧土
すいどう,出納
すいどう,水洞
すいどう,水道
すいな,推名
すいのう,水納
すいばら,水原
すいもん,水門
すう,崇
すうげん,崇玄
すうとう,數藤
すうめん,数面
すえ,諏江
すえ,須恵
すえ,須江
すえ,陶
すえ,末
すえい,末井
すえいし,居石
すえいし,据石
すえいし,末石
すえお,末尾
すえおか,末岡
すえかげ,末陰
すえかど,末角
すえかね,末金
すえかね,末兼
すえかね,末包
すえかわ,末川
すえがみ,末上
すえがみ,末神
すえがら,末柄
すえき,居樹
すえき,末木
すえくに,末國
すえぐち,末口
すえさか,末坂
すえさだ,末貞
すえさだ,末定
すえざき,末（崎の大が立）
すえざき,末崎
すえざわ,末沢
すえざわ,末澤
すえしげ,末重
すえしげ,末繁
すえした,末下
すえじま,末島
すえた,末田
すえたか,尾高
すえたか,末高
すえたけ,季武
すえたけ,末竹
すえたけ,末武
すえたに,末谷
すえだ,末田
すえつ,末津
すえつぎ,末次
すえつぐ,末継
すえつぐ,末次
すえつぐ,末續
すえつな,末綱
すえつね,末常
すえとう,末藤
すえとみ,末富
すえとみ,末冨
すえとも,末友
すえなか,末中
すえなが,末永
すえなが,末長
すえなり,末成
すえの,末野
すえのぶ,末延
すえのぶ,末信
すえはら,末原
すえひさ,陶久
すえひさ,末久
すえひら,季平
すえひら,末平
すえひろ,末広
すえひろ,末弘
すえひろ,末廣
すえふく,末福
すえふじ,末藤
すえまさ,末政
すえまさ,末正
すえます,末益
すえます,末舛
すえまつ,寿榮松
すえまつ,末松
すえまる,末丸
すえみち,末道
すえみつ,末光
すえみつ,末満
すえみね,末峰
すえみね,末峯
すえむね,末宗
すえむね,末棟
すえむら,末村
すえもと,末元
すえもと,末本
すえもり,末森
すえもり,末盛
すえやす,末安
すえよし,末吉
すえよし,末好
すお,周防
すおう,周防
すか,須加
すか,須賀
すかがわ,須賀川
すかた,須方
すかの,須加野
すかま,洲鎌
すかわ,須川
すが,管
すが,寿賀
すが,洲
すが,須加
すが,須賀
すが,菅
すがい,管井
すがい,須賀井
すがい,須階
すがい,須貝
すがい,須谷
すがい,菅井
すがい,菅居
すがいずみ,菅泉
すがえ,菅江
すがお,須賀尾
すがお,菅生
すがお,菅尾
すがか,菅峨
すがかわ,菅川
すがき,須垣
すがさき,菅崎
すがさと,菅里
すがさわ,管澤
すがさわ,須賀沢
すがさわ,菅沢
すがさわ,菅澤
すがさわら,菅佐原
すがしま,菅島
すがしま,菅嶋
すがじま,菅嶋
すがせ,菅瀬
すがせ,菅生
すがた,姿
すがた,須賀田
すがた,須方
すがた,菅田
すがたか,菅高
すがたに,菅谷
すがつき,菅付
すがつけ,菅付
すがどう,菅洞
すがなが,菅長
すがなみ,菅波
すがなみ,菅並
すがなみ,菅浪
すがぬま,菅沼
すがぬまた,菅沼田
すがね,須金
すがね,数金
すがね,菅根
すがの,寿賀野
すがの,菅野
すがのう,菅納
すがのや,菅野谷
すがはら,管原
すがはら,須加原
すがはら,須賀原
すがはら,菅原
すがはら,簀河原
すがばやし,菅林
すがひさ,菅久
すがま,洲鎌
すがま,須ヶ間
すがま,須釜
すがま,菅間
すがま,洌鎌
すがまた,菅又
すがみや,菅宮
すがむた,菅牟田
すがむら,菅村
すがも,須鴨
すがもと,管本
すがもと,菅本
すがもり,菅森
すがや,管家
すがや,管谷
すがや,菅家
すがや,菅萱
すがや,菅谷
すがやま,菅山
すがよし,菅昌
すがわ,洲河
すがわ,洲川
すがわ,須河
すがわ,須川
すがわ,菅河
すがわ,栖川
すがわ,素川
すがわ,陶川
すがわら,管原
すがわら,須賀原
すがわら,菅原
すきから,鋤柄
すきがら,鋤柄
すきさき,鋤崎
すきざき,鋤崎
すきた,鋤田
すきもと,鋤本
すぎ,杉
すぎ,椙
すぎい,杉井
すぎう,杉生
すぎうえ,杉上
すぎうち,杉内
すぎうら,杉浦
すぎえ,杉江
すぎえだ,杉枝
すぎお,杉生
すぎお,杉尾
すぎお,椙尾
すぎおか,杉岡
すぎおか,椙岡
すぎかわ,杉川
すぎがみ,杉上
すぎき,杉木
すぎさか,杉坂
すぎさき,杉（崎の大が立）
すぎさき,杉崎
すぎさき,椙崎
すぎさわ,杉沢
すぎさわ,杉澤
すぎざ,杉座
すぎざき,杉（崎の大が立）
すぎざき,杉崎
すぎした,杉下
すぎしま,杉島
すぎしま,杉嶋
すぎしま,椙島
すぎすえ,杉末
すぎせ,杉生
すぎその,杉園
すぎぞの,杉園
すぎた,杉田
すぎた,椙田
すぎたけ,杉竹
すぎたつ,杉立
すぎたて,杉立
すぎたに,（木へんに久）谷
すぎたに,杉渓
すぎたに,杉谷
すぎつえ,杉杖
すぎつか,杉（土へんに冢）
すぎと,杉戸
すぎとう,杉藤
すぎなか,杉中
すぎなが,杉永
すぎなが,杉長
すぎぬま,杉沼
すぎの,杉野
すぎのうち,杉ノ内
すぎのうち,杉之内
すぎのお,杉之尾
すぎのした,杉之下
すぎのはら,杉ノ原
すぎのはら,杉之原
すぎのはら,杉野原
すぎのめ,杉目
すぎのめ,杉野目
すぎのもり,杉野森
すぎはし,杉橋
すぎはら,杉原
すぎばやし,杉林
すぎひら,杉平
すぎぶち,杉淵
すぎぶち,杉渕
すぎまえ,杉前
すぎまさ,杉政
すぎまた,杉俣
すぎまち,杉町
すぎまる,杉丸
すぎまん,杉万
すぎみ,杉見
すぎみず,杉水
すぎみつ,杉光
すぎみね,杉峰
すぎむら,杉村
すぎむら,椙村
すぎめ,杉目
すぎもと,杉元
すぎもと,杉本
すぎもと,椙本
すぎもり,杉森
すぎもり,杉盛
すぎもり,椙杜
すぎや,杉谷
すぎやき,杉焼
すぎやき,杉燒
すぎやぶ,杉藪
すぎやま,（温のさんずいが木へん）山
すぎやま,杉山
すぎやま,椙山
すぎやまだ,杉山田
すぎょう,須堯
すぎよ,杉生
すぎよし,杉吉
すぎわか,杉若
すくいそ,漉磯
すぐなり,直成
すぐり,須栗
すぐり,村主
すぐろ,勝呂
すぐろ,須黒
すぐろ,巣黒
すけかわ,助川
すけかわ,祐川
すけがわ,すけ川
すけがわ,介川
すけがわ,助川
すけがわ,祐川
すけがわ,鮏川
すけさこ,助迫
すけさだ,祐定
すけしげ,助重
すけた,助田
すけた,祐田
すけだ,助田
すけだ,輔田
すけだい,助薹
すけとも,助友
すけなが,助永
すけなり,祐成
すけの,助野
すけの,祐野
すけのぶ,資延
すけのぶ,助信
すけのぶ,祐延
すけひろ,助廣
すけまつ,助松
すけむね,資宗
すけむら,助村
すけもと,祐本
すけもり,祐森
すけやす,助安
すけやす,祐安
すげ,菅
すげかわ,菅川
すげさか,菅坂
すげた,菅田
すげの,菅野
すげのや,菅谷
すこ,須古
すこ,須小
すこう,須甲
すこぼし,須古星
すごう,周郷
すごう,諏合
すごう,須郷
すごう,須合
すごう,菅生
すごうち,須河内
すごお,菅生
すごもり,巣篭
すごもり,巣籠
すさ,周佐
すさ,諏佐
すさ,諏作
すさ,須佐
すさい,須斉
すさい,須齋
すさき,洲崎
すさき,須（崎の大が立）
すさき,須崎
すさき,須嵜
すさき,鷲崎
すさき,壽崎
すさき,壽嵜
すさと,寿里
すさまる,朱紗丸
すさみ,周参見
すさみ,須佐美
すさもり,寿盛
すさわ,諏澤
すざき,洲崎
すざき,洲岬
すざき,須崎
すざき,酢崎
すざき,壽崎
すざき,洌崎
すざわ,諏澤
すざわ,須沢
すざわ,須澤
すじ,筋
すじの,筋野
すじゃく,朱雀
すすがや,煤ヶ谷
すすき,進来
すすき,須々木
すすき,須須木
すすき,薄
すすき,鈴木
すすき,壽々木
すすきお,薄尾
すすきた,薄田
すすきだ,薄田
すすぎ,雪
すすた,須々田
すすた,煤田
すすまご,煤孫
すすむ,進
すすめ,前
すず,鈴
すずい,鈴井
すずいし,鈴石
すずうら,鈴浦
すずえ,鈴衛
すずえ,鈴江
すずお,鈴尾
すずおか,鈴岡
すずおき,鈴沖
すずおき,鈴置
すずか,鈴鹿
すずかも,鈴鴨
すずかわ,鈴川
すずがき,鈴垣
すずき,寿松木
すずき,進来
すずき,須々木
すずき,鐸木
すずき,鈴記
すずき,鈴樹
すずき,鈴木
すずき,鈴来
すずき,鈴耒
すずき,壽松木
すずき,鱸
すずきだ,鈴木田
すずきり,鈴切
すずくち,鈴口
すずこ,鈴子
すずしま,鈴島
すずしま,鈴嶋
すずしょう,鈴庄
すずた,鈴田
すずたき,鈴滝
すずたけ,鈴武
すずたに,錫谷
すずなか,鈴中
すずの,鈴野
すずひがし,鈴東
すずま,鈴間
すずまさ,鈴政
すずみ,数住
すずみ,鈴見
すずみや,鈴宮
すずむら,錫村
すずむら,鈴村
すずめがの,雀ヶ野
すずもと,鈴元
すずもり,鈴森
すずや,錫谷
すずや,鈴谷
すずやま,鈴山
すずり,硯里
すずりかわ,硯川
すずりみ,硯見
すせ,巣瀬
すせい,須清
すせき,栖関
すそ,須曽
すその,須曽野
すたに,須谷
すたに,酢谷
すだ,隅田
すだ,周田
すだ,須田
すだ,壽田
すだに,寿谷
すだに,須谷
すだに,酢谷
すだやま,須田山
すち,須知
すづき,鈴木
すとう,主藤
すとう,首藤
すとう,周東
すとう,周藤
すとう,須藤
すど,須戸
すど,数土
すど,數土
すど,簀戸
すどう,主藤
すどう,首藤
すどう,周藤
すどう,須東
すどう,須藤
すどう,数藤
すどう,壽藤
すどこ,須床
すな,砂
すない,砂井
すない,巣内
すないり,砂入
すなう,砂生
すなお,須直
すなお,朴
すなおか,砂岡
すなおし,砂押
すなかわ,砂川
すなが,砂永
すなが,砂賀
すなが,須永
すなが,須長
すなが,壽永
すながね,砂金
すながみ,砂上
すながり,砂刈
すながれ,砂流
すながわ,砂川
すなこ,砂子
すなこし,砂越
すなこた,砂子田
すなこだ,砂子田
すなこば,砂子場
すなご,砂古
すなご,砂子
すなござか,砂子阪
すなごた,砂子田
すなごだ,砂子田
すなごや,砂後谷
すなさか,砂坂
すなざわ,砂澤
すなじ,砂地
すなずか,砂塚
すなた,沙田
すなた,砂田
すなたに,砂谷
すなだ,砂田
すなつき,砂月
すなづか,砂（土へんに冢）
すなづか,砂塚
すなとまり,砂泊
すなどい,砂土居
すなどめ,砂留
すなどり,漁
すななが,砂長
すなの,砂野
すなはせ,砂長谷
すなはた,砂畑
すなはら,砂原
すなば,砂場
すなば,砂庭
すなべ,砂辺
すなべ,砂邊
すなぼり,砂掘
すなぼり,砂堀
すなみ,角南
すなみ,砂見
すなみ,須波
すなみ,須浪
すなみ,陶浪
すなむら,砂村
すなもと,砂元
すなもと,砂本
すなもり,砂守
すなもり,砂森
すなもり,砂盛
すなやしき,砂屋敷
すなやま,砂山
すなわたり,砂渡
すぬま,須沼
すねや,強矢
すの,寿野
すのう,須能
すのう,数納
すのうち,州之内
すのうち,洲之内
すのうち,須ノ内
すのうち,須内
すのうち,須之内
すのうち,則内
すのうち,簾内
すのき,橘木
すのさき,洲崎
すのせ,須納瀬
すのせ,巣瀬
すのだ,須野田
すのはら,春原
すのべ,須之部
すはま,洲浜
すはま,洲濱
すはま,須濱
すはら,主原
すはら,寿原
すはら,須原
すはら,数原
すはら,栖原
すはら,陶原
すはら,壽原
すば,須場
すばな,須鼻
すふ,周布
すべ,須部
すほう,周防
すま,須摩
すま,須磨
すま,須麻
すまおか,須磨岡
すまざき,須磨崎
すまたに,須摩谷
すまる,須丸
すみ,（角の田が甲）
すみ,角
すみ,隅
すみ,寿美
すみ,洲見
すみ,住
すみ,須見
すみ,炭
すみ,墨
すみ,鷲見
すみ,壽見
すみ,壽美
すみい,角井
すみい,角居
すみい,隅井
すみい,住井
すみい,住居
すみい,炭井
すみい,墨井
すみうち,隅内
すみうら,純浦
すみえ,角江
すみえ,住家
すみえ,住江
すみお,角尾
すみお,住尾
すみおか,隅岡
すみおか,住岡
すみおか,澄岡
すみおか,墨岡
すみかま,炭竃
すみかま,炭鎌
すみかま,炭竈
すみかわ,角河
すみかわ,角川
すみかわ,済川
すみかわ,住川
すみかわ,澄川
すみがま,住釜
すみがま,炭竃
すみがま,炭釜
すみがま,炭竈
すみがわ,角河
すみき,隅木
すみき,住木
すみくら,角倉
すみくら,隅倉
すみくら,隅蔵
すみこし,角越
すみこま,住駒
すみさだ,住貞
すみさわ,住澤
すみざき,炭崎
すみざわ,隅沢
すみざわ,住澤
すみし,住司
すみしげ,隅重
すみず,隅水
すみその,角園
すみた,角田
すみた,隅田
すみた,住田
すみた,澄田
すみた,炭田
すみたく,住宅
すみたに,角谷
すみたに,隅谷
すみたに,住谷
すみたに,炭谷
すみたに,墨谷
すみだ,角田
すみだ,隅田
すみだ,住田
すみだ,澄田
すみだい,住大
すみだがわ,隅田川
すみとこ,炭床
すみとも,住友
すみな,角名
すみなが,住永
すみなみ,角南
すみの,（角の田が甲）野
すみの,角野
すみの,隅埜
すみの,隅野
すみの,住野
すみのい,住ノ井
すみのうえ,角之上
すみのえ,住ノ江
すみのえ,住江
すみのくら,墨野倉
すみのや,住野谷
すみはま,住浜
すみはら,隅原
すみはら,住原
すみひさ,住久
すみひろ,（角の田が甲）廣
すみひろ,角広
すみひろ,隅広
すみひろ,隅廣
すみひろ,住広
すみひろ,住廣
すみまつ,住松
すみむら,角村
すみむら,住村
すみもと,住元
すみもと,住本
すみもと,炭元
すみもと,炭本
すみや,（角の田が甲）谷
すみや,角屋
すみや,角谷
すみや,隅谷
すみや,住屋
すみや,住谷
すみや,炭谷
すみや,炭矢
すみや,墨屋
すみや,墨谷
すみやしき,角屋敷
すみやま,隅山
すみやま,隈山
すみやま,住山
すみやま,炭山
すみよし,住吉
すみよしたに,住吉谷
すみわ,住和
すむら,周村
すむら,寸村
すめらぎ,皇
すもうやま,角力山
すもと,洲本
すもと,須元
すもと,須本
すもも,洲桃
すももぎ,李木
すもり,寿盛
すもり,須森
すもり,巣守
すもり,壽盛
すや,寿谷
すや,須谷
すや,酢屋
すやま,隅山
すやま,寿山
すやま,周山
すやま,須山
すやま,巣山
すやま,陶山
すやり,須鎗
すりざき,摺崎
すりじ,摺寺
すりで,摺出
すりでら,摺寺
すりもと,摺本
するが,駿河
するが,摺河
するこ,（木へんに字）子
すわ,諏訪
すわ,須和
すわき,洲脇
すわき,諏訪木
すわした,諏訪下
すわぞの,諏訪園
すわだ,諏訪田
すわど,諏訪戸
すわな,須和名
すわない,諏訪内
すわの,諏訪野
すわはら,諏訪原
すわべ,諏訪部
すわま,諏訪間
すわやま,諏訪山
すわり,巣張
すんだ,寸田
ずい,頭井
ずいき,瑞木
ずいとく,瑞徳
ずいねん,随念
ずかわ,頭川
ずけむら,瑞慶村
ずけむら,端慶村
ずけやま,瑞慶山
ずけらん,瑞慶覧
ずし,図司
ずし,図子
ずし,図師
ずし,厨子
ずし,辻子
ずし,頭師
ずし,圖子
ずし,圖師
ずしい,厨井
ずしい,厨子井
ずしでん,図師田
ずしょ,調所
ずずのき,珠数木
ずもと,頭本
せ,施
せ,瀬
せい,瀬井
せい,勢
せい,勢井
せい,清
せいいち,勢一
せいえん,清園
せいお,清尾
せいかい,青海
せいかく,清覚
せいかく,清角
せいがい,青海
せいがわ,清川
せいき,清木
せいき,生喜
せいき,生木
せいきゅう,清久
せいけ,清家
せいこば,清木場
せいご,清吾
せいざ,清座
せいざわ,清澤
せいし,勢司
せいし,勢志
せいしま,清島
せいしょう,清正
せいじ,清治
せいた,清田
せいた,精板
せいたいばし,聖代橋
せいだ,清田
せいだ,精田
せいち,星地
せいち,生地
せいとう,政東
せいとう,清藤
せいどう,清藤
せいの,情野
せいの,制野
せいの,清埜
せいの,清野
せいばし,政橋
せいま,清間
せいまる,清丸
せいみや,清宮
せいもり,生盛
せいや,清谷
せいやま,清山
せいやま,盛山
せいら,清良
せいり,清利
せいりき,勢力
せいりゅう,聖生
せいりゅう,青龍
せいりょう,清涼
せいわ,清和
せいわ,生和
せうら,瀬浦
せお,（瀬の頁が刀の下に貝）尾
せお,瀬尾
せお,清雄
せお,脊尾
せお,背尾
せお,妹尾
せおか,瀬岡
せが,瀬賀
せがた,瀬片
せがぬま,瀬ヶ沼
せがみ,瀬上
せがわ,世川
せがわ,瀬川
せがわ,勢川
せがわ,清川
せがわ,牲川
せがわ,脊川
せき,関
せき,世木
せき,瀬木
せき,石
せき,積
せき,碩
せき,磧
せき,關
せきあい,堰合
せきい,関井
せきうち,関内
せきお,関尾
せきおか,関岡
せきおか,關岡
せきかわ,堰川
せきかわ,関川
せきがみ,関上
せきがわ,関河
せきがわ,関川
せきぐち,関口
せきぐち,關口
せきざき,関崎
せきざわ,関沢
せきざわ,関澤
せきざわ,關澤
せきした,関下
せきしま,関島
せきしろ,堰代
せきじ,石司
せきじま,関島
せきじま,関嶋
せきじょう,赤城
せきすぎ,関杉
せきた,関田
せきた,世木田
せきたに,関谷
せきだ,関田
せきだ,世木田
せきづか,関（土へんに冢）
せきづか,関塚
せきでら,関寺
せきと,関戸
せきとう,関藤
せきど,関戸
せきど,關戸
せきどう,関堂
せきなが,関永
せきなだ,関灘
せきなみ,關浪
せきぬま,関沼
せきね,関根
せきの,関野
せきの,昔農
せきの,關野
せきのう,昔農
せきのはた,堰野端
せきのやま,関之山
せきはし,関橋
せきはす,関蓮
せきはち,堰八
せきはら,関原
せきば,関場
せきひさ,積久
せきひろ,関廣
せきふじ,関藤
せきべ,赤部
せきまた,関亦
せきまち,関町
せきみず,関水
せきみつ,積光
せきむかい,堰向
せきむかい,関向
せきむら,関村
せきめ,関目
せきも,関茂
せきもと,堰本
せきもと,関基
せきもと,関元
せきもと,関本
せきもり,関守
せきもり,関森
せきもり,関盛
せきや,関屋
せきや,関家
せきや,関谷
せきや,関矢
せきや,關谷
せきやま,関山
せきやま,積山
せきやま,赤山
せきやま,關山
せきよし,関吉
せきわ,関和
せぎ,世木
せぎ,瀬木
せぎ,千木
せぎり,瀬切
せくず,瀬屑
せくら,瀬倉
せぐち,瀬口
せぐち,勢口
せぐろ,脊黒
せこ,世古
せこ,瀬古
せこ,瀬子
せこ,迫
せこう,世耕
せこぐち,世古口
せこぐち,清湖口
せこざわ,瀬古澤
せこし,瀬越
せこひら,迫平
せこむね,世古宗
せごう,瀬合
せごえ,瀬越
せごし,瀬越
せざい,瀬在
せざいまる,瀬在丸
せざき,瀬（崎の大が立）
せざき,瀬崎
せざわ,瀬沢
せした,瀬下
せしま,瀬島
せしめ,勢〆
せしも,瀬下
せしゃけ,瀬社家
せじき,世直
せじま,瀬島
せじま,瀬嶋
せじま,妹島
せじも,瀬下
せせ,瀬々
せせくら,瀬々倉
せそこ,瀬底
せた,（瀬の頁が刀の下に貝）田
せた,世田
せた,瀬田
せた,勢多
せた,勢田
せた,清多
せたいし,瀬田石
せたか,瀬高
せたがわ,瀬田川
せたに,瀬谷
せたまつ,瀬田松
せち,瀬知
せちやま,瀬地山
せった,摂田
せった,説田
せった,攝田
せったい,接待
せったい,摂待
せっつ,瀬津
せっつ,摂津
せっつ,攝津
せつ,瀬津
せつ,節
せつ,薛
せついえ,筋家
せつた,説田
せつだ,説田
せつね,瀬恒
せつまさ,節政
せつまる,節丸
せづつ,瀬筒
せと,世戸
せと,世登
せと,瀬戸
せと,瀬渡
せと,瀬登
せと,勢戸
せと,勢登
せと,脊戸
せと,背戸
せと,門廻
せとい,瀬戸井
せとう,瀬藤
せとう,瀬頭
せとう,勢藤
せとうえ,瀬戸上
せとうち,瀬戸内
せとおか,瀬戸岡
せとがわ,瀬戸川
せとがわ,脊戸川
せとがわ,背戸川
せとくち,瀬戸口
せとぐち,世戸口
せとぐち,瀬戸口
せとざき,瀬戸崎
せとじま,瀬戸嶋
せとだ,瀬戸田
せともと,瀬戸本
せとや,瀬戸谷
せとやなぎ,背戸柳
せとやま,瀬戸山
せとりやま,世取山
せどはら,後原
せな,瀬名
せなが,世永
せなが,瀬長
せなは,瀬名波
せなみ,瀬浪
せなり,瀬成
せぬま,瀬沼
せの,瀬野
せのう,瀬能
せのう,勢濃
せのう,勢納
せのう,勢能
せのう,妹尾
せのうえ,瀬ノ上
せのうえ,瀬上
せのお,瀬尾
せのお,瀬野尾
せのお,姓納
せのお,妹尾
せのくち,瀬ノ口
せのくち,瀬之口
せのぐち,瀬ノ口
せのぐち,瀬之口
せのを,妹尾
せはた,瀬畑
せはら,瀬原
せばた,瀬端
せばた,瀬畑
せばた,瀬畠
せべ,瀬部
せべ,瀬辺
せま,瀬間
せま,勢馬
せまなか,瀬間仲
せみい,瀬見井
せみず,（瀬の頁が刀の下に貝）水
せみづき,勢見月
せむら,（瀬の頁が刀の下に貝）村
せもり,瀬森
せや,瀬谷
せや,勢屋
せやす,瀬安
せやま,施山
せやま,瀬山
せやま,勢山
せやま,脊山
せやま,背山
せら,世羅
せら,世良
せら,瀬良
せらい,瀬来
せらがき,瀬良垣
せらた,世良田
せらだ,世良田
せり,世利
せりう,芹生
せりかわ,芹川
せりかわ,糴川
せりがの,芹ケ野
せりきゃく,勢理客
せりぐち,芹口
せりざき,瀬里崎
せりざわ,芹沢
せりざわ,芹澤
せりた,芹田
せりの,芹野
せりやま,芹山
せりゅう,清生
せりょう,瀬領
せわき,瀬脇
せん,千
せん,宣
せん,戦
せんかい,仙海
せんかわ,千川
せんが,千賀
せんがいと,千垣内
せんがん,千貫
せんぎ,仙木
せんぎく,千菊
せんくろ,仙黒
せんげ,千家
せんげん,仙元
せんこ,千古
せんこう,専光
せんこう,川后
せんごう,千郷
せんごく,仙黒
せんごく,仙石
せんごく,仙谷
せんごく,千石
せんごくだに,千石谷
せんさき,千先
せんざい,千歳
せんざい,千載
せんざい,千財
せんざか,千阪
せんざき,仙（崎の大が立）
せんざき,仙崎
せんざき,先（崎の大が立）
せんざき,先崎
せんざき,千（崎の大が立）
せんざき,千崎
せんざき,千先
せんざき,千嵜
せんざわ,千澤
せんしゅう,千秋
せんしょう,専称
せんじまる,千寺丸
せんじゅ,先住
せんじゅ,千手
せんじゅ,千住
せんじゅう,千住
せんじゅう,専従
せんじょう,仙城
せんじょう,先生
せんす,扇子
せんすい,仙水
せんすい,泉水
せんずい,泉瑞
せんずい,泉津井
せんそう,千艘
せんぞ,先祖
せんぞく,千束
せんた,千田
せんたき,千滝
せんたく,仙宅
せんだ,仙田
せんだ,千駄
せんだ,千田
せんだ,扇田
せんだ,泉田
せんだ,專田
せんだい,仙台
せんだい,千代
せんだち,先立
せんだつ,先達
せんだつ,先立
せんつい,泉対
せんつい,泉對
せんてい,泉亭
せんと,専徒
せんとう,仙頭
せんとう,泉頭
せんとく,千徳
せんど,仙土
せんどう,仙藤
せんどう,仙頭
せんどう,仙道
せんどう,千藤
せんどう,潜道
せんどうた,仙洞田
せんどうだ,仙洞田
せんな,仙名
せんな,先名
せんな,千名
せんない,仙内
せんなり,先成
せんにゅう,仙入
せんねんばら,千年原
せんの,仙野
せんの,千野
せんの,専能
せんのう,仙納
せんば,仙場
せんば,仙庭
せんば,仙波
せんば,仙葉
せんば,千羽
せんば,千場
せんば,千把
せんば,千馬
せんば,泉波
せんば,銭場
せんびき,千疋
せんぶ,千歩
せんぷく,泉福
せんぼ,千保
せんぼ,泉保
せんぼう,先坊
せんぼう,千棒
せんぼく,仙北
せんぼくや,仙北屋
せんぼくや,仙北谷
せんぼし,千星
せんぼん,千本
せんぼんぎ,千本木
せんぼんまつ,千本松
せんぽくや,仙北谷
せんま,千間
せんま,扇間
せんまつ,千松
せんみょう,泉名
せんもと,千本
せんもり,千森
せんや,千谷
ぜい,是井
ぜっこ,舌古
ぜっつ,是津
ぜつ,是津
ぜつ,舌
ぜとう,是洞
ぜにた,銭田
ぜにたか,銭高
ぜにたか,錢高
ぜにたに,銭谷
ぜにたに,錢谷
ぜにだ,銭田
ぜにば,銭場
ぜにひろ,銭廣
ぜにまる,銭丸
ぜにむら,銭村
ぜにめ,銭目
ぜにもと,銭本
ぜにや,銭谷
ぜん,善
ぜん,全
ぜん,膳
ぜんいん,禅院
ぜんかめ,膳亀
ぜんがめ,膳亀
ぜんき,善木
ぜんけ,善家
ぜんこ,前古
ぜんこう,善光
ぜんこうじ,善光寺
ぜんご,前後
ぜんざい,善財
ぜんしょう,善勝
ぜんしょう,善生
ぜんじ,善治
ぜんじ,善冶
ぜんじゅう,善住
ぜんだ,銭田
ぜんだ,善田
ぜんだ,全田
ぜんだな,膳棚
ぜんちく,善竹
ぜんでら,前寺
ぜんとう,善塔
ぜんとう,善当
ぜんどう,善藤
ぜんな,善名
ぜんにゅう,善入
ぜんにょうじ,善如寺
ぜんにょじ,善如寺
ぜんの,善野
ぜんの,禅野
ぜんば,前場
ぜんば,善波
ぜんば,膳場
ぜんばやし,善林
ぜんひら,善平
ぜんふく,善福
ぜんぶつ,前仏
ぜんぶつ,前佛
ぜんぽ,善甫
ぜんぽう,善宝
ぜんぽう,善方
ぜんぽう,膳法
ぜんまん,善万
ぜんみょう,善明
ぜんもさく,善茂作
ぜんもと,全本
ぜんようじ,善養寺
ぜんり,善利
そあい,（石へんに夾）合
そいずみ,祖泉
そいち,祖一
そう,宗
そう,曹
そうえ,惣江
そうえん,宗圓
そうえん,荘園
そうか,荘加
そうかい,宗海
そうかわ,寒川
そうかわ,宗川
そうかわ,惣川
そうが,宗賀
そうがわ,寒川
そうくら,宗倉
そうくら,惣蔵
そうぐち,荘口
そうけ,総毛
そうけじま,（竹かんむりに皿）島
そうげん,宗玄
そうげん,惣元
そうごう,相合
そうごん,荘厳
そうさ,宗佐
そうさ,匝嵯
そうさ,匝瑳
そうざき,宗崎
そうざわ,相沢
そうじ,惣路
そうじ,荘司
そうじゅ,双樹
そうじょう,宗定
そうすい,惣水
そうず,寒水
そうず,左右都
そうず,相津
そうずみ,惣角
そうぜん,宗前
そうた,宗田
そうた,惣田
そうだ,左右田
そうだ,宗田
そうだ,崇田
そうだ,双田
そうだ,惣田
そうだ,想田
そうだ,早田
そうだ,相田
そうだ,総田
そうだ,荘田
そうだ,造田
そうだ,雙田
そうだい,惣臺
そうだい,相台
そうで,早出
そうとく,宗得
そうとめ,五月女
そうとめ,早乙女
そうの,埜野
そうの,莊埜
そうのだい,惣野代
そうばる,草原
そうふく,早福
そうぼう,惣坊
そうま,早馬
そうま,相馬
そうまい,相米
そうまん,惣万
そうみ,沢海
そうみつ,荘光
そうみや,宗宮
そうみょう,惣名
そうむた,草牟田
そうむら,宗村
そうむら,荘村
そうや,惣谷
そうり,宗利
そうり,惣宇利
そうりん,宗林
そうわ,宗和
そうわき,惣脇
そえ,曽江
そえじま,添島
そえじま,添嶋
そえじま,副島
そえた,添田
そえだ,添田
そえだ,副田
そえの,添野
そえまつ,副松
そえや,添谷
そおかわ,曽小川
そおがわ,曽小川
そおず,左右津
そおだ,左右田
そおとめ,五月女
そおとめ,早乙女
そかい,祖開
そかべ,曾我部
そかべ,曽我部
そが,曾我
そが,曽我
そが,蘇我
そがお,曽我尾
そがた,曽方
そがはた,曽ケ端
そがはた,曽ヶ端
そがはら,蘓我原
そがべ,宗我部
そがべ,曾我部
そがべ,曽我部
そがべ,曽我辺
そがみ,曾我見
そがみ,曽我見
そがめ,十亀
そがや,曽谷
そがわ,十河
そがわ,十川
そがわ,曽川
そがわ,祖川
そがわ,素川
そがわ,走川
そぎ,曽木
そぎ,枌
そぎおか,枌岡
そぎたに,枌谷
そけい,祖慶
そけん,祖堅
そこおし,底押
そごう,十河
そごう,十合
そごう,十川
そごし,曽越
そし,曽子
そし,曽雌
そしろだ,十代田
そそぎ,淋
そそり,直下
そた,曽田
そた,祖田
そたに,曽谷
そだ,曾田
そだ,曽田
そだ,祖田
そだ,素田
そだ,蘇田
そった,反田
そつ,素都
そで,曽出
そで,袖
そでい,袖井
そでうら,袖浦
そでおか,袖岡
そでかわ,袖川
そでがき,袖垣
そでこだ,袖子田
そでさわ,袖沢
そでさわ,袖澤
そでしま,袖嶋
そでの,袖野
そでむら,袖村
そでやま,袖山
そとうら,外浦
そとお,外尾
そとかわ,外川
そとき,外木
そとぐち,外口
そとこば,外木場
そとざき,外崎
そとざわ,外澤
そとしろ,外城
そとだ,外田
そとだて,外立
そとはら,外原
そとばた,外畑
そとばやし,外林
そとへぼ,外枦保
そとま,外間
そとまる,外丸
そとみ,外海
そとめ,五月女
そとや,外谷
そとやしき,外屋敷
そとやま,外山
そとわ,外輪
そなえ,備
そなん,楚南
そにし,（口へんに曾）西
そね,曾根
そね,曾禰
そね,曽根
そね,曽爾
そね,曽禰
そね,祖根
そねおか,曽根岡
そねがわ,曽根川
そねざき,曾根崎
そねざき,曽根崎
そねだ,曾根田
そねだ,曽根田
そねはら,曽根原
その,園
その,苑
その,薗
その,岨野
その,曽野
その,素野
そのい,園井
そのいけ,園池
そのうら,薗浦
そのうら,其浦
そのお,園生
そのお,園尾
そのかわ,園川
そのがしら,薗頭
そのき,園城
そのき,園木
そのき,其木
そのぎ,蘇木
そのぐち,薗口
そのけ,園家
そのさき,園崎
そのざき,園嵜
そのざき,薗崎
そのした,園下
そのしろ,園城
そのだ,園田
そのだ,苑田
そのだ,薗田
そのだ,其田
そのだて,圓館
そのなか,園中
そのはた,園畑
そのはた,薗畑
そのはた,薗畠
そのはら,園原
そのはら,苑原
そのべ,園延
そのべ,園部
そのべ,園辺
そのべ,薗部
そのむら,園村
そのむら,薗村
そのもと,園元
そのもと,園本
そのや,園屋
そのやま,園山
そはら,曽原
そはら,蘇原
そば,曽場
そばお,曽場尾
そばがき,側垣
そばしま,側島
そばしま,側嶋
そばじま,側島
そばじま,傍島
そばじま,傍嶋
そばた,蕎麦田
そばた,蘇畑
そばたか,側高
そばはらや,蕎原屋
そひら,祖平
そふえ,祖父江
そふかわ,曽布川
そぶ,蘇武
そぶえ,祖父江
そぶかわ,曾布川
そぶかわ,曽布川
そべ,曽部
そぼい,祖母井
そま,杣
そまき,杣木
そまた,曽又
そまだ,杣田
そまとも,杣友
そまもと,杣本
そまや,杣谷
そまやま,杣山
そみぐち,早水口
そみや,曽宮
そめ,染
そめい,染井
そめいし,染石
そめかわ,染川
そめざき,染崎
そめじ,染次
そめたに,染谷
そめたや,染田屋
そめだ,染田
そめの,染野
そめはら,染原
そめみや,染宮
そめや,染谷
そめや,染矢
そめやま,染山
そめわけ,染分
そや,征矢
そや,曽屋
そや,曽谷
そやの,征矢野
そやま,曾山
そやま,曽山
そやま,楚山
そやま,祖山
そよぎ,梵
そよだ,曽余田
そら,空
そら,曽良
そら,楚良
そらい,空井
そらおか,空岡
そらくぼ,空久保
そらごうち,空河内
そらじ,空地
そらたに,空谷
そらだ,空田
そらち,空地
そらなか,空中
そらなか,曽良中
そらの,空野
そらもと,空本
そらもり,空森
そらやま,空山
そり,曽利
そり,素利
そりた,曽利田
そりた,反田
そりはし,反橋
そりまち,反町
そりめ,反り目
そりめ,反リ目
そろい,揃
そろえ,揃江
そろり,曽呂利
そわ,岨
そわ,曽羽
そわ,曽和
そわ,楚輪
そわ,楚和
そわなか,岨中
そん,孫
そんく,孫工
そんじょう,村城
そんた,孫田
そんだ,尊田
そんどう,尊藤
ぞう,増
ぞうか,造賀
ぞうごう,藏合
ぞうざ,蔵座
ぞうし,造士
ぞうしま,蔵島
ぞうじょう,藏條
ぞうずみ,造住
ぞうた,造田
ぞうだ,造田
ぞうりき,造力