た,田
たい,多井
たい,多居
たい,戴
たい,鯛
たい,但井
たい,田井
たい,田居
たいあん,大安
たいい,泰井
たいえ,田家
たいが,大賀
たいき,大喜
たいき,大木
たいき,對喜
たいけ,大家
たいこう,太向
たいこう,大甲
たいこじ,太皷地
たいし,太子
たいし,大司
たいしま,鯛島
たいしゃく,大釋
たいじ,太地
たいじ,鯛治
たいじま,鯛島
たいじゅどう,太寿堂
たいせ,鯛瀬
たいぞう,台蔵
たいたに,鯛谷
たいだ,対田
たいだ,紿田
たいち,太地
たいち,泰地
たいち,田井地
たいち,對知
たいぢ,泰地
たいてん,鯛天
たいとう,帯刀
たいどう,泰道
たいなか,対中
たいなか,泰中
たいなか,胎中
たいなか,鯛中
たいなか,提中
たいなか,田井中
たいなか,平中
たいなか,對中
たいの,田井野
たいのしょう,田結庄
たいのしょう,田結荘
たいへい,太平
たいほう,大鵬
たいま,太間
たいま,対間
たいま,泰間
たいま,對間
たいま,當摩
たいま,當麻
たいむら,田井村
たいや,鯛谷
たいようじ,太養寺
たいら,多比良
たいら,太良
たいら,泰羅
たいら,泰良
たいら,平
たいら,平等
たいら,平良
たいらが,坦ヶ
たいらく,泰楽
たいらく,大楽
たいらく,平楽
たいらこ,平子
たいらだて,平舘
たいらぶね,平舟
たいらぶね,平船
たうえ,田上
たうち,田内
たうら,田浦
たえなか,妙中
たお,田尾
たお,峠
たお,垰
たおう,田王
たおおか,峠岡
たおおか,垰岡
たおか,田岡
たおき,峠木
たおぐち,垰口
たおじり,峠（尻の九が丸）
たおだ,太尾田
たおだ,垰田
たおの,垰野
たおもて,田表
たおもと,田尾本
たおもと,垰本
たか,（はしご高）
たか,高
たか,多加
たか,鷹
たか,隆
たかあい,鷹合
たかあき,高明
たかあら,高荒
たかあり,高有
たかい,（はしご高）井
たかい,位
たかい,高井
たかい,高居
たかい,多加井
たかい,鷹居
たかいえ,鷹家
たかいけ,（はしご高）池
たかいけ,高池
たかいし,（はしご高）石
たかいし,高石
たかいずみ,高泉
たかいち,（はしご高）市
たかいち,高市
たかいで,高出
たかいね,高稲
たかいべ,鷹甘部
たかいべ,鷹養戸
たかいら,（はしご高）井良
たかいら,高以良
たかいら,高井良
たかいわ,（はしご高）岩
たかいわ,高岩
たかうえ,高上
たかうえ,高植
たかうじ,高氏
たかうち,（はしご高）内
たかうち,高内
たかうら,（はしご高）浦
たかうら,高浦
たかえ,（はしご高）江
たかえ,高江
たかえす,（はしご高）江洲
たかえす,高江洲
たかお,（はしご高）尾
たかお,（はしご高）雄
たかお,高尾
たかお,高雄
たかお,鷹尾
たかおか,（はしご高）岡
たかおか,高岡
たかおか,高岳
たかおか,高丘
たかおか,鷹岡
たかおき,高沖
たかおく,高奥
たかおや,高尾屋
たかおり,高折
たかかい,鷹飼
たかかど,高門
たかがい,（はしご高）階
たかがい,高貝
たかがき,（はしご高）垣
たかがき,高垣
たかがき,高柿
たかがね,高金
たかがみ,高上
たかがみ,高神
たかがわ,高河
たかがわ,高川
たかがわ,鷹川
たかき,（はしご高）木
たかき,高城
たかき,高木
たかき,鷹木
たかきた,高北
たかきゅう,高久
たかぎ,（はしご高）城
たかぎ,（はしご高）木
たかぎ,高儀
たかぎ,高樹
たかぎ,高城
たかぎ,高木
たかぎ,鷹木
たかぎ,都木
たかぎ,堂城
たかぎし,（はしご高）岸
たかぎし,高岸
たかぎり,（はしご高）桐
たかぎわ,高際
たかく,（はしご高）久
たかく,高久
たかくさ,（はしご高）草
たかくさ,高草
たかくさ,高艸
たかくさき,（はしご高）草木
たかくさき,高草木
たかくさぎ,高草木
たかくす,高楠
たかくだ,高久田
たかくち,高口
たかくぼ,（はしご高）窪
たかくぼ,高窪
たかくま,（はしご高）熊
たかくま,高熊
たかくも,高雲
たかくら,（はしご高）倉
たかくら,高倉
たかくら,大下倉
たかくわ,高桑
たかくわ,高鍬
たかぐ,高具
たかぐち,高口
たかけ,高家
たかこ,高子
たかこう,高好
たかごう,鷹郷
たかごう,鷹合
たかごし,（はしご高）越
たかごし,高越
たかさ,高佐
たかさお,高棹
たかさか,（はしご高）坂
たかさか,高坂
たかさき,（はしご高）（崎の大が立）
たかさき,（はしご高）崎
たかさき,高（崎の大が立）
たかさき,高崎
たかさき,高碕
たかさき,高嵜
たかさき,鷹崎
たかさく,高作
たかさご,（はしご高）砂
たかさご,高砂
たかさと,高里
たかさわ,（はしご高）澤
たかさわ,高沢
たかさわ,高澤
たかさわ,鷹澤
たかざき,高崎
たかざくら,高櫻
たかざと,高里
たかざわ,（はしご高）澤
たかざわ,高沢
たかざわ,高澤
たかざわ,鷹澤
たかし,（はしご高）士
たかし,（はしご高）師
たかし,尭
たかし,高
たかし,高士
たかし,高師
たかし,高志
たかし,尚
たかし,隆
たかしお,（はしご高）塩
たかしお,高塩
たかしか,高鹿
たかしげ,（はしご高）重
たかしげ,高重
たかしげ,高茂
たかした,高下
たかしな,（はしご高）階
たかしな,（はしご高）品
たかしな,高科
たかしな,高階
たかしな,高品
たかしの,（はしご高）篠
たかしの,高篠
たかしば,（はしご高）柴
たかしば,（はしご高）芝
たかしば,高柴
たかしば,高芝
たかしま,（はしご高）島
たかしま,高島
たかしま,高嶋
たかしま,高嶌
たかしま,崇島
たかしま,鷹島
たかしま,鷹嶋
たかしみず,（はしご高）清水
たかしみず,高清水
たかしょう,高庄
たかしょう,高祥
たかしょう,高正
たかしょう,鷹松
たかしろ,（はしご高）城
たかしろ,高城
たかしろ,高代
たかしろ,鷹城
たかじ,（はしご高）治
たかじ,高治
たかじつこ,（はしご高）實子
たかじょう,（はしご高）城
たかじょう,高乗
たかじょう,高城
たかじょう,鷹匠
たかす,（はしご高）須
たかす,高洲
たかす,高須
たかす,高栖
たかす,高巣
たかす,多賀須
たかす,鷹栖
たかす,鷹巣
たかすえ,高江洲
たかすか,（はしご高）須賀
たかすか,高須賀
たかすが,（はしご高）須賀
たかすが,高須賀
たかすが,高菅
たかすぎ,（はしご高）杉
たかすぎ,高杉
たかすすき,高薄
たかすな,（はしご高）砂
たかすな,高砂
たかずき,高椙
たかせ,（はしご高）世
たかせ,（はしご高）瀬
たかせ,高世
たかせ,高瀬
たかせ,高清
たかせき,高堰
たかせき,高関
たかそ,高僧
たかそう,高僧
たかそう,高相
たかそう,鷹左右
たかそね,高曽根
たかぞえ,（はしご高）添
たかぞえ,高添
たかぞの,高園
たかた,（はしご高）多
たかた,（はしご高）田
たかた,高多
たかた,高田
たかた,鷹田
たかた,田片
たかたけ,高竹
たかたに,（はしご高）谷
たかたに,高谷
たかたま,高玉
たかたや,高谷
たかだ,（はしご高）田
たかだ,貴田
たかだ,高田
たかだ,鷹田
たかだち,高舘
たかだて,高館
たかだて,高舘
たかだま,（はしご高）玉
たかだま,高玉
たかち,（はしご高）地
たかち,高地
たかち,高智
たかちお,高知尾
たかちほ,高千穂
たかちょう,高蝶
たかつ,（はしご高）津
たかつ,（はしご高）都
たかつ,高津
たかつ,鷹津
たかつか,（はしご高）（土へんに冢）
たかつか,（はしご高）塚
たかつか,高（土へんに冢）
たかつか,高塚
たかつかさ,高務
たかつかさ,鷹司
たかつき,（はしご高）月
たかつき,高月
たかつき,高槻
たかつき,高附
たかつぎ,高次
たかつじ,（はしご高）辻
たかつじ,高辻
たかつと,高津戸
たかつな,（はしご高）綱
たかつな,高綱
たかつぼ,高坪
たかづつ,高筒
たかてら,高寺
たかで,高出
たかでら,（はしご高）寺
たかでら,高寺
たかと,（はしご高）戸
たかと,高遠
たかと,高戸
たかと,高都
たかとう,（はしご高）頭
たかとう,高遠
たかとう,高東
たかとう,高筒
たかとう,高藤
たかとう,高頭
たかとお,（はしご高）遠
たかとお,高遠
たかとく,高徳
たかとみ,高冨
たかとや,高戸谷
たかとり,（はしご高）取
たかとり,（はしご高）鳥
たかとり,高取
たかとり,高鳥
たかとり,鷹取
たかど,高戸
たかど,高土
たかどい,高土居
たかどい,高樋
たかどう,（はしご高）堂
たかどう,高堂
たかどう,高道
たかどの,高殿
たかな,高那
たかな,高名
たかなか,（はしご高）中
たかなか,高仲
たかなが,（はしご高）永
たかなが,（はしご高）長
たかなが,高永
たかなが,高長
たかなし,（はしご高）梨
たかなし,高無
たかなし,高梨
たかなし,小鳥遊
たかなし,雀遊
たかなし,鳥楽
たかなべ,高鍋
たかなみ,（はしご高）波
たかなみ,（はしご高）浪
たかなみ,高波
たかなみ,高浪
たかなり,（はしご高）成
たかなり,高成
たかなりた,高成田
たかなわ,高索
たかなわ,高縄
たかに,（はしご高）荷
たかに,高荷
たかに,高仁
たかにし,（はしご高）西
たかにし,高西
たかにし,鷹西
たかぬき,高貫
たかぬま,高沼
たかね,（はしご高）根
たかね,高根
たかねざわ,高根沢
たかねざわ,高根澤
たかの,（はしご高）野
たかの,高埜
たかの,高納
たかの,高野
たかの,鷹野
たかのう,高納
たかのうち,高野内
たかのくら,高野倉
たかのざわ,高野沢
たかのし,（はしご高）野子
たかのす,鷹栖
たかのせ,高野瀬
たかのは,鷹羽
たかのはし,（はしご高）野橋
たかのはし,高野橋
たかのはし,鷹箸
たかのはし,鷹嘴
たかのはし,鷹觜
たかのはら,鷹野原
たかのぶ,（はしご高）信
たかのぶ,高信
たかのべ,高野辺
たかのみや,（はしご高）野宮
たかのみや,高野宮
たかのやま,高ノ山
たかのやま,高野山
たかのり,高乗
たかは,高羽
たかは,鷹羽
たかはぎ,高萩
たかはし,（はしご高）橋
たかはし,孝橋
たかはし,高階
たかはし,高橋
たかはし,高端
たかはし,鷹橋
たかはし,鷹箸
たかはし,鷹觜
たかはた,（はしご高）畑
たかはた,（はしご高）畠
たかはた,高畑
たかはた,高畠
たかはま,（はしご高）浜
たかはま,（はしご高）濱
たかはま,高浜
たかはま,高濱
たかはら,（はしご高）原
たかはら,高原
たかはら,嵩原
たかはり,高張
たかば,高羽
たかば,高場
たかば,鷹羽
たかば,鷹場
たかば,竹迫
たかばたけ,（はしご高）畠
たかばたけ,高畑
たかばたけ,高畠
たかばやし,（はしご高）林
たかばやし,高林
たかばやし,鷹林
たかひ,（はしご高）樋
たかひ,高日
たかひ,高比
たかひ,高樋
たかひさ,高久
たかひざ,高比座
たかひで,（はしご高）秀
たかひで,高秀
たかひら,（はしご高）比良
たかひら,高比来
たかひら,高比良
たかひら,高平
たかひろ,高広
たかひろ,高廣
たかふじ,（はしご高）藤
たかふじ,高藤
たかふち,高渕
たかぶき,高吹
たかぶち,高淵
たかぶち,高渕
たかへい,（はしご高）幣
たかへい,高幣
たかへい,高幤
たかべ,（はしご高）部
たかべ,高倍
たかべ,高部
たかべ,高邉
たかほこ,鷹架
たかほし,高星
たかほり,高堀
たかぼり,高堀
たかま,（はしご高）間
たかま,高間
たかま,高天
たかま,高麗
たかまえだ,高前田
たかまがり,高曲
たかまぎ,高間木
たかまさ,高正
たかまさ,賞雅
たかます,高升
たかます,高舛
たかます,高増
たかまた,鷹股
たかまち,高町
たかまつ,（はしご高）（松のムが口）
たかまつ,（はしご高）松
たかまつ,高松
たかまつ,鷹松
たかまる,（はしご高）丸
たかまる,高丸
たかまん,高満
たかみ,（はしご高）見
たかみ,（はしご高）味
たかみ,高見
たかみ,高美
たかみ,高味
たかみ,鷹見
たかみさわ,（はしご高）見澤
たかみさわ,高見沢
たかみさわ,高見澤
たかみざわ,（はしご高）見沢
たかみざわ,（はしご高）見澤
たかみざわ,（百貨店・高島屋の立）見澤
たかみざわ,高見沢
たかみざわ,高見澤
たかみず,高水
たかみぞ,高溝
たかみち,（はしご高）道
たかみち,高道
たかみつ,（はしご高）光
たかみつ,高光
たかみどう,高御堂
たかみどり,（はしご高）緑
たかみどり,高緑
たかみね,（はしご高）嶺
たかみね,高峰
たかみね,高峯
たかみね,高嶺
たかみね,鷹峰
たかみや,（はしご高）宮
たかみや,高宮
たかみやぎ,（はしご高）宮城
たかみやぎ,高宮城
たかむき,高向
たかむく,（はしご高）椋
たかむく,高向
たかむく,高椋
たかむね,（はしご高）宗
たかむね,高宗
たかむら,（はしご高）村
たかむら,（竹かんむりに屋）
たかむら,（竹冠に屋・一文字）
たかむら,高村
たかむら,高邑
たかむら,篁
たかむれ,（はしご高）群
たかむれ,高群
たかむれ,高牟礼
たかむれ,高牟禮
たかむろ,（はしご高）室
たかむろ,高室
たかめ,（はしご高）目
たかもと,（はしご高）元
たかもと,（はしご高）本
たかもと,高元
たかもと,高本
たかもと,鷹本
たかもり,（はしご高）森
たかもり,高守
たかもり,高森
たかもり,高盛
たかや,（はしご高）屋
たかや,（はしご高）谷
たかや,（はしご高）矢
たかや,高屋
たかや,高家
たかや,高谷
たかや,高矢
たかや,鷹屋
たかや,鷹谷
たかやしき,（はしご高）屋敷
たかやしき,高屋敷
たかやしき,高屋舗
たかやしき,高屋舖
たかやす,（はしご高）安
たかやす,高安
たかやすみ,鷹休
たかやなぎ,高柳
たかやぶ,高薮
たかやぶ,高藪
たかやま,（はしご高）山
たかやま,高山
たかよし,高吉
たかよせ,高寄
たから,（はしご高）良
たから,高良
たから,財
たから,多嘉良
たから,宝
たから,寶
たから,寳
たから,鈩
たからい,宝井
たからい,宝居
たからぎ,宝樹
たからぎ,宝木
たからぎ,寶來
たからざわ,宝沢
たからじま,宝島
たからじま,寳島
たからだ,財田
たからだ,宝田
たからだ,寶田
たからだ,寳田
たからべ,財部
たからもと,宝本
たかりき,高力
たかりこ,田苅子
たかわ,（はしご高）輪
たかわ,高輪
たかわ,高和
たかわし,高鷲
たかわたり,（はしご高）渡
たが,多嘉
たが,多賀
たが,田賀
たがい,互
たがい,多賀井
たがい,多貝
たがい,田賀井
たがい,田貝
たがいと,多賀糸
たがいと,田垣内
たがいの,互野
たがえとう,田替藤
たがき,太垣
たがき,田垣
たがしら,田頭
たがた,田形
たがた,田方
たがたに,多賀谷
たがね,田金
たがの,多賀野
たがの,田賀農
たがみ,田上
たがや,多ヶ谷
たがや,多加谷
たがや,多賀谷
たがや,達谷窟
たがや,田ケ谷
たがや,田ヶ谷
たがや,田加谷
たがりこ,田刈子
たがわ,多河
たがわ,多川
たがわ,太川
たがわ,田河
たがわ,田川
たがわ,夛川
たがん,田雁
たき,（はしご高）城
たき,高城
たき,多喜
たき,多紀
たき,多木
たき,多氣
たき,太記
たき,滝
たき,瀧
たきい,滝井
たきい,瀧井
たきいし,滝石
たきいし,瀧石
たきうえ,瀧上
たきうち,滝内
たきうち,瀧内
たきうら,滝浦
たきうら,瀧浦
たきえ,滝江
たきお,瀧尾
たきおか,瀧岡
たきおく,滝奥
たきおと,瀧音
たきかわ,滝川
たきかわ,瀧川
たきがいと,滝垣内
たきがさき,瀧ヶ崎
たきがしら,滝頭
たきがひら,滝ヶ平
たきがひら,瀧ケ平
たきがひら,瀧ヶ平
たきがみ,滝上
たきがみ,瀧上
たきがわ,滝川
たきがわ,瀧川
たききた,瀧北
たきぎく,滝聞
たきぎく,瀧聞
たきぎり,瀧桐
たきくら,瀧倉
たきぐち,滝口
たきぐち,瀧口
たきさわ,滝澤
たきざき,滝崎
たきざわ,滝沢
たきざわ,滝澤
たきざわ,瀧沢
たきざわ,瀧澤
たきした,滝下
たきした,瀧下
たきしま,滝島
たきしま,滝嶌
たきしま,瀧島
たきしろ,滝代
たきじま,瀧島
たきじり,瀧尻
たきせ,滝瀬
たきせ,瀧瀬
たきた,多喜田
たきた,滝田
たきた,瀧田
たきた,田北
たきた,龍田
たきたに,滝谷
たきたに,瀧谷
たきだいら,滝平
たきつか,瀧塚
たきでら,滝寺
たきでら,瀧寺
たきと,滝戸
たきとう,滝藤
たきとう,瀧藤
たきど,滝戸
たきど,瀧戸
たきなが,瀧永
たきなみ,滝波
たきなみ,滝浪
たきなみ,瀧波
たきなみ,瀧浪
たきね,瀧根
たきの,多喜乃
たきの,滝野
たきの,瀧埜
たきの,瀧野
たきのさわ,滝野沢
たきのさわ,滝野澤
たきはた,瀧畑
たきはな,滝華
たきはな,滝鼻
たきはな,瀧花
たきはな,瀧華
たきはら,瀧原
たきば,滝場
たきばた,多喜端
たきばた,瀧端
たきばやし,滝林
たきばやし,瀧林
たきひ,瀧日
たきひら,滝平
たきふか,滝深
たきふじ,瀧藤
たきぶち,瀧渕
たきまえ,瀧前
たきみず,滝水
たきみや,瀧宮
たきむら,滝村
たきもと,滝本
たきもと,瀧元
たきもと,瀧源
たきもと,瀧本
たきもり,滝森
たきもり,瀧森
たきや,滝谷
たきや,瀧屋
たきや,瀧谷
たきやなぎ,瀧栁
たきやま,多幾山
たきやま,滝山
たきやま,瀧山
たきゅう,田久
たきゅう,武弓
たきゅう,武生
たきょう,田京
たきよし,滝吉
たきらい,滝来
たきわき,滝脇
たきわき,瀧脇
たぎ,多岐
たぎ,田儀
たぎ,田木
たぎく,多菊
たぎし,田岸
たぎり,田桐
たぎり,田切
たく,多久
たく,宅
たく,度
たくい,工位
たくいし,宅石
たくさかわ,田草川
たくさがわ,田草川
たくさり,田鎖
たくざき,宅崎
たくし,沢岻
たくし,澤岻
たくしま,多久島
たくしま,多久嶋
たくしま,宅島
たくしょく,拓殖
たくた,卓田
たくの,多久野
たくの,宅野
たくはら,宅原
たくび,田首
たくぼ,田久保
たくぼ,田窪
たくま,卓間
たくま,宅間
たくま,琢磨
たくま,田熊
たくま,田隈
たくま,詫間
たくま,詫摩
たくま,詫磨
たくみ,工
たくみ,巧
たくみ,匠
たくみ,太組
たくみ,宅見
たくみ,宅美
たくみ,田組
たくみ,内匠
たくみ,侘美
たくみだ,工田
たくみや,内匠屋
たくみょう,宅明
たくもり,宅森
たくら,田倉
たくわ,多久和
たくわ,宅和
たぐい,田杭
たぐさ,田草
たぐさがわ,田草川
たぐさり,田鎖
たぐち,田口
たぐま,田熊
たぐり,田栗
たぐろ,田黒
たけ,竹
たけ,武
たけ,嶽
たけい,竹位
たけい,竹井
たけい,竹居
たけい,武井
たけい,武居
たけいし,竹石
たけいし,武石
たけいだ,竹居田
たけいち,竹一
たけいち,竹市
たけいち,武市
たけいり,竹入
たけうえ,竹上
たけうえ,武上
たけうじ,竹宇治
たけうじ,竹氏
たけうち,建内
たけうち,竹内
たけうち,武内
たけうら,竹浦
たけえ,武衛
たけえ,武江
たけお,竹生
たけお,竹尾
たけお,武生
たけお,武尾
たけおい,竹生
たけおか,竹岡
たけおか,竹丘
たけおか,武岡
たけおか,嶽岡
たけおり,竹折
たけかさ,武笠
たけかた,武方
たけかわ,竹河
たけかわ,竹川
たけかわ,武川
たけがき,竹垣
たけがさ,武笠
たけがた,竹形
たけがはな,竹ヶ鼻
たけがはら,竹ケ原
たけがはら,竹ヶ原
たけがみ,竹上
たけがみ,武上
たけがわ,竹川
たけきし,竹岸
たけきた,竹木田
たけきた,嶽北
たけきだ,武木田
たけきよ,竹清
たけぎし,竹岸
たけくに,竹国
たけくに,竹國
たけくま,竹熊
たけくま,武熊
たけくま,武隈
たけくら,竹倉
たけぐち,竹口
たけぐち,武口
たけこう,竹厚
たけこし,竹越
たけこし,竹腰
たけごうち,竹河内
たけごし,竹越
たけごし,竹腰
たけさか,竹坂
たけさき,竹（崎の大が立）
たけさき,竹崎
たけさき,武崎
たけさこ,竹迫
たけさだ,武貞
たけざき,竹（崎の大が立）
たけざき,竹崎
たけざき,武（崎の大が立）
たけざき,武崎
たけざき,嶽（崎の大が立）
たけざき,嶽崎
たけざこ,竹迫
たけざわ,竹沢
たけざわ,竹澤
たけざわ,武沢
たけざわ,武澤
たけざわ,嶽澤
たけし,竹子
たけし,武
たけし,武士
たけし,武志
たけしか,武鹿
たけしげ,竹重
たけしげ,竹茂
たけしげ,武重
たけしげ,武繁
たけした,岳下
たけした,竹下
たけした,武下
たけしな,竹科
たけしま,竹島
たけしま,竹嶋
たけしま,武島
たけしま,武嶋
たけしろ,武城
たけじ,竹治
たけすえ,竹末
たけすえ,武居
たけすえ,武末
たけその,竹園
たけぞえ,竹添
たけぞの,竹園
たけた,竹田
たけた,武田
たけたか,竹高
たけたず,竹田津
たけたつ,竹達
たけたつ,竹田津
たけたづ,竹田津
たけたに,竹谷
たけたに,武谷
たけだ,建田
たけだ,多気田
たけだ,多氣田
たけだ,竹多
たけだ,竹田
たけだ,武多
たけだ,武田
たけだがわ,武田川
たけだち,竹立
たけち,竹知
たけち,竹地
たけち,武市
たけち,武知
たけち,武地
たけち,武智
たけつ,竹津
たけつぐ,竹次
たけつぐ,武次
たけつな,竹綱
たけつめ,竹爪
たけつる,竹鶴
たけとう,岳藤
たけとう,武藤
たけとし,竹歳
たけとみ,武富
たけとみ,武冨
たけとも,竹友
たけどみ,武富
たけどめ,竹留
たけな,竹名
たけなえ,竹苗
たけなか,岳中
たけなか,竹中
たけなか,竹仲
たけなか,武中
たけなか,武仲
たけなが,竹永
たけなが,竹長
たけなが,武永
たけなが,武長
たけなみ,竹波
たけなみ,竹並
たけなみ,竹浪
たけなみ,武南
たけなみ,武波
たけなみ,武並
たけなみ,武濤
たけなわ,竹縄
たけなわ,武縄
たけにし,嵩西
たけにし,竹西
たけぬき,竹貫
たけの,岳野
たけの,竹埜
たけの,竹野
たけの,武野
たけの,嶽野
たけのいり,竹野入
たけのう,竹能
たけのうえ,竹ノ上
たけのうえ,竹上
たけのうえ,竹之上
たけのうじ,武野氏
たけのうち,竹ノ内
たけのうち,竹内
たけのうち,竹之内
たけのうち,竹野内
たけのうち,武内
たけのうち,武之内
たけのきしん,竹之木進
たけのくち,炬口
たけのくま,竹之隈
たけのこ,竹ノ子
たけのした,竹ノ下
たけのした,竹之下
たけのした,竹野下
たけのはな,竹ノ鼻
たけのぶ,竹延
たけのぶ,竹信
たけのぶ,武信
たけのべ,竹延
たけのもと,竹ノ本
たけのもり,竹森
たけのや,竹野谷
たけのり,竹乘
たけのわき,竹ノ脇
たけはし,竹橋
たけはた,竹端
たけはな,竹花
たけはな,竹端
たけはな,竹鼻
たけはな,武花
たけはま,竹浜
たけはら,嵩原
たけはら,竹原
たけはら,武原
たけば,竹場
たけば,竹葉
たけば,武半
たけばた,竹端
たけばな,竹花
たけばやし,竹林
たけばやし,武林
たけひ,竹樋
たけひ,武樋
たけひさ,竹久
たけひさ,武久
たけひら,竹平
たけひら,武平
たけひろ,竹広
たけひろ,竹廣
たけひろ,武廣
たけふ,竹生
たけふし,竹節
たけふじ,竹藤
たけふじ,武藤
たけふた,竹蓋
たけぶち,竹渕
たけぶち,武渕
たけべ,建部
たけべ,竹部
たけべ,竹辺
たけべ,武部
たけべ,武辺
たけほら,竹洞
たけま,竹間
たけま,武馬
たけまえ,竹前
たけまき,竹巻
たけまさ,竹雅
たけまさ,竹政
たけまさ,武政
たけまさ,武正
たけます,竹増
たけまた,竹股
たけまた,竹俣
たけまつ,竹松
たけまつ,武松
たけまる,竹丸
たけまる,武丸
たけみ,竹見
たけみ,竹味
たけみ,武見
たけみか,武甕
たけみつ,竹光
たけみつ,武光
たけみつ,武満
たけみなみ,武南
たけみや,竹宮
たけみや,武宮
たけむら,竹村
たけむら,竹邑
たけむら,武村
たけむら,武邑
たけむら,嶽村
たけむれ,竹牟禮
たけもと,嵩元
たけもと,竹元
たけもと,竹本
たけもと,武元
たけもと,武本
たけもと,嶽本
たけもり,竹森
たけもり,竹盛
たけもり,武守
たけもり,武森
たけもん,竹門
たけや,竹屋
たけや,竹家
たけや,竹谷
たけや,武谷
たけやす,竹安
たけやす,竹保
たけやす,武安
たけやぶ,竹薮
たけやま,竹山
たけやま,武山
たけやま,嶽山
たけやり,武鑓
たけよし,竹吉
たけよし,武吉
たけわ,竹輪
たけわ,武輪
たけわか,竹若
たけわか,武若
たけわき,竹脇
たけわき,武脇
たけわり,竹割
たげ,田外
たこ,多胡
たこ,蛸
たこ,田子
たこ,鮹
たこい,蛸井
たこう,田光
たこう,田幸
たこう,田高
たこうだ,竹生田
たこうら,田高良
たこしま,蛸島
たこじま,蛸島
たこじま,田古島
たこたに,蛸谷
たこない,田子内
たご,多湖
たご,多胡
たご,田悟
たご,田子
たご,夛湖
たごおか,田郷岡
たごく,田極
たごし,田越
たごもり,田篭
たごもり,田籠
たごや,田頃家
たごやま,田子山
たさ,太佐
たさい,太斉
たさい,太齋
たさい,田才
たさい,田斎
たさい,田斉
たさか,田坂
たさか,田阪
たさき,多崎
たさき,太崎
たさき,田（崎の大が立）
たさき,田崎
たさき,田先
たさく,田作
たさと,田里
たざき,田崎
たざわ,田沢
たざわ,田澤
たしお,田塩
たしぐち,田志口
たした,田下
たしぶ,田染
たしぶ,田澁
たしま,田島
たしま,田嶋
たしま,田嶌
たしも,田下
たしょう,多昌
たしょう,田生
たしろ,太城
たしろ,田城
たしろ,田代
たじ,多司
たじ,多地
たじ,太治
たじ,丹比
たじ,田次
たじ,田路
たじか,多鹿
たじか,田近
たじか,田鹿
たじかわ,夛治川
たじた,但田
たじつ,田実
たじつ,田實
たじの,田地野
たじま,多島
たじま,多嶋
たじま,太島
たじま,但馬
たじま,田島
たじま,田嶋
たじま,田嶌
たじま,田嶼
たじま,夛島
たじみ,多治見
たじみ,丹治
たじみ,田治見
たじめ,田治米
たじり,田（尻の九が丸）
たじり,田尻
たじんだ,多神田
たすえ,田末
たすぎ,田杉
たすみ,田角
たすみ,田隅
たすみ,田隈
たずのき,尋木
たずみ,田隅
たせ,多瀬
たせ,田瀬
たせ,田畝
たせ,田勢
たぜき,田堰
たぞう,多造
たぞう,田雑
たぞう,田蔵
たぞえ,田添
たぞえ,田副
たたい,多田井
たたい,田多井
たたえ,湛
たたか,田高
たたき,但木
たたち,田立
たたに,多谷
たたの,多々納
たたの,多々野
たたの,多田納
たたのう,多々納
たたみ,畳
たたみ,多々見
たたみ,多田見
たたみ,太民
たたみたに,畳谷
たたみだに,畳谷
たたみや,疊屋
たたら,多々良
たたら,多田羅
たたら,田々楽
たたら,鑪
たたら,鈩
たたらい,田足井
たたらざこ,鑪迫
たたらの,鑪野
ただ,多田
ただ,但田
ただ,田多
ただ,唯
ただ,夛田
ただい,多田井
ただい,忠井
ただい,唯井
ただいし,只石
ただいし,忠石
ただいで,多田出
ただうち,多田内
ただうち,忠内
ただうみ,忠海
ただうら,只浦
ただおか,唯岡
ただか,田高
ただがき,忠垣
ただき,只木
ただき,但木
ただき,唯木
ただくま,多田隈
ただくま,只熊
ただくま,只隈
ただこし,只腰
たださ,只左
ただしま,唯島
ただすえ,忠末
ただち,忠地
ただち,田立
ただつ,忠津
ただとも,只友
ただなが,忠永
ただに,多谷
ただの,多々納
ただの,多々野
ただの,多田野
ただの,只埜
ただの,只野
ただの,但野
ただの,唯野
ただの,伹野
ただのう,多々納
ただのう,多多納
ただのぶ,只信
ただふじ,唯藤
ただま,田玉
ただまさ,忠政
ただまつ,只松
ただみ,多田見
ただむら,多田村
ただやす,只安
たち,館
たち,舘
たち,裁
たち,城
たち,多地
たち,太知
たち,太智
たち,太刀
たち,達
たち,田地
たち,立
たちい,舘井
たちい,立井
たちいり,立入
たちいわ,立岩
たちうち,釼内
たちおか,立岡
たちかわ,舘川
たちかわ,多知川
たちかわ,太刀川
たちかわ,達川
たちかわ,田地川
たちかわ,刀川
たちかわ,立河
たちかわ,立川
たちかわめ,立川目
たちき,立木
たちざき,立崎
たちざこ,立迫
たちざわ,立澤
たちした,舘下
たちしま,舘島
たちぞの,立薗
たちたに,舘谷
たちだ,舘田
たちなか,立中
たちなみ,立浪
たちなり,立成
たちの,舘野
たちの,太刀野
たちの,刀野
たちの,立野
たちはら,立原
たちばな,館花
たちばな,舘鼻
たちばな,橘
たちばな,多智花
たちばな,立花
たちばなき,橘木
たちばなぞの,橘園
たちひさ,舘久
たちべ,立部
たちべに,舘紅
たちぼり,立堀
たちみち,立道
たちむら,舘村
たちめ,立目
たちもと,田知本
たちもと,立元
たちもと,立本
たちもり,館盛
たちもり,舘森
たちもり,舘盛
たちもり,日月
たちもり,立森
たちや,立谷
たちや,立矢
たちやしき,立屋敷
たちやま,立山
たちわき,立脇
たちわだ,立和田
たぢ,田地
たぢか,田近
たぢから,田力
たっこ,田子
たっそ,達増
たつ,達
たつい,辰井
たつい,辰亥
たつい,龍井
たつい,龍居
たついし,立石
たついち,辰市
たつうま,辰馬
たつお,辰尾
たつおか,辰岡
たつおか,立岡
たつおか,龍岡
たつおき,龍興
たつか,達家
たつかみ,立上
たつかわ,達川
たつかわ,辰川
たつかわ,立川
たつかわ,竜川
たつかわ,龍川
たつがえ,龍ヶ江
たつがみ,立神
たつがみ,龍神
たつがわ,立川
たつき,太附
たつき,達木
たつき,田付
たつき,田附
たつき,立木
たつき,龍城
たつぎ,立木
たつくち,辰口
たつぐち,辰口
たつぐち,竜口
たつぐち,龍口
たつけ,田付
たつけ,田附
たつこう,立光
たつこし,龍腰
たつざき,立崎
たつざわ,辰澤
たつざわ,立沢
たつざわ,立澤
たつざわ,竜澤
たつざわ,龍沢
たつざわ,龍澤
たつした,達下
たつしま,辰島
たつしま,立島
たつしま,龍嶋
たつしろ,達城
たつじり,辰尻
たつた,達田
たつた,辰田
たつた,立田
たつた,竜田
たつた,龍田
たつたに,龍谿
たつだに,龍渓
たつづき,田続
たつとみ,達富
たつなか,達中
たつなみ,瀧波
たつなみ,立浪
たつなり,立成
たつに,辰仁
たつの,達野
たつの,辰濃
たつの,辰野
たつの,田角
たつの,立野
たつの,龍野
たつのくち,龍ノ口
たつのくち,龍口
たつはら,龍原
たつひら,立平
たつぼ,田坪
たつぼり,立堀
たつま,辰間
たつま,辰馬
たつま,立間
たつみ,選
たつみ,達身
たつみ,辰見
たつみ,辰己
たつみ,辰巳
たつみ,巽
たつみ,田積
たつみ,立見
たつみ,龍見
たつみ,龍湖
たつみさご,辰巳砂
たつみち,立道
たつみや,巽谷
たつむら,辰村
たつむら,龍村
たつもと,達本
たつもと,辰元
たつもと,辰本
たつもと,立元
たつもと,立本
たつや,達家
たつやま,達山
たつやま,立山
たつやま,竜山
たつやま,龍山
たつよし,辰吉
たつわき,達脇
たづき,田月
たづき,田附
たづけ,太附
たづけ,田附
たづはら,田津原
たづま,田妻
たづみ,田積
たづめ,田爪
たづや,田鶴谷
たづら,田面
たて,伊達
たて,館
たて,舘
たて,楯
たて,竪
たて,立
たてあき,立秋
たてい,立井
たていし,館石
たていし,舘石
たていし,建石
たていし,楯石
たていし,竪石
たていし,立石
たていし,碣石
たていずみ,舘泉
たていち,館市
たていち,舘市
たていり,立入
たていわ,立岩
たてうち,館内
たてうち,舘内
たてうま,立馬
たてうら,舘浦
たてお,舘尾
たてお,立尾
たておか,館岡
たておか,舘岡
たておか,楯岡
たておか,立岡
たてかべ,立壁
たてかわ,建川
たてかわ,楯川
たてかわ,竪川
たてかわ,立川
たてがき,立垣
たてがみ,建守
たてがみ,建上
たてがみ,立上
たてくら,立蔵
たてさか,舘坂
たてさわ,舘澤
たてざき,舘崎
たてざき,立（崎の大が立）
たてざわ,舘澤
たてざわ,立澤
たてし,立志
たてした,舘下
たてした,達下
たてしま,建島
たてしま,立嶋
たてずみ,立住
たてだ,館田
たてだ,舘田
たてだ,建田
たてだ,楯田
たてだ,立田
たてちょう,立町
たてつ,立津
たてでら,舘寺
たてない,蓼内
たてなみ,楯列
たてぬま,舘沼
たてぬま,蓼沼
たての,館農
たての,館野
たての,舘野
たての,建野
たての,竪野
たての,立野
たてのい,立野井
たてはし,立橋
たてはた,建畠
たてはた,立畠
たてはな,館花
たてはな,舘花
たてはら,立原
たてば,立場
たてばやし,館林
たてばやし,舘林
たてばやし,建林
たてばやし,楯林
たてばやし,達林
たてばやし,立林
たてひさ,舘久
たてひら,立平
たてふく,立福
たてふじ,立藤
たてべ,建部
たてべ,立部
たてべ,立辺
たてほら,舘洞
たてまた,舘股
たてまつ,立松
たてまつ,立枩
たてみ,立見
たてみち,舘道
たてみち,竪道
たてみち,立道
たてみつ,立光
たてむら,立村
たてもと,建元
たてもと,建本
たてもと,竪本
たてもと,立元
たてもと,立本
たてもり,館盛
たてもり,舘盛
たてや,楯谷
たてや,竪谷
たてやま,館山
たてやま,舘山
たてやま,建山
たてやま,竪山
たてやま,立山
たてわか,立若
たてわき,館脇
たてわき,帯刀
たてわき,立脇
たでぬま,蓼沼
たでまる,蓼丸
たでや,田出谷
たでら,田寺
たとう,多束
たとう,多東
たところ,田所
たとり,田鳥
たど,多戸
たど,田戸
たどう,田頭
たどころ,田所
たどころ,田處
たどの,田殿
たどめ,田留
たなあみ,棚網
たなあみ,田名網
たない,棚井
たない,田内
たなえ,多苗
たなえ,田苗
たなか,多中
たなか,太中
たなか,田中
たなか,田仲
たなかい,田中井
たなかじま,田中嶋
たなかだて,根武谷
たなかだて,田中館
たなかだて,田中舘
たなかまる,田中丸
たなかやしき,田中屋敷
たなが,田永
たながわ,棚川
たながわ,伹川
たなき,棚木
たなきはら,棚木原
たなくら,棚倉
たなご,田名後
たなさわ,棚沢
たなさわ,棚澤
たなざわ,棚沢
たなざわ,棚澤
たなせ,棚瀬
たなせ,田名瀬
たなたに,棚谷
たなだ,多奈田
たなだ,棚田
たなだ,田灘
たなだ,田名田
たなつぐ,棚次
たなの,棚野
たなはし,柵橋
たなはし,棚橋
たなはし,店橋
たなはら,棚原
たなば,田名場
たなばし,棚橋
たなばた,七夕
たなひら,棚平
たなびき,田靡
たなぶ,田名部
たなべ,多鍋
たなべ,棚部
たなべ,棚辺
たなべ,棚邊
たなべ,棚邉
たなべ,田那部
たなべ,田那辺
たなべ,田鍋
たなべ,田南部
たなべ,田部
たなべ,田辺
たなべ,田名部
たなべ,田邊
たなべ,田邉
たなぼ,田面
たなまち,棚町
たなみ,多並
たなみ,田波
たなみ,田並
たなみ,田浪
たなむら,棚村
たなむら,店村
たなむら,田那村
たなもと,棚元
たなやま,棚山
たに,谷
たに,溪
たにあい,谷合
たにあらし,谷嵐
たにい,谷位
たにい,谷井
たにい,谷爲
たにいけ,谷池
たにいし,谷石
たにいずみ,谷泉
たにいち,谷一
たにう,谷生
たにうえ,谷上
たにうち,渓内
たにうち,谷内
たにうら,谷浦
たにえ,谷永
たにえ,谷江
たにお,谷尾
たにおか,谷岡
たにおく,谷奥
たにかが,谷利
たにかぜ,谷風
たにかた,谷方
たにかめ,谷亀
たにかわ,谷河
たにかわ,谷川
たにが,谷賀
たにがい,谷貝
たにがいち,谷垣内
たにがいと,谷垣内
たにがき,谷垣
たにがしら,谷頭
たにがま,谷釜
たにがみ,谷上
たにがわ,谷河
たにがわ,谷川
たにがわら,谷川原
たにき,谷木
たにぎし,谷岸
たにくら,谷倉
たにぐち,谷口
たにぐち,溪口
たにこし,谷越
たにご,谷後
たにごう,谷郷
たにさか,谷坂
たにさき,谷（崎の大が立）
たにさき,谷埼
たにさけ,谷酒
たにさこ,谷迫
たにさだ,谷定
たにさわ,谷澤
たにざき,谷（崎の大が立）
たにざき,谷崎
たにざわ,谷沢
たにざわ,谷澤
たにし,田西
たにし,田螺
たにしき,谷鋪
たにしげ,谷重
たにしげ,谷繁
たにした,谷下
たにしま,谷島
たにしま,谷嶋
たにしょ,谷所
たにしょう,谷生
たにしろ,谷城
たにじ,谷治
たにじま,谷嶋
たにじょ,谷所
たにじり,谷尻
たにすえ,谷末
たにずみ,谷住
たにぜき,谷関
たにぞえ,谷添
たにた,谷田
たにだ,谷田
たにち,谷知
たにち,谷地
たにちだ,谷地田
たにつ,谷津
たにつぐ,谷次
たにづ,谷津
たにづか,谷塚
たにで,谷出
たにと,谷戸
たにどころ,谷所
たにな,谷名
たにない,谷内
たになか,谷中
たになみ,谷波
たにの,谷野
たにのうえ,谷ノ上
たにのくち,谷ノ口
たにはし,谷端
たにはた,谷端
たにはた,谷幡
たにはた,谷畑
たにはら,谷原
たにばた,谷端
たにばやし,谷林
たにひがし,谷東
たにひら,谷平
たにひろ,谷弘
たにふじ,谷藤
たにぶち,谷淵
たにぶち,谷渕
たにほ,谷保
たにぼう,谷坊
たにま,谷間
たにみず,谷水
たにみち,谷道
たにみつ,谷光
たにむかい,谷向
たにむら,渓村
たにむら,谷村
たにもと,谷元
たにもと,谷本
たにもり,谷森
たにや,谷屋
たにや,谷家
たにや,谷谷
たにや,谷矢
たにやま,谷山
たによし,谷吉
たにり,谷利
たにわ,谷輪
たにわ,谷和
たにわき,谷脇
たぬし,田主
たぬま,田沼
たね,種
たね,多根
たね,太根
たね,田根
たねい,種井
たねい,多根井
たねいけ,種池
たねいし,種石
たねいち,種市
たねいね,種稲
たねお,種子尾
たねおい,種生
たねおか,種岡
たねがしま,種子島
たねがわ,種川
たねき,種帰
たねきよ,種清
たねくぼ,種窪
たねくら,種蔵
たねこ,種子
たねご,種五
たねさか,種坂
たねざき,種崎
たねざわ,種澤
たねたに,種谷
たねだ,種子田
たねだ,種田
たねつぐ,種継
たねの,種子野
たねの,種野
たねはし,種橋
たねはら,種原
たねふさ,種房
たねべ,種部
たねむら,種村
たねむら,種邑
たねも,種茂
たねもと,種元
たねもと,種本
たねもり,胤森
たねや,種谷
たねやま,実山
たねやま,種山
たねわた,種綿
たの,多野
たの,田野
たのい,田野井
たのいり,田野入
たのう,太農
たのう,田生
たのう,田能
たのうえ,田ノ上
たのうえ,田上
たのうえ,田之上
たのうち,田内
たのうち,田之内
たのおか,田ノ岡
たのおか,田之岡
たのおか,田野岡
たのかみ,田上
たのがしら,田之頭
たのくち,田ノ口
たのくら,田之倉
たのくら,田野倉
たのぐち,田之口
たのぐち,田野口
たのさき,田野崎
たのさき,田野埼
たのした,田之下
たのした,田野下
たのしま,田之島
たのしま,田野島
たのしも,田下
たのしり,田野尻
たのせ,田野瀬
たのなか,田之中
たのなか,田野中
たのはた,田ノ畑
たのはた,田之畑
たのはた,田野畑
たのはら,田野原
たのべ,田野辺
たのべ,田野邊
たのほ,田野保
たのみ,田野実
たのむら,田能村
たのむら,田野村
たのもぎ,頼母木
たのもと,田ノ本
たのもと,田之本
たのわき,田之脇
たはし,田橋
たはた,田畑
たはら,多原
たはら,太原
たはら,田原
たはらぐち,田原口
たはらざこ,田原迫
たば,田場
たばこ,煙草
たばこ,多筥
たばこ,田筥
たばさき,煙（崎の大が立）
たばた,多羽田
たばた,多幡
たばた,多畑
たばた,太葉田
たばた,田羽多
たばた,田旗
たばた,田端
たばた,田幡
たばた,田畑
たばた,田畠
たばた,把田
たばな,田花
たばむら,多葉村
たばやし,多林
たばやし,田林
たばら,田原
たばる,田原
たひら,多比良
たひら,田平
たびい,旅井
たびかわ,旅河
たびき,田引
たびた,旅田
たびら,田平
たびらき,田開
たふ,袋布
たふく,田福
たふさ,田房
たふし,田伏
たふせ,田伏
たふる,田古
たぶ,椨
たぶき,田吹
たぶくろ,田袋
たぶさ,田房
たぶし,田伏
たぶせ,田臥
たぶせ,田伏
たぶち,多淵
たぶち,田縁
たぶち,田淵
たぶち,田渕
たぶと,田太
たぶのき,天竺桂
たぶのき,椨木
たべ,多部
たべ,多辺
たべ,田倍
たべ,田部
たべ,田辺
たべい,田部井
たべた,多部田
たべや,田部谷
たべや,田邉谷
たべり,田縁
たほ,田甫
たほう,多宝
たぼ,多保
たぼ,田保
たぼ,田甫
たぼがみ,田母神
たぼた,多保田
たま,玉麻
たま,田間
たま,田广
たまい,玉伊
たまい,玉井
たまい,玉居
たまい,田舞
たまいこ,玉居子
たまいし,玉石
たまいずみ,玉泉
たまうえ,玉上
たまうち,玉内
たまうら,玉浦
たまえ,玉栄
たまえ,玉江
たまえ,玉榮
たまえ,田前
たまお,玉生
たまお,玉尾
たまおか,玉岡
たまおき,玉沖
たまおき,玉置
たまかけ,玉懸
たまかし,玉柏
たまかわ,玉川
たまがい,玉飼
たまがき,玉垣
たまがけ,玉掛
たまがけ,玉懸
たまがみ,玉上
たまがわ,玉河
たまがわ,玉川
たまき,環
たまき,玉樹
たまき,玉城
たまき,玉生
たまき,玉置
たまき,玉木
たまき,田巻
たまき,田牧
たまくに,玉国
たまくに,玉國
たまくま,玉熊
たまくら,霊鞍
たまぐすく,玉城
たまこ,玉古
たまこし,玉越
たまこし,玉腰
たまごし,玉越
たまさき,玉崎
たまさく,玉作
たまざき,玉崎
たまざわ,玉沢
たまざわ,玉澤
たましげ,玉重
たましま,玉島
たましろ,玉城
たまじ,玉地
たます,田舛
たませ,玉瀬
たまそ,玉祖
たまた,玉田
たまた,田又
たまたに,玉谷
たまだ,玉田
たまだて,玉舘
たまち,玉地
たまち,玉池
たまち,田町
たまつ,玉津
たまつ,田松
たまつか,玉塚
たまつくり,玉作
たまつくり,玉造
たまつしま,玉津島
たまて,玉手
たまなか,玉中
たまなが,玉永
たまなは,玉那覇
たまにう,玉生
たまにし,玉西
たまにゅう,玉生
たまぬき,玉貫
たまね,玉根
たまの,玉乃
たまの,玉野
たまの,珠野
たまのい,玉ノ井
たまのい,玉乃井
たまのい,玉之井
たまのい,玉野井
たまのうち,玉之内
たまはし,玉橋
たまはら,玉原
たまひさ,玉久
たまふじ,玉藤
たまふね,玉舟
たまほこ,玉鉾
たまほり,玉堀
たまま,玉真
たまま,玉眞
たままき,玉巻
たままる,玉丸
たまみず,玉水
たまみつ,玉光
たまみね,玉峰
たまむし,玉虫
たまむし,玉蟲
たまむら,玉村
たまむら,玉邑
たまむら,珠村
たまむろ,圭室
たまめ,玉目
たまもと,玉元
たまもと,玉本
たまもり,玉森
たまもり,玉盛
たまや,玉屋
たまや,玉舎
たまや,玉谷
たまや,玉矢
たまやなぎ,玉柳
たまやま,玉山
たまよし,玉吉
たまよせ,玉寄
たまよせ,玉代勢
たまより,玉寄
たまり,玉利
たまり,溜
たまりぶち,溜渕
たまりみず,溜水
たまる,多丸
たまる,田丸
たまるや,溜箭
たまわり,田廻
たみ,多見
たみ,民
たみあき,民秋
たみい,民井
たみおか,民岡
たみかど,民門
たみたに,民谷
たみだ,民田
たみなが,民長
たみなと,田港
たみなみ,田南
たみの,田簑
たみの,民野
たみや,多見谷
たみや,田宮
たみや,民谷
たみわ,民輪
たむかい,田向
たむかえ,田迎
たむき,田向
たむら,多村
たむら,太村
たむら,田村
たむら,田邑
たむら,田邨
たむろ,田室
ため,多米
ためい,為井
ためい,溜井
ためい,爲井
ためいけ,溜池
ためいし,為石
ためいし,爲石
ためか,爲家
ためかわ,溜川
ためかわ,爲川
ためがい,為ヶ井
ためがい,為我井
ためがい,為谷
ためがい,集貝
ためがい,田部井
ためがい,田米開
ためき,為貴
ためくに,為国
ためくみ,為汲
ためぐり,為栗
ためさだ,為貞
ためさだ,為定
ためざわ,為澤
ためしげ,為重
ためすえ,為季
ためすえ,為末
ためだ,為田
ためちか,為近
ためとう,為藤
ためなが,為永
ためなが,爲永
ためなり,為成
ためにし,為西
ためのり,為則
ためのり,爲則
ためひさ,為久
ためひさ,爲久
ためひら,為平
ためひろ,為広
ためふさ,為房
ためふさ,爲房
ためみず,為水
ためもと,為本
ためもり,為森
たも,田茂
たもい,田茂井
たもう,玉生
たもかみ,田母神
たもがみ,田母神
たもぎ,田面木
たもつ,保
たもつ,保津
たもと,田元
たもと,田本
たものき,田面木
たもり,多森
たもり,太森
たもり,田守
たもり,田森
たもり,田盛
たもん,多聞
たもん,多門
たもん,田門
たもんいん,多門院
たや,他谷
たや,多屋
たや,多谷
たや,太矢
たや,田屋
たや,田家
たや,田谷
たや,田矢
たや,旅
たや,旅家
たやおか,太屋岡
たやがい,谷田貝
たやがき,太野垣
たやす,陀安
たやす,田安
たやす,田保
たやだて,田屋舘
たやなか,田舎中
たやま,多山
たやま,太山
たやま,田山
たやまち,田山地
たゆ,田湯
たゆい,田結
たゆき,田幸
たよし,田（吉の士が土）
たよし,田吉
たより,田頼
たら,多良
たら,太良
たらお,多羅尾
たらお,太良尾
たらしま,田良島
たらすき,田羅鋤
たらはら,田良原
たらま,多羅間
たり,田利
たり,田里
たりさわ,足澤
たる,多留
たる,樽
たる,樽井
たるい,垂井
たるい,樽井
たるい,樽家
たるいし,垂石
たるかわ,樽川
たるさわ,垂沢
たるさわ,足沢
たるさわ,樽沢
たるさわ,樽澤
たるしま,樽島
たるた,樽田
たるたに,垂谷
たるたに,樽谷
たるちゃ,樽茶
たるとこ,樽床
たるふる,樽古
たるみ,垂
たるみ,垂見
たるみ,垂水
たるみ,樽海
たるみ,樽見
たるみ,樽美
たるみず,垂水
たるもと,樽本
たるや,樽屋
たるや,樽家
たるや,樽谷
たれ,垂
たれかど,埀門
たれき,垂木
たれさわ,垂澤
たれのうち,垂ノ内
たろ,多呂
たろううら,太郎浦
たろうだ,太郎田
たろうまる,太郎丸
たろうら,太郎浦
たろうら,太郎良
たわ,多和
たわ,田和
たわた,多和田
たわた,田綿
たわだ,多和田
たわだ,峠田
たわもと,垰本
たわら,田原
たわら,俵
たわらぎ,俵木
たわらたに,俵谷
たわらだ,俵田
たわらつみた,俵積田
たわらつみだ,俵積田
たわらはら,俵原
たわらもと,俵本
たわらや,俵屋
たわらや,俵谷
たわらや,俵矢
たわらやま,俵山
たをの,垰野
たん,丹
たんあみ,丹阿弥
たんお,丹尾
たんかい,淡海
たんかわ,淡河
たんきく,丹菊
たんぎ,丹木
たんぎく,丹菊
たんけ,丹家
たんけい,丹慶
たんげ,丹下
たんげ,丹家
たんご,丹古
たんご,丹呉
たんご,丹後
たんご,丹后
たんご,反後
たんごく,丹黒
たんざき,丹崎
たんざわ,丹沢
たんざわ,丹澤
たんしょ,丹所
たんしょう,丹生
たんじ,丹司
たんじ,丹治
たんじま,丹嶌
たんじょう,丹上
たんじょう,丹正
たんじょう,丹生
たんせい,丹生
たんそう,丹宗
たんぞう,丹蔵
たんだ,丹多
たんだ,丹田
たんだ,短田
たんだ,反田
たんだい,丹代
たんだい,旦代
たんとう,丹藤
たんど,丹戸
たんどう,反頭
たんない,丹内
たんなか,反中
たんなわ,淡輪
たんね,丹根
たんの,丹野
たんの,淡野
たんのわ,淡輪
たんば,丹羽
たんば,丹波
たんば,丹葉
たんばた,反畑
たんばや,丹波屋
たんばら,丹原
たんぷ,反怖
たんべ,丹部
たんべ,旦部
たんぼ,多武保
たんぼ,丹保
たんぼ,旦暮
たんぼ,田甫
たんぼ,反怖
たんぼ,反保
たんぼ,反甫
たんぽ,丹保
たんぽ,丹甫
たんぽ,旦保
たんぽ,端保
たんぽ,反怖
たんぽ,反保
たんぽ,反甫
たんぽう,反方
たんやま,丹山
だい,代
だい,台
だい,台場
だい,大
だい,臺
だいお,大尾
だいおう,大王
だいおうまる,大王丸
だいかい,大海
だいがく,大学
だいがや,大萱
だいき,台木
だいき,大喜
だいきゅうじ,大休寺
だいく,大工
だいくぞの,大工園
だいくはら,大工原
だいくばら,大工原
だいぐうじ,大宮司
だいけ,大家
だいげん,大源
だいこう,大光
だいこうじ,大光寺
だいこく,大黒
だいこくや,大黒屋
だいこくや,大黒谷
だいこんや,大根谷
だいご,太期
だいご,大胡
だいご,大五
だいご,大後
だいご,大護
だいご,大后
だいご,醍醐
だいごう,大郷
だいごぼう,大悟法
だいごん,大権
だいさく,大作
だいしま,代嶋
だいしょう,大聖
だいしょうじたに,大正寺谷
だいしょうじや,大聖寺谷
だいじま,代島
だいじょう,大上
だいじょう,大條
だいじょうご,大上戸
だいせい,大西
だいぜん,大膳
だいぞう,台蔵
だいた,代田
だいたに,大谷
だいだ,代田
だいだ,大田
だいだい,代々
だいだい,大代
だいちょう,大丁
だいちょう,大長
だいてん,大天
だいでん,大傳
だいとう,大塔
だいとう,大東
だいとう,大藤
だいとう,大頭
だいとく,大（徳の心の上に一）
だいとく,大徳
だいどう,大同
だいどう,大堂
だいどう,大洞
だいどう,大道
だいどう,大銅
だいどうじ,大道寺
だいなか,台中
だいなか,堤中
だいなか,提中
だいなが,代永
だいなり,大成
だいに,大仁
だいにち,大日
だいにん,大仁
だいのぶ,台信
だいのぶ,臺信
だいば,臺場
だいひさ,大久
だいひさ,大悲山
だいふ,題府
だいふく,大福
だいぶ,大部
だいほ,大保
だいぼ,大保
だいぼう,大坊
だいまつ,大松
だいまる,大丸
だいまるや,台丸屋
だいまるや,台丸谷
だいまるや,臺丸谷
だいみょう,大明
だいめ,大目
だいもと,大本
だいもん,大門
だいもんじ,大文字
だいやす,大安
だいよう,大用
だいら,大良
だいら,臺良
だいらく,大楽
だいらく,大樂
だいり,大利
だいりき,大力
だいろくの,大六野
だが,駄賀
だけ,嵩
だけ,嶽
だけした,嵩下
だけの,嶽ノ
ださい,太斎
ださい,太細
だざい,太宰
だすぜ,出樋
だちく,駄竹
だつ,脱
だて,伊達
だて,達
だてき,伊達木
だてぎ,伊達木
だてざき,伊達崎
だてみち,伊達道
だてやま,伊達山
だはら,駄原
だば,駄場
だほ,陀保
だやす,陀安
だるま,達摩
だるま,達磨
だん,旦
だん,淡
だん,団
だん,壇
だん,弾
だん,檀
だん,段
だん,團
だんおか,檀岡
だんがみ,段上
だんがみ,團上
だんき,段木
だんご,團子
だんざか,段坂
だんざき,檀崎
だんした,段下
だんしょう,段證
だんじょう,弾正
だんじょう,檀上
だんじょう,段上
だんじょうばら,弾正原
だんたに,段谷
だんだ,段々
だんだ,段田
だんつじ,壇辻
だんつじ,檀辻
だんづか,弾塚
だんづか,段（土へんに冢）
だんどう,団藤
だんどう,團藤
だんの,団野
だんの,檀野
だんの,段野
だんの,團野
だんのうえ,段ノ上
だんのうえ,段之上
だんのうら,檀浦
だんのはら,團之原
だんばやし,段林
だんばら,檀原
だんばら,段原
だんむら,団村
だんむら,段村
だんむら,團村
だんもと,段本
だんや,檀谷
ちあき,千秋
ちあき,千明
ちあし,千足
ちい,地井
ちいろ,千色
ちうみ,地海
ちうら,千浦
ちうら,地浦
ちえ,知恵
ちえだ,千枝
ちか,近
ちかあと,親跡
ちかい,近井
ちかいけ,近池
ちかいし,近石
ちかいずみ,近泉
ちかうち,近内
ちかうら,近浦
ちかおか,近岡
ちかかね,近兼
ちかがわ,近川
ちかき,近木
ちかきよ,近清
ちかさわ,近沢
ちかさわ,近澤
ちかざわ,近沢
ちかざわ,近澤
ちかしげ,近重
ちかしま,近島
ちかじま,近嶋
ちかすえ,近末
ちかずみ,近角
ちかそう,近惣
ちかた,近田
ちかたに,近谷
ちかだ,近田
ちかつ,近津
ちかつじ,近辻
ちかつね,近常
ちかなが,近長
ちかなみ,近浪
ちかなり,近成
ちかにし,近西
ちかの,近野
ちかの,千鹿野
ちかはら,近原
ちかば,近葉
ちかひさ,近久
ちかひら,近平
ちかま,近間
ちかま,千竃
ちかまつ,近（松のムが口）
ちかまつ,近松
ちかみ,近見
ちかみ,千頭
ちかむら,近村
ちかもち,近持
ちかもと,近本
ちかもり,近森
ちかや,近谷
ちかやま,近山
ちから,力
ちからいし,力石
ちからし,近嵐
ちかわ,千川
ちが,千賀
ちがい,違
ちがい,千貝
ちがさき,千ヶ（崎の大が立）
ちがさき,千ヶ崎
ちがね,千金
ちがはら,千川原
ちがま,千蒲
ちがみ,千神
ちがわ,地川
ちきた,千北
ちきた,知北
ちきゅう,知久
ちきょう,知京
ちきょう,地京
ちきら,千木良
ちきり,千切
ちぎた,千北
ちぎら,千喜良
ちぎら,千輝
ちぎら,千吉良
ちぎら,千明
ちぎら,千木良
ちぎり,地切
ちく,竺
ちく,知久
ちく,築
ちくい,築井
ちくい,筑井
ちくお,築尾
ちくがわ,筑川
ちくご,筑後
ちくさ,竺沙
ちくさ,千種
ちくさ,千草
ちくさ,千艸
ちくざき,築崎
ちくし,竹士
ちくし,筑紫
ちくせ,築瀬
ちくせ,筑瀬
ちくたに,千久谷
ちくだ,竹田
ちくだ,筑田
ちくだいら,知久平
ちくだて,築舘
ちくだて,築達
ちくど,竺土
ちくに,千国
ちくに,千國
ちくの,築野
ちくはな,築花
ちくはま,筑濱
ちくば,竹馬
ちくぶ,竹生
ちくま,千熊
ちくま,知久馬
ちくま,竹間
ちくま,竹馬
ちくま,筑間
ちくま,筑摩
ちくまる,筑丸
ちくみ,千酌
ちくもと,竹本
ちくもと,筑本
ちくら,千倉
ちくら,千蔵
ちくら,千藏
ちくり,地久里
ちくりんじ,竹林地
ちぐさ,千種
ちぐさ,千草
ちぐち,地口
ちけん,知見
ちけんじ,千見寺
ちけんじ,知見寺
ちごどう,児堂
ちごどう,児童
ちごの,児野
ちごの,兒野
ちさい,地斎
ちさか,千坂
ちさか,千阪
ちさき,地崎
ちさき,樗木
ちさき,苣木
ちさの,苣野
ちざき,地崎
ちざくら,千桜
ちざわ,千沢
ちざわ,千澤
ちしき,知識
ちしま,千島
ちしま,千嶋
ちしゃき,樗木
ちしろ,千代
ちじ,千地
ちじ,知地
ちじいわ,千々岩
ちそく,千足
ちだ,千田
ちだ,知田
ちだ,地田
ちだ,智田
ちちい,乳井
ちちいわ,千々岩
ちちだ,父田
ちちぶ,千々布
ちちぶ,秩父
ちぢ,千地
ちぢいわ,千々岩
ちぢいわ,千々石
ちぢき,千々木
ちぢなみ,千々波
ちぢまつ,千々松
ちぢみ,縮
ちぢや,千々谷
ちぢわ,千々岩
ちぢわ,千々波
ちぢわ,千々和
ちづい,千津井
ちづか,遅塚
ちづき,地附
ちづき,地搗
ちづわ,千頭和
ちとく,知禿
ちとせ,千歳
ちとせ,千年
ちとせはら,千年原
ちとせや,千年屋
ちどい,地土井
ちな,知名
ちない,智内
ちなみ,因
ちぬき,千貫
ちぬし,地主
ちねん,知念
ちの,茅野
ちの,千野
ちの,知野
ちの,智野
ちのう,地濃
ちのね,茅根
ちのね,千野根
ちのみ,知野見
ちはま,千浜
ちはま,地浜
ちはま,地濱
ちはや,千早
ちはや,千速
ちはら,茅原
ちはら,千原
ちはら,知原
ちはら,地原
ちはら,智原
ちはら,茆原
ちば,千羽
ちば,千波
ちば,千馬
ちば,千葉
ちば,知場
ちば,地場
ちば,地葉
ちばざくら,千葉桜
ちばざくら,千葉櫻
ちばた,千畑
ちばと,千葉東
ちばとう,千葉東
ちばな,知花
ちばはら,千葉原
ちひら,知平
ちひら,地平
ちふ,千布
ちふく,知福
ちふり,千振
ちぶさ,千房
ちま,千間
ちまた,千股
ちまる,千丸
ちみ,知見
ちむら,千村
ちむら,千邑
ちむら,地村
ちむろ,千室
ちもと,千本
ちもと,地元
ちもと,地本
ちもり,千守
ちもり,千森
ちもり,地守
ちゃ,茶
ちゃい,茶位
ちゃうり,茶賣
ちゃえん,茶円
ちゃえん,茶園
ちゃえん,茶圓
ちゃお,茶尾
ちゃき,茶木
ちゃぎ,茶木
ちゃしろ,茶城
ちゃぞの,茶園
ちゃたに,茶谷
ちゃだに,茶谷
ちゃちん,茶珍
ちゃちん,茶珎
ちゃとう,茶藤
ちゃの,茶野
ちゃばた,茶畑
ちゃばたけ,茶畑
ちゃばたけ,茶畠
ちゃばやし,茶林
ちゃばら,茶原
ちゃもと,茶本
ちゃや,茶屋
ちゃや,茶谷
ちゃやがいと,茶谷垣内
ちゃやはら,茶屋原
ちゃやはら,茶谷原
ちゃやま,茶山
ちゃわんや,茶碗谷
ちや,千屋
ちや,千谷
ちやえん,茶圓
ちゅう,秋
ちゅう,忠
ちゅうか,中加
ちゅうがんじ,中願寺
ちゅうがんじ,忠願寺
ちゅうぐん,中軍
ちゅうぐん,中郡
ちゅうげんじ,仲元寺
ちゅうこ,中古
ちゅうご,中後
ちゅうごん,中言
ちゅうざ,中座
ちゅうざわ,忠澤
ちゅうしょ,中所
ちゅうじま,忠嶋
ちゅうじょ,忠女
ちゅうじょう,中城
ちゅうじょう,中条
ちゅうじょう,中條
ちゅうじょうや,中條屋
ちゅうぜんじ,中善寺
ちゅうた,忠田
ちゅうだ,中田
ちゅうだ,忠田
ちゅうとう,中頭
ちゅうどう,中堂
ちゅうどう,中道
ちゅうなばやし,中名林
ちゅうなばやし,仲納林
ちゅうば,中場
ちゅうば,中馬
ちゅうばち,中鉢
ちゅうばち,仲鉢
ちゅうばち,忠鉢
ちゅうばち,昼八
ちゅうま,中馬
ちゅうまん,中馬
ちゅうまん,中満
ちゅうまん,中萬
ちゅうみょう,中名
ちゅうりき,中力
ちゅうれい,中禮
ちょう,丁
ちょう,張
ちょう,長
ちょう,頂
ちょうあい,長愛
ちょうあみ,長阿彌
ちょうあみ,長網
ちょうえい,長栄
ちょうかい,鳥海
ちょうき,長木
ちょうきゅう,長久
ちょうぎょうじ,長行司
ちょうぎん,丁銀
ちょうぐち,長口
ちょうこうじ,長興寺
ちょうごう,長郷
ちょうさ,帖佐
ちょうし,町支
ちょうし,調子
ちょうし,調枝
ちょうし,銚子
ちょうしょ,調所
ちょうじ,丁子
ちょうじ,長司
ちょうじ,長治
ちょうじゃ,長者
ちょうじゃくぼ,長者久保
ちょうじゃもり,長者森
ちょうじゅ,長寿
ちょうじょう,中条
ちょうじん,長神
ちょうすけざわ,長助澤
ちょうそう,朝増
ちょうそかべ,長宗我部
ちょうそかべ,長曽我部
ちょうだ,丁田
ちょうだ,長田
ちょうち,帖地
ちょうとう,長東
ちょうとく,長徳
ちょうどう,張堂
ちょうな,長名
ちょうなばやし,蝶名林
ちょうなん,長南
ちょうの,丁野
ちょうの,眺野
ちょうの,蝶野
ちょうの,長濃
ちょうの,長野
ちょうのう,張能
ちょうはた,丁畑
ちょうふく,長福
ちょうほう,長宝
ちょうや,挺屋
ちょうやま,帳山
ちょうよう,長養
ちょうらく,長楽
ちょくし,猪口志
ちょくしがわら,勅使瓦
ちょっき,一寸木
ちよ,千代
ちようら,千代浦
ちよかわ,千代川
ちよくぼ,千代窪
ちよこり,千代樵
ちよざき,千代崎
ちよざわ,千代沢
ちよざわ,千代澤
ちよし,天勝
ちよじま,千代島
ちよぞの,千代薗
ちよたに,千代谷
ちよたんだ,千代反田
ちよだ,千代田
ちよのぶ,千代延
ちよはら,千代原
ちよま,千代間
ちよまつ,千代松
ちよまる,千代丸
ちよむら,千代村
ちよや,千代谷
ちり,知里
ちりふ,池鯉鮒
ちりょう,知領
ちわ,千輪
ちわ,智和
ちわき,血脇
ちわき,千脇
ちわき,知脇
ちわた,千綿
ちわや,千巖
ちんさか,珍坂
ちんじゅ,鎮守
ちんぜい,鎮西
ちんだ,珍田
ちんどう,珍道
ちんどう,椿堂
ちんな,珍名
ちんばら,椿原
ちんべ,珍部
ぢがみ,地神
ぢき,地木
ぢさき,地崎
ぢぞう,地蔵
ぢぬし,地主
ぢびき,地引
ぢびき,地曳
ぢふく,地福
ぢむら,地村
ぢらた,地良田
ぢんない,陳内
つ,津
つあき,津秋
つい,津井
ついき,対木
ついき,築城
ついき,立木
ついき,對木
ついこばしがわ,後小橋川
ついざき,對崎
ついじ,対比地
ついじ,築地
ついだ,津井田
ついぢ,築地
ついどう,築道
ついひじ,築比地
ついひち,対比地
つうき,通木
つうざき,通崎
つうぜん,通善
つうどう,通堂
つうの,通野
つうやま,通山
つうら,津浦
つえ,津江
つえだ,杖田
つえだ,潰田
つえはら,杖原
つえむら,杖村
つおか,津岡
つか,（土へんに冢）
つか,塚
つか,柄
つかい,塚井
つかお,塚尾
つかおか,束岡
つかがわ,（土へんに冢）川
つかぐち,（土へんに冢）口
つかぐち,塚口
つかこし,（土へんに冢）越
つかこし,塚越
つかごし,（土へんに冢）越
つかごし,塚越
つかごし,塚腰
つかさ,宰
つかさ,司
つかさ,政
つかさき,塚崎
つかさき,墳（崎の大が立）
つかさき,墳崎
つかざき,（土へんに冢）（崎の大が立）
つかざき,塚（崎の大が立）
つかざき,塚崎
つかざき,柄崎
つかざわ,塚澤
つかしま,塚島
つかじ,塚地
つかじま,塚島
つかせ,塚瀬
つかた,束田
つかた,塚田
つかたに,（土へんに冢）谷
つかたに,塚谷
つかだ,（土へんに冢）田
つかだ,束田
つかだ,塚田
つかだ,柄田
つかだいら,（土へんに冢）平
つかだいら,塚平
つかど,津門
つかなか,塚中
つかにし,塚西
つかね,塚根
つかの,束野
つかの,塚野
つかの,柄野
つかはち,塚八
つかはら,（土へんに冢）原
つかはら,束原
つかはら,塚原
つかばやし,塚林
つかばら,塚原
つかべ,塚部
つかま,塚間
つかまさ,（土へんに冢）正
つかまさ,塚正
つかます,（土へんに冢）升
つかまつ,（土へんに冢）松
つかまつ,塚松
つかみ,塚見
つかむら,束村
つかもと,（土へんに冢）元
つかもと,（土へんに冢）本
つかもと,束本
つかもと,津下本
つかもと,塚元
つかもと,塚本
つかもと,墳本
つかもと,柄本
つかや,（土へんに冢）谷
つかや,塚谷
つかやま,津嘉山
つかやま,塚山
つかわき,塚脇
つが,津賀
つが,都我
つが,都香
つがき,津垣
つがね,津金
つがね,栂根
つがねざわ,津金沢
つがねざわ,津金澤
つがはら,津ヶ原
つがみ,津上
つがむら,栂村
つがやす,栂安
つがやま,津賀山
つがる,津軽
つがるいし,津軽石
つがるや,津軽谷
つがわ,津河
つがわ,津川
つがわ,都河
つがわ,都川
つき,槻
つきあし,月脚
つきあし,月足
つきあて,突當
つきい,月井
つきい,月居
つきうだ,月生田
つきうら,月浦
つきえ,月江
つきお,月尾
つきお,槻尾
つきおか,月岡
つきおか,月丘
つきおき,突沖
つきおり,月居
つきおり,月折
つきかべ,月下部
つきかわ,月川
つきがせ,月ヶ瀬
つきがた,月形
つきがわ,月川
つきさか,月坂
つきさか,築坂
つきさわ,月澤
つきざき,月崎
つきざわ,月澤
つきざわ,築沢
つきざわ,築澤
つきした,月下
つきしば,筑柴
つきしま,月島
つきしま,築島
つきしろ,月城
つきじ,月時
つきじ,月地
つきじ,築地
つきじはら,築地原
つきせ,月瀬
つきせ,槻瀬
つきぞえ,築添
つきた,月田
つきた,突田
つきた,附田
つきたに,月溪
つきたに,築谷
つきたに,槻谷
つきたり,月足
つきだ,月田
つきだ,附田
つきだて,月館
つきだて,月舘
つきだて,築館
つきだて,築舘
つきだて,槻館
つきだて,槻舘
つきぢ,築地
つきとめ,築留
つきなが,月永
つきなり,月成
つきの,月野
つきのき,月木
つきのき,月野木
つきのき,槻木
つきのきざわ,槻木澤
つきのぎ,月野木
つきのわ,月輪
つきはし,月橋
つきはし,槻橋
つきはら,月原
つきばやし,築林
つきひじ,筑比地
つきふじ,築藤
つきほら,月洞
つきぼし,月星
つきまた,月俣
つきまた,月又
つきまた,月俟
つきみ,月見
つきみつ,月光
つきむら,月村
つきもと,月本
つきもと,築本
つきもと,槻本
つきもり,月森
つきもり,築森
つきや,築谷
つきやす,月安
つきやま,月山
つきやま,築山
つきわ,月輪
つぎいえ,次家
つぎうえ,接植
つぎき,次木
つぎき,槻木
つぎた,次田
つぎたに,次谷
つぎはら,次原
つぎひろ,次廣
つぎまつ,継松
つぎもと,次本
つぎや,次屋
つぎやま,継山
つぎやま,次山
つく,筑
つくい,筑井
つくい,津久井
つくい,津久居
つくうら,十九浦
つくうら,津久浦
つくえ,机
つくえ,津久江
つくえち,卓地
つくし,築紫
つくし,筑紫
つくた,附田
つくだ,築田
つくだ,津久田
つくだ,佃
つくだ,附田
つくだ,營田
つくど,筑土
つくに,津国
つくに,津國
つくね,築根
つくの,築野
つくば,筑波
つくべ,築部
つくま,筑間
つくま,津久間
つくま,津熊
つくま,津隈
つくみ,津久美
つくみ,津汲
つくも,九十九
つくも,築茂
つくも,津雲
つくも,津久茂
つくや,津久家
つくや,佃屋
つくら,津倉
つくり,村主
つくりみち,作道
つくわ,筑和
つぐ,継
つぐいえ,次家
つぐくに,継国
つぐち,津口
つぐなが,嗣永
つぐま,津隈
つぐみ,鶫
つぐむね,續宗
つけやね,附屋根
つけん,津堅
つげ,告
つげ,津下
つげ,津毛
つげ,柘
つげ,柘植
つげい,告井
つげき,槻木
つげの,告野
つげの,柘野
つげはら,柘原
つげみや,告宮
つげもと,柘本
つげやま,柘山
つごう,津郷
つごえ,津越
つごし,津越
つさ,津佐
つさか,津坂
つさと,津里
つざか,津坂
つざか,都坂
つざき,津
つざき,津（崎の大が立）
つざき,津崎
つざき,津嵜
つざき,都崎
つざわ,津沢
つざわ,津澤
つし,都志
つしお,對尾
つしだ,津志田
つしま,対馬
つしま,津島
つしま,津嶋
つしま,都島
つしま,都嶋
つしま,對島
つしま,對馬
つしみ,都志見
つしもと,津志本
つしろ,津代
つじ,街
つじ,津持
つじ,辻
つじ,都司
つじ,都地
つじ,逵
つじあい,辻合
つじい,辻井
つじい,逵井
つじいし,辻石
つじうち,辻内
つじうら,辻浦
つじうら,辻占
つじえ,辻栄
つじえ,辻永
つじえ,辻榮
つじお,辻尾
つじおか,辻岡
つじかど,辻角
つじかみ,辻上
つじかわ,辻川
つじがいと,辻垣内
つじがき,辻垣
つじがみ,辻上
つじぎわ,辻極
つじくら,辻倉
つじぐち,辻口
つじさか,辻坂
つじさか,辻阪
つじさき,辻崎
つじさわ,辻澤
つじした,辻下
つじしま,辻嶋
つじた,辻田
つじたく,辻宅
つじたに,辻谷
つじつか,辻塚
つじで,辻出
つじと,辻戸
つじとう,辻藤
つじどう,辻堂
つじなか,辻中
つじなか,辻仲
つじなか,逵中
つじなが,辻永
つじにし,辻西
つじの,辻埜
つじの,辻野
つじはし,辻橋
つじはた,辻畑
つじはら,辻原
つじばた,辻端
つじばやし,辻林
つじひろ,辻広
つじぶち,辻渕
つじべ,辻部
つじまつ,辻松
つじまる,辻丸
つじみ,辻見
つじみち,辻道
つじむら,辻村
つじもと,辻元
つじもと,辻本
つじもと,逵本
つじもり,辻森
つじもり,辻盛
つじや,辻谷
つじやま,辻山
つじわき,辻脇
つじわけ,辻分
つす,津須
つすえ,津末
つずき,都築
つずき,續
つずみ,堤
つた,蔦
つたい,蔦井
つたい,傳井
つたえ,蔦江
つたお,蔦尾
つたおか,蔦岡
つたかわ,蔦川
つたがき,蔦垣
つたがわ,蔦川
つたがわ,伝川
つたき,蔦木
つたけ,都竹
つたざわ,蔦澤
つたたに,蔦谷
つただ,蔦田
つたなが,蔦永
つたに,津谷
つたの,蔦野
つたはま,蔦浜
つたはら,蔦原
つたばやし,蔦林
つたむね,蔦宗
つたむら,蔦村
つたもと,蔦本
つたもり,蔦森
つたや,蔦谷
つだ,津多
つだ,津田
つち,土
つちい,槌井
つちい,土井
つちいけ,土池
つちうき,土浮
つちうら,土浦
つちえ,土江
つちかね,土金
つちかわ,（土｀）川
つちかわ,槌川
つちかわ,土河
つちかわ,土川
つちが,槌賀
つちがね,土金
つちがま,土釜
つちがみ,土上
つちがめ,土亀
つちきり,土切
つちくさ,土草
つちくら,土倉
つちぐろ,土黒
つちこ,土古
つちこ,土子
つちさか,土坂
つちさわ,土沢
つちざき,土崎
つちざわ,土澤
つちしだ,土志田
つちしろ,土代
つちじま,土嶋
つちせと,土瀬戸
つちたか,土高
つちたて,土舘
つちたに,槌谷
つちたに,土谷
つちだ,（土｀）田
つちだ,槌田
つちだ,土多
つちだ,土田
つちだて,土館
つちだて,土舘
つちとい,土樋
つちとり,土取
つちど,土戸
つちどう,土堂
つちなが,槌永
つちなが,土永
つちの,土野
つちはし,槌橋
つちはし,土橋
つちはら,槌原
つちはら,土原
つちばやし,土林
つちひら,土平
つちひろ,土弘
つちぶち,土渕
つちまつ,土松
つちみね,土嶺
つちむろ,土室
つちもち,土持
つちもと,（土｀）本
つちもと,槌本
つちもと,土基
つちもと,土元
つちもと,土本
つちもり,土守
つちや,槌屋
つちや,槌谷
つちや,槌矢
つちや,土屋
つちや,土家
つちや,土谷
つちや,二十八
つちやがいと,土屋垣内
つちやま,土山
つちよせ,土寄
つぢ,津治
つっきり,築切
つつい,筒井
つつい,筒居
つつうら,筒浦
つつえ,筒江
つつき,津々木
つつき,筒木
つつき,續
つつぐち,筒口
つつごう,筒香
つつしお,筒塩
つつじ,津辻
つつじ,筒治
つつぶち,筒渕
つつみ,津々見
つつみ,堤
つつみ,堤見
つつみ,塘
つつみ,筒見
つつみうち,堤内
つつみした,堤下
つつみたに,堤谷
つつみだ,堤田
つつみだに,堤谷
つつみなか,堤中
つつみの,堤之
つつみの,堤野
つつみはら,堤原
つつみばた,堤端
つつみばやし,堤林
つつみもと,堤本
つつもと,筒本
つつや,筒屋
つつや,筒谷
つづうら,廿浦
つづお,十九百
つづき,続
つづき,続葛
つづき,続木
つづき,筑木
つづき,津々木
つづき,辻築
つづき,都築
つづき,都竹
つづき,都筑
つづき,續
つづき,續木
つづきいし,續石
つづきはし,続橋
つづきばし,続橋
つづきばし,續橋
つづく,都竹
つづの,廿野
つづみ,鼓
つづみ,皷
つづら,葛篭
つづら,葛籠
つづら,廿楽
つづらぬき,葛籠貫
つづらの,黒葛野
つづらはら,黒葛原
つづらばら,黒葛原
つづりぎ,綴木
つてひら,土会平
つで,津出
つで,都出
つと,津戸
つと,津門
つとう,津藤
つとう,傳
つとみ,津富
つとみ,都富
つとめ,津留
つど,津戸
つどう,津藤
つどう,都藤
つどおり,都通
つどめ,津止
つどめ,津留
つな,綱
つない,綱井
つないぐち,津内口
つなか,津中
つなかけ,綱掛
つなかわ,綱河
つなかわ,綱川
つながわ,綱河
つながわ,綱川
つなき,綱木
つなざき,綱崎
つなし,十
つなしま,綱島
つなしま,綱嶋
つなしま,網島
つなだ,綱田
つなとり,綱取
つなの,綱野
つなば,綱場
つなぶち,綱渕
つなみ,角南
つなみ,津波
つなみ,都並
つなもと,綱本
つなもり,綱森
つなわき,綱脇
つなわけ,綱分
つぬき,津貫
つね,常
つね,津根
つねあき,経明
つねあき,常秋
つねい,常井
つねいし,恒石
つねいし,常石
つねいずみ,常泉
つねお,常尾
つねおか,恒岡
つねおか,常岡
つねか,津稱鹿
つねかげ,常陰
つねかね,常包
つねかわ,恒川
つねかわ,常川
つねが,恒賀
つねが,常賀
つねき,恒枝
つねき,常喜
つねき,常城
つねき,常木
つねぎ,恒木
つねぎ,常木
つねくに,恒國
つねくに,常国
つねくに,常國
つねさだ,常定
つねざわ,経沢
つねざわ,経澤
つねしげ,常重
つねしま,常島
つねすみ,常住
つねずみ,常住
つねた,常田
つねたに,常谷
つねだ,経田
つねだ,恒田
つねだ,常田
つねつか,経塚
つねつぐ,恒次
つねつぐ,常次
つねづみ,常澄
つねとう,経遠
つねとう,恒遠
つねとう,恒藤
つねとし,常俊
つねとみ,恒富
つねとみ,恒冨
つねとみ,常富
つねとみ,常冨
つねとも,常友
つねどみ,恒富
つねなが,恒良
つねなり,恒成
つねはら,常原
つねひろ,常広
つねひろ,常廣
つねふじ,恒藤
つねふじ,常藤
つねぶか,常深
つねまつ,恒松
つねまつ,常松
つねみ,恒見
つねみ,常見
つねみ,常深
つねみ,常味
つねみつ,恒光
つねみつ,常光
つねみね,常峰
つねむね,常宗
つねもと,恒元
つねもと,常元
つねもと,常本
つねもり,経森
つねもり,恒森
つねもり,常守
つねもり,常森
つねやす,常安
つねやま,常山
つねゆき,常行
つねよし,恒（吉の士が土）
つねよし,恒吉
つねよし,常吉
つねわき,常脇
つの,角
つの,角野
つの,築野
つの,津野
つの,都野
つのい,角井
つのい,津ノ井
つのうら,津之浦
つのお,角尾
つのお,津野尾
つのおか,角岡
つのかけ,角掛
つのかね,角金
つのかわ,角川
つのがい,角皆
つのがい,角貝
つのがい,角替
つのがえ,角替
つのがや,角ヶ谷
つのき,角木
つのくに,津国
つのくに,津國
つのくま,角熊
つのくま,津隈
つのざき,角崎
つのじ,角地
つのせ,津野瀬
つのだ,（角の田が甲）田
つのだ,角田
つのだ,津野田
つのち,津之地
つのぢ,津之地
つのふり,角振
つのぶち,角渕
つのまち,角町
つのむら,角村
つのもり,角森
つのや,角谷
つのやま,角山
つのり,津乗
つは,津覇
つは,津波
つはこ,津波古
つはた,津秦
つはら,津原
つば,鍔
つばい,津梅
つばい,津葉井
つばい,椿井
つばき,椿
つばきい,椿井
つばきした,椿下
つばきじ,椿地
つばきた,椿田
つばきだに,椿谷
つばきの,椿野
つばきはら,椿原
つばきもと,椿本
つばきや,椿谷
つばきやま,椿山
つばこ,津波古
つばさか,椿坂
つばた,津端
つばた,津幡
つばた,津畑
つばた,鍔田
つばな,津花
つばはら,椿原
つばめ,燕
つばもと,鍔本
つぶき,津吹
つぶく,津吹
つぶく,津布久
つぶこ,津布子
つぶさき,粒崎
つぶやら,圓谷
つぶら,津布楽
つぶら,螺良
つぶら,粒楽
つぶら,粒良
つぶらい,円井
つぶらい,粒来
つぶらい,粒來
つぶらい,粒耒
つぶらや,円谷
つぶらや,圓谷
つぼ,坪
つぼい,坪井
つぼい,壷井
つぼい,壺井
つぼいけ,坪池
つぼうち,坪内
つぼうち,壷内
つぼうち,壺内
つぼえ,坪江
つぼか,坪香
つぼかわ,坪川
つぼかわ,壷川
つぼがいと,坪垣内
つぼがみ,坪上
つぼき,坪木
つぼくた,坪久田
つぼくら,坪倉
つぼごう,坪郷
つぼさか,坪坂
つぼさか,壷坂
つぼさか,壷阪
つぼさか,壺坂
つぼさか,壺阪
つぼさき,坪崎
つぼさき,坪埼
つぼした,坪下
つぼしま,坪島
つぼた,坪田
つぼた,壷田
つぼた,壺田
つぼたに,坪谷
つぼち,坪地
つぼなか,坪中
つぼにし,坪西
つぼにわ,坪庭
つぼぬま,坪沼
つぼね,局
つぼね,坪根
つぼの,坪野
つぼのや,坪野谷
つぼはら,坪原
つぼまつ,坪松
つぼみ,坪見
つぼみず,坪水
つぼむら,坪村
つぼもと,坪本
つぼや,坪谷
つぼや,坪矢
つぼやま,坪山
つぼやま,壺山
つま,都間
つまがり,津曲
つまき,妻木
つまぎ,妻木
つまくら,妻倉
つましか,妻鹿
つましま,妻島
つまだ,妻田
つまどり,妻鳥
つまぬま,妻沼
つまの,妻野
つまぶき,妻夫木
つまもと,津間本
つまや,妻屋
つまゆ,妻由
つまる,津丸
つみた,積田
つみね,常深
つみや,都宮
つみやま,積山
つむが,積賀
つむき,積木
つむぎ,積木
つむぎわ,積際
つむじ,街風
つむね,津旨
つむら,積良
つむら,津村
つむら,津邨
つむら,都村
つむらい,津村井
つむらい,圓井
つむらや,円谷
つむらや,圓谷
つむろ,津室
つめかわ,爪川
つもと,津元
つもと,津本
つもと,湊元
つもり,津守
つもり,津森
つもり,津盛
つもる,百千万億
つや,津屋
つや,津谷
つやだ,津矢田
つやま,津山
つゆ,栗花落
つゆき,築城
つゆき,露雪
つゆき,露木
つゆくぼ,露久保
つゆぐち,露口
つゆさき,露（崎の大が立）
つゆさき,露崎
つゆざき,露（崎の大が立）
つゆざき,露崎
つゆざき,露嵜
つゆはら,露原
つゆみね,露峰
つゆむ,露無
つゆもと,露本
つゆり,栗花落
つよし,津吉
つよし,都吉
つよし,都世子
つよせ,強瀬
つり,津里
つり,釣
つりい,釣井
つりかわ,釣川
つりが,釣賀
つりさき,釣崎
つりさわ,釣沢
つりさわ,釣澤
つりた,釣田
つりたに,釣谷
つりべ,釣部
つりもと,釣本
つりや,釣谷
つりやま,釣山
つる,水流
つる,津留
つる,鶴
つる,都留
つるい,（雨あめかんむりに鶴）井
つるい,（雨かんむりの左下に隹、右下に鳥）井
つるい,釣井
つるい,鶴井
つるい,鶴居
つるい,敦井
つるい,靍井
つるいけ,（雨かんむりに鶴）池
つるいけ,鶴池
つるいし,鶴石
つるいずみ,鶴泉
つるうち,鶴内
つるえ,鶴江
つるお,鶴尾
つるおか,鶴岡
つるかい,鶴飼
つるかじ,鶴梶
つるかめ,鶴亀
つるかわ,鶴川
つるかわ,霍川
つるが,鶴我
つるが,鶴賀
つるが,敦賀
つるが,孰賀
つるがい,鶴貝
つるがい,鶴飼
つるがい,鶴谷
つるがさき,鶴ヶ崎
つるがや,鶴ヶ谷
つるがや,鶴谷
つるき,釣木
つるき,鶴木
つるき,鶴来
つるきり,弦切
つるきり,鶴切
つるぎ,剣
つるぎ,鶴来
つるぎ,劔
つるぎ,剱
つるぎだ,剣田
つるさき,津留崎
つるさき,津留埼
つるさき,鶴（崎の大が立）
つるさき,鶴崎
つるさこ,鶴迫
つるさわ,鶴沢
つるさわ,鶴澤
つるさわ,敦沢
つるさわ,敦澤
つるしいん,四十九院
つるした,鶴下
つるしま,釣島
つるしま,鶴島
つるしま,鶴嶋
つるじょう,鶴城
つるす,鶴巣
つるせ,鶴瀬
つるぞえ,水流添
つるぞの,水流園
つるぞの,鶴園
つるぞの,鶴薗
つるた,（雨かんむりの左下に隹、右下に鳥）田
つるた,弦田
つるた,津留田
つるた,鶴田
つるた,寉田
つるた,霍田
つるた,靍田
つるたに,鶴谷
つるだ,鶴田
つるだ,霍田
つると,鶴戸
つるとめ,鶴留
つるどめ,鶴留
つるなが,鶴長
つるなり,鶴成
つるの,鶴野
つるは,鶴羽
つるはし,鶴橋
つるはや,鶴早
つるはら,（雨かんむりに鶴）原
つるはら,鶴原
つるばやし,鶴林
つるひさ,鶴久
つるふさ,鶴房
つるふじ,鶴藤
つるぶち,鶴淵
つるぶち,鶴渕
つるべ,釣部
つるほ,鶴保
つるぼう,鶴房
つるま,鶴間
つるま,霍間
つるまき,弦巻
つるまき,鶴巻
つるまき,敦巻
つるまち,鶴町
つるまつ,鶴松
つるまる,（雨かんむりの左下に隹、右下に鳥）丸
つるまる,鶴丸
つるみ,（雨かんむりの左下に隹、右下に鳥）見
つるみ,見
つるみ,津留見
つるみ,鶴海
つるみ,鶴見
つるみ,鶴身
つるみ,鶴味
つるみ,靍見
つるみず,鶴水
つるみや,鶴宮
つるもと,弦本
つるもと,鶴元
つるもと,鶴本
つるもと,霍本
つるもり,鶴森
つるや,釣谷
つるや,鶴屋
つるや,鶴谷
つるやま,鶴山
つるわ,鶴輪
つるわか,鶴若
つれいし,連石
つれかわ,連川
つれやま,連山
つろ,津呂
つろう,津老
つろはし,津呂橋
つわ,津和
つわうち,諏訪内
つわき,津脇
つわの,津和野
づし,図師
づし,都志
づし,圖師
てい,程
ていい,堤井
ていか,貞家
ていし,手石
ていしま,亭島
ていてい,廷々
てうち,手打
てかわ,天川
てが,手賀
てが,手鹿
てがい,手貝
てがね,手金
てがわ,手川
てき,手木
てぐらもり,手倉森
てぐり,手繰
てぐり,手操
てごし,手越
てさき,手（崎の大が立）
てさき,手崎
てざき,手崎
てざわ,手沢
てし,勅使
てしがはら,勅使河原
てしがわら,勅使河原
てしがわら,勅使瓦
てしがわら,勅使川原
てしば,手柴
てしま,手島
てしま,手嶋
てしま,手嶌
てしま,豊島
てしま,豊嶋
てしろぎ,手代木
てしろもり,手代森
てじま,手島
てじま,手嶋
てじま,手嶌
てずか,手（土へんに冢）
てずか,手塚
てぜに,手銭
てぞの,樋園
てたか,樋高
てたに,手谷
てちがわら,鉄地河原
てっちかわはら,鉄地河原
てっぽう,鉄砲
てっぽう,鉄炮
てっぽうづか,鉄砲塚
てっぽうづか,鉄炮塚
てつ,鉄
てつ,銕
てつ,鐵
てつい,鉄井
てついし,鐵石
てつお,鉄尾
てつお,銕尾
てつお,鐵尾
てつおう,哲翁
てつか,手束
てつか,手塚
てつかわ,鉄川
てつぐるま,鉄車
てつざき,鉄崎
てつざわ,鉄沢
てつたに,鉄谷
てつだ,鉄田
てつと,鐡戸
てつの,鉄野
てつはし,鉄橋
てつむら,鉄村
てつもと,鉄本
てつや,鉄屋
てつや,鉄矢
てつやま,鐵山
てつら,鉄羅
てづか,手（土へんに冢）
てづか,手束
てづか,手塚
てづか,手墳
てとり,手取
てど,手戸
てどこん,手登根
てどり,手取
てなか,手仲
てなわ,手縄
ての,手野
てのくち,樋之口
てばかり,手計
てばやし,手林
てまもと,手間本
てもち,手持
てら,寺
てらい,寺井
てらい,寺居
てらいえ,寺家
てらいし,寺石
てらいずみ,寺泉
てらうし,寺牛
てらうち,寺内
てらうら,寺浦
てらうら,寺裏
てらえ,寺江
てらお,寺尾
てらおか,寺岡
てらおく,寺奥
てらかた,寺方
てらかど,寺門
てらかみ,寺上
てらかわ,寺川
てらがいと,寺垣内
てらがうち,寺垣内
てらがき,寺垣
てらがわ,寺川
てらき,寺木
てらきた,寺北
てらぎし,寺岸
てらくぼ,寺久保
てらくら,寺倉
てらぐち,寺口
てらこし,寺越
てらこし,寺腰
てらさか,寺坂
てらさか,寺阪
てらさき,寺（崎の大が立）
てらさき,寺崎
てらさき,寺嵜
てらさこ,寺迫
てらさわ,寺沢
てらさわ,寺澤
てらざわ,寺沢
てらざわ,寺澤
てらし,赫
てらし,寺師
てらし,照
てらしげ,寺重
てらした,寺下
てらしま,寺島
てらしま,寺嶋
てらしま,寺嶌
てらしょう,寺生
てらじ,寺主
てらじ,寺地
てらじま,寺島
てらじま,寺嶋
てらす,照
てらせ,寺世
てらせ,寺瀬
てらそま,寺杣
てらぞえ,寺添
てらぞの,寺園
てらぞの,寺薗
てらた,寺田
てらたけ,寺竹
てらたに,寺谷
てらだ,寺田
てらだいら,寺平
てらだて,寺舘
てらち,寺地
てらぢ,寺地
てらつぼ,寺坪
てらで,寺出
てらと,寺戸
てらとう,寺東
てらとこ,寺床
てらど,寺戸
てらなか,寺中
てらにし,寺西
てらぬし,寺主
てらぬま,寺沼
てらの,寺埜
てらの,寺農
てらの,寺野
てらのした,寺野下
てらのぶ,寺延
てらはい,寺拝
てらはた,寺畑
てらはた,寺畠
てらはら,寺原
てらばやし,寺林
てらばる,寺原
てらひら,寺平
てらひろ,寺広
てらぶん,寺分
てらべ,寺部
てらべ,寺辺
てらべ,寺邊
てらまえ,寺前
てらまち,寺町
てらまつ,寺松
てらまわり,寺廻
てらみ,寺見
てらみち,寺道
てらみね,寺峰
てらむかい,手良向
てらむら,寺村
てらむら,手良村
てらもと,寺元
てらもと,寺本
てらもり,寺守
てらや,寺谷
てらやま,寺山
てらわき,寺脇
てらわけ,寺分
てる,輝
てるい,照井
てるうち,照内
てるおか,照岡
てるおか,暉峻
てるき,照木
てるきな,照喜納
てるきな,照喜名
てるさき,照嵜
てるさわ,照澤
てるしま,照島
てるせ,照瀬
てるた,照田
てるぬま,照沼
てるのぶ,照信
てるばやし,照林
てるみ,照海
てるみち,暉道
てるみち,曄道
てるもと,照本
てるや,照屋
てるやま,照山
てろう,手老
てろうち,手呂内
てんかい,天下井
てんかい,天海
てんがん,天願
てんくも,天雲
てんげいじ,天花寺
てんげじ,天花寺
てんさか,天坂
てんし,天司
てんしょう,天正
てんじょう,天井
てんじん,天真
てんじん,天神
てんじんばやし,天神林
てんぞう,天造
てんたく,天宅
てんだ,天田
てんどう,天堂
てんどう,天童
てんどう,天道
てんにち,天日
てんのう,天能
てんのうじや,天王寺谷
てんば,天羽
てんばた,天畠
てんぱく,天白
てんびん,天秤
てんぼう,天坊
てんぽ,天保
てんぽうりん,転法輪
てんま,天間
てんま,天摩
てんま,天磨
てんま,天満
てんま,天滿
てんまんやしき,天満屋敷
てんみょう,天明
てんむら,天村
てんめい,天明
てんもと,天本
てんや,天谷
てんら,天良
であい,出合
であい,出相
でい,出井
でい,出居
でいえ,出家
でいし,出石
でうし,出牛
でうち,出内
でうら,出浦
でおか,出岡
でがしら,出頭
でがわ,出川
でき,出木
でき,出来
でき,出耒
できお,出来尾
できおか,出来岡
できがい,出木谷
できた,出来田
できでん,出来田
できば,出木場
できや,出木谷
できや,出来谷
でくら,出倉
でぐち,出久地
でぐち,出口
でぐら,出倉
でぐり,出栗
でこもり,凸守
でごし,出越
でさか,出坂
でさき,出崎
でさき,出先
でさわ,出澤
でざき,出（崎の大が立）
でざき,出崎
でざわ,出沢
でざわ,出澤
でした,出下
でしまる,弟子丸
でじ,出路
でじま,出島
でじま,出嶋
でずか,出塚
でたけ,出竹
でたに,出谷
でづか,出塚
でと,出戸
でと,出途
でとはし,出戸端
でとばた,出戸端
でぬま,出沼
での,出野
ではら,出原
ではり,出張
ではれ,出晴
でば,出葉
でばた,出端
でばた,出畑
でばな,出花
でふね,出船
でぶち,出淵
でぼり,出堀
でま,出間
でまち,出町
でまる,出丸
でみず,出水
でみせ,出見世
でみち,出路
でみや,出宮
でむかい,出向井
でむら,出村
でむら,出邑
でむらたに,出村谷
でめ,出目
でもと,出元
でもと,出本
でや,出谷
でやしき,出屋敷
でやま,出山
でわ,出羽
でわけ,出分
でわざわ,出羽沢
でわざわ,出羽澤
でん,伝
でん,田
でん,傳
でんけい,田計
でんしょう,伝庄
でんじゅう,伝住
でんだ,伝田
でんだ,傳田
でんちょう,傳長
でんとう,傳刀
でんどう,伝刀
でんどう,田頭
でんの,伝野
でんの,田野
でんの,傳野
でんのう,伝農
でんぽ,伝保
でんぽう,伝宝
でんぽう,伝法
でんぽう,傳法
でんぽう,傳寶
でんぽう,傳寳
でんぽうや,伝法谷
でんぽうや,傳法谷
でんま,伝馬
でんま,傳馬
でんや,傅谷
でんり,伝里
と,戸
と,都
とあい,都合
とあけ,十朱
とい,外井
とい,戸井
とい,都井
とい,問
とい,問井
といかわ,樋川
といけ,外池
といざき,戸井崎
といし,外石
といし,戸石
といし,登石
といし,砥石
といしか,戸石嘉
といした,樋下
といずみ,戸泉
といずみ,樋泉
といた,戸井田
といた,戸板
といた,樋田
といた,筧田
といだ,戸井田
といだ,土井田
といだ,樋田
といだ,問田
といだ,筧田
といち,戸市
といち,十一
といち,十市
といづめ,戸井詰
といづめ,樋爪
といづめ,筧爪
といで,戸出
といで,都出
といはた,問端
といばな,樋端
といや,問屋
といや,問谷
といやま,問山
とう,塔
とう,東
とう,藤
とう,黨
とうい,東井
とうう,東宇
とううら,東浦
とうえ,東江
とうえい,桐栄
とうえい,桐榮
とうえい,藤栄
とうおか,東岡
とうかい,東海
とうかいち,十日市
とうかいりん,東海林
とうかく,東覚
とうかわ,東川
とうかん,東閑
とうが,東賀
とうが,藤賀
とうがいと,東垣外
とうがいとう,東垣外
とうがきうち,東垣内
とうがさ,唐笠
とうき,登記
とうき,唐木
とうき,東鬼
とうき,東木
とうき,陶器
とうきょう,東京
とうきん,頭金
とうぎ,東儀
とうぎょく,東旭
とうぎん,當銀
とうくぼ,東久保
とうくら,東倉
とうくら,藤倉
とうぐ,當具
とうぐう,東宮
とうけん,東軒
とうげ,東家
とうげ,藤解
とうげ,峠
とうげい,東迎
とうげたに,峠谷
とうげだお,峠垰
とうこ,東湖
とうこ,東狐
とうこう,東光
とうご,東后
とうご,藤後
とうごう,十合
とうごう,東郷
とうごう,藤郷
とうさ,藤佐
とうさ,豆佐
とうさか,登坂
とうさか,東坂
とうざき,東崎
とうし,東使
とうし,東枝
とうしま,藤島
とうしゃ,当舎
とうしゃ,當舎
とうしん,東新
とうじ,田路
とうじ,藤次
とうじくぼ,当時久保
とうじま,東島
とうじま,東嶋
とうじゅ,東樹
とうじょう,斗条
とうじょう,東篠
とうじょう,東上
とうじょう,東城
とうじょう,東条
とうじょう,東定
とうじょう,東條
とうじょう,棟上
とうじょう,藤乗
とうじょう,藤條
とうじょうべっぷ,東上別符
とうじんばら,唐仁原
とうすけ,任介
とうすじ,塔筋
とうせ,東瀬
とうせ,當瀬
とうせん,東仙
とうせん,東泉
とうそん,当尊
とうたけ,藤武
とうたに,東谷
とうだ,刀田
とうだ,東田
とうだ,燈田
とうだ,当田
とうだ,任田
とうだ,當田
とうだい,東岱
とうち,斗内
とうち,東地
とうち,當内
とうつ,当津
とうつじ,東辻
とうつね,東常
とうづ,當津
とうづか,東塚
とうで,東出
とうでら,東寺
とうどう,登藤
とうどう,東藤
とうどう,東堂
とうどう,東童
とうどう,東道
とうどう,藤東
とうどう,藤当
とうどう,藤堂
とうない,東内
とうない,藤内
とうなが,東長
とうなん,東南
とうの,塔尾
とうの,塔野
とうの,投野
とうの,東野
とうの,陶野
とうのう,東納
とうのうえ,塔ノ上
とうのす,唐司
とうのす,鴇巣
とうはた,東畑
とうはた,峠畑
とうはら,東原
とうはら,当原
とうはら,當原
とうはる,塔春
とうばい,東梅
とうばた,東端
とうばた,東畑
とうばる,桃原
とうひぐち,東樋口
とうひら,東平
とうふく,東福
とうふくじ,東福寺
とうぶち,東渕
とうへい,東平
とうへい,藤平
とうへいぞう,藤平蔵
とうべ,東部
とうべっとう,当別当
とうべつとう,當別當
とうほ,東保
とうほう,東方
とうほう,東寳
とうぼ,東保
とうぼう,當房
とうぼく,東木
とうま,稲摩
とうま,遠間
とうま,東間
とうま,東馬
とうま,当間
とうま,当真
とうま,当摩
とうま,当麻
とうま,藤間
とうま,藤真
とうま,藤馬
とうま,當間
とうま,當真
とうま,當摩
とうま,當麻
とうま,當眞
とうまつ,東松
とうまつ,等松
とうまつ,藤松
とうまる,東丸
とうみ,唐箕
とうみ,任海
とうみね,遠峰
とうみね,東峰
とうみや,東宮
とうみや,當宮
とうむら,塔村
とうむら,東村
とうめ,当銘
とうめ,當銘
とうめ,當目
とうめい,東明
とうめい,当銘
とうめい,當銘
とうもと,塔本
とうもと,東元
とうもと,東本
とうもと,豆本
とうもと,嶝本
とうもり,東森
とうもり,當森
とうもん,東門
とうや,遠矢
とうや,東家
とうや,東谷
とうや,東矢
とうやく,十役
とうやま,遠山
とうやま,東山
とうやま,当山
とうやま,藤山
とうやま,陶山
とうやま,頭山
とうやま,當山
とうよう,東耀
とうら,東浦
とうら,東羅
とうら,東良
とうりゅうだに,当流谷
とうりゅうだに,當流谷
とうりん,東林
とうわき,東脇
とえだ,戸枝
とえだ,十枝
とえだ,十重田
とえだ,土江田
とえん,戸円
とえん,十円
とお,戸尾
とおい,遠井
とおかいち,十日市
とおくに,遠国
とおくに,遠國
とおごし,遠越
とおした,塔下
とおしま,遠島
とおしま,遠嶋
とおじま,遠島
とおじま,遠嶋
とおじょう,東條
とおたけ,遠竹
とおたけ,遠嶽
とおだ,遠田
とおちか,遠近
とおづか,遠塚
とおにし,遠西
とおのえ,遠江
とおのり,遠乗
とおま,遠間
とおま,當麻
とおまつ,東松
とおみね,遠峰
とおみね,遠峯
とおめづか,遠目塚
とおや,遠谷
とおや,遠矢
とおやま,遠山
とおやま,通山
とおやま,當山
とおり,通
とおりさか,通坂
とおりさか,通阪
とおりさわ,通沢
とおりしみず,通清水
とおりやま,通山
とおる,亨
とおる,通
とおる,透
とおる,融
とか,登家
とかい,渡海
とかいや,渡海谷
とかし,富樫
とかしき,渡嘉敷
とかじ,戸梶
とかず,十一
とかぜ,戸風
とかど,戸門
とかない,門叶
とかに,十蟹
とかの,戸叶
とかのう,戸叶
とかみ,戸上
とが,戸賀
とが,栂
とが,斗賀
とが,渡加
とが,門叶
とがい,栂井
とがい,兎谷
とがえり,十返
とがお,栂尾
とがさき,戸ケ崎
とがさき,戸ヶ（崎の大が立）
とがさき,戸ヶ崎
とがさき,戸賀（崎の大が立）
とがさき,戸賀崎
とがさわ,戸賀沢
とがさわ,戸賀澤
とがさわ,斗ケ沢
とがし,藤樫
とがし,富樫
とがし,冨樫
とがせ,栂瀬
とがの,戸叶
とがの,栂野
とがのう,戸叶
とがみ,戸上
とがみ,砥上
とがむら,栂村
とがめ,十亀
とがや,都賀谷
とがり,外狩
とがり,戸刈
とがり,戸苅
とがり,戸狩
とがる,戸軽
とがわ,外河
とがわ,外川
とがわ,外側
とがわ,戸川
とがわ,十河
とがわ,十川
とがわ,渡川
とがわ,登川
とがわ,砥川
とがわ,東川
とがわ,利川
とき,戸来
とき,斎
とき,時
とき,十時
とき,斗鬼
とき,登喜
とき,都木
とき,土岐
とき,土生
とき,鴇
ときい,時井
ときえ,時得
ときえだ,時枝
ときお,時尾
ときお,釈尾
ときおか,時岡
ときかわ,時川
ときさ,時佐
ときさき,時崎
ときさだ,時貞
ときさと,時里
ときさわ,時沢
ときざき,時崎
ときざき,鴇崎
ときざね,時実
ときざね,時實
ときざわ,時沢
ときざわ,時澤
ときざわ,常澤
ときざわ,鴇沢
ときざわ,鴇澤
ときし,時志
ときしげ,時重
ときした,時下
ときすえ,時末
ときた,戸北
ときた,戸木田
ときた,時田
ときた,朱鷺田
ときた,常田
ときた,土岐田
ときた,土木田
ときた,鴇田
ときた,齋田
ときたけ,時武
ときたに,時谷
ときだ,貴田
ときだ,時田
ときだ,常田
ときつ,時津
ときと,時任
ときとう,時任
ときとも,時友
ときなが,時永
ときなが,時長
ときの,解野
ときの,時野
ときのや,時野谷
ときはら,時原
ときひさ,時久
ときひろ,時広
ときひろ,時弘
ときまさ,時政
ときまつ,時松
ときまる,時丸
ときみず,時水
ときみつ,時光
ときむら,時村
ときめ,時女
ときもと,時本
ときもり,時森
ときもり,時盛
ときや,時谷
ときや,時矢
ときや,鴇矢
ときや,釋舎
ときやす,時安
ときやま,時山
ときやま,土岐山
ときよし,時（吉の士が土）
ときよし,時吉
ときわ,常盤
ときわ,常磐
ときわ,常葉
ときわい,常盤井
ときわい,常磐井
ときわぎ,常盤木
ときわした,常盤下
ときわの,常盤野
とぎ,研
とぎ,戸木
とぎ,土岐
とぎおか,研岡
とぎの,研野
とぎの,野
とぎや,（石へんに刑）屋
とぎや,利谷
とぎや,硎屋
とぎやま,研山
とく,得
とく,徳
とく,督
とく,禿
とく,篤
とくあみ,徳網
とくあん,徳庵
とくい,得井
とくい,得居
とくい,徳井
とくい,徳居
とくいし,徳石
とくいち,徳一
とくうえ,徳植
とくうち,徳内
とくうめ,徳梅
とくえ,（徳の心の上に一）江
とくえ,徳江
とくお,徳尾
とくおか,（徳の心の上に一）岡
とくおか,土久岡
とくおか,得岡
とくおか,徳岡
とくおの,徳尾野
とくおり,徳織
とくか,徳家
とくかつ,徳勝
とくが,徳賀
とくがは,徳川
とくがわ,（徳の心の上に一）川
とくがわ,徳川
とくがわ,禿河
とくぎ,徳木
とくくら,徳倉
とくさ,木賊
とくさか,徳坂
とくさし,徳差
とくさと,徳里
とくさない,戸草内
とくざわ,徳澤
とくしげ,得重
とくしげ,徳重
とくしげ,德重
とくした,徳下
とくしま,徳島
とくしま,徳嶋
とくしゅく,徳宿
とくじ,得字
とくすえ,徳末
とくすみ,徳住
とくすみ,徳炭
とくず,土葛
とくずみ,徳住
とくせ,徳世
とくぜん,徳善
とくたか,徳高
とくたか,徳嵩
とくたけ,（徳の心の上に一）武
とくたけ,得竹
とくたけ,徳竹
とくたけ,徳武
とくたけ,徳嶽
とくたに,徳谷
とくだ,（徳の心の上に一）田
とくだ,得田
とくだ,徳多
とくだ,徳田
とくだ,篤田
とくだいじ,徳大寺
とくち,渡久地
とくち,得地
とくち,徳地
とくち,德地
とくつ,得津
とくつね,徳常
とくてる,徳照
とくとみ,徳富
とくとみ,徳冨
とくとめ,徳留
とくどう,徳堂
とくどみ,徳富
とくどめ,徳留
とくなか,（徳の心の上に一）中
とくなか,徳中
とくなが,（徳の心の上に一）永
とくなが,得永
とくなが,徳永
とくなみ,徳並
とくなり,徳成
とくなん,徳南
とくに,戸国
とくに,戸國
とくにし,徳西
とくの,徳野
とくのう,得能
とくのう,徳納
とくのう,徳能
とくはし,徳橋
とくはた,徳畑
とくはら,（徳の心の上に一）原
とくはら,徳原
とくひさ,徳久
とくひさ,德久
とくひさざか,徳久阪
とくひら,（徳の心の上に一）平
とくひら,得平
とくひら,徳平
とくひろ,（徳の心の上に一）弘
とくひろ,（徳の心の上に一）廣
とくひろ,徳広
とくひろ,徳弘
とくひろ,徳廣
とくふじ,徳藤
とくぶち,（徳の心の上に一）渕
とくぶち,徳渕
とくぶつ,徳物
とくま,徳間
とくまえ,徳前
とくまさ,徳政
とくます,徳升
とくます,徳舛
とくます,徳増
とくます,徳桝
とくまつ,徳松
とくまる,得丸
とくまる,徳丸
とくまん,徳満
とくみ,徳見
とくみち,徳道
とくみつ,（徳の心の上に一）光
とくみつ,徳光
とくみつ,徳満
とくみね,徳嶺
とくむら,徳村
とくも,徳茂
とくもと,（徳の心の上に一）本
とくもと,得本
とくもと,徳元
とくもと,徳本
とくもり,徳森
とくもり,徳盛
とくもん,徳門
とくや,徳家
とくや,徳谷
とくやす,徳安
とくやま,（徳の心の上に一）山
とくやま,渡久山
とくやま,徳山
とくやま,篤山
とくよし,徳吉
とくよせ,徳寄
とくら,（徳の心の上に一）倉
とくら,計倉
とくら,戸倉
とくら,十倉
とくら,登倉
とくら,都倉
とくら,土倉
とくら,徳倉
とくら,徳良
とくら,利倉
とくらく,徳楽
とくらく,徳樂
とくり,（徳の心の上に一）利
とくりき,徳力
とくれい,徳礼
とくれい,徳禮
とくれい,特礼
とくわか,徳若
とくわき,徳脇
とぐち,外口
とぐち,戸口
とぐち,渡久地
とぐち,渡口
とぐち,東口
とぐちだ,戸口田
とぐま,戸熊
とぐり,戸栗
とけい,時計
とけし,渡慶次
とけじ,渡慶次
とげ,戸毛
とこ,床
とこい,床井
とこい,常井
とこう,斗光
とこう,都甲
とこお,床尾
とこおか,床岡
とこかわ,床川
とこしま,床島
とこしゅく,床宿
とこすみ,徃住
とこだ,床田
とこなべ,床那部
とこなべ,床鍋
とこなみ,床次
とこなみ,床波
とこなみ,床並
とこなめ,常滑
とこぼう,床坊
とこやま,時子山
とこよ,常世
とこよだ,常世田
ところ,所
ところ,床呂
ところ,野老
ところざき,所（崎の大が立）
ところざき,所崎
ところざわ,所沢
ところだ,所田
ところだに,所谷
ところやま,野老山
とごう,渡會
とごう,都甲
とごえ,外越
とごえ,戸越
とごろ,戸頃
とさ,戸佐
とさ,登佐
とさ,土佐
とさか,戸坂
とさか,登坂
とさか,登阪
とさき,戸（崎の大が立）
とさき,戸崎
とさばやし,土佐林
とさや,土佐屋
とざき,戸（崎の大が立）
とざき,戸崎
とざと,外里
とざわ,戸沢
とざわ,戸澤
とざわ,兎沢
とざわ,兎澤
とざわ,斗沢
とざわ,斗澤
とざわ,杜澤
とざわ,都澤
とし,利
としお,兎子尾
としおか,東司丘
としおか,利岡
としかげ,敏陰
としかわ,利川
としがみ,年神
としきよ,歳清
としきよ,年清
としくに,歳國
としくに,利国
としくら,利倉
とししげ,利重
としずみ,年澄
としたに,利谷
としだ,歳田
としだ,土師田
としだ,土志田
としだ,土信田
としだ,利田
としつな,年綱
としない,十枝内
としなが,俊長
としなが,年永
としなが,壽
としなり,俊成
としなわ,年縄
としの,俊野
としの,都子野
としの,利野
としひろ,歳弘
としま,外島
としま,戸島
としま,戸嶋
としま,戸嶌
としま,十島
としま,十嶋
としま,渡島
としま,渡嶋
としま,登島
としま,登嶋
としま,都島
としま,年末
としま,豊島
としま,豊嶋
としま,利島
としみ,年見
としみつ,年光
としみつ,利光
としもり,歳森
としもり,年森
としもり,敏森
としやす,利安
としよし,年吉
としろ,戸城
とじ,登地
とじ,都地
とじき,戸敷
とじの,戸治野
とじま,戸島
とじま,戸嶋
とじま,登島
とす,戸須
とす,鳥巣
とせ,戸（瀬の頁が刀の下に貝）
とせ,戸瀬
とたに,戸谷
とだ,戸田
とだ,兎田
とだ,杜多
とだ,登田
とだ,都田
とだ,土田
とだ,刀田
とだ,冨田
とだか,戸（はしご高）
とだか,戸高
とだて,外舘
とだて,戸舘
とだに,戸谷
とだに,土谷
とだま,十玉
とだま,登玉
とち,土地
とちあき,栩秋
とちい,栃井
とちうら,櫟浦
とちお,栃尾
とちお,杤尾
とちおり,栃折
とちかわ,橡川
とちき,都知木
とちき,栃木
とちき,杤木
とちき,杼木
とちぎ,栃木
とちぎ,橡木
とちぎ,杼木
とちぎ,栩木
とちくぼ,栃久保
とちくぼ,栃窪
とちくぼ,杤久保
とちくら,栃倉
とちさか,栩坂
とちざわ,栃沢
とちざわ,栃澤
とちたに,栃谷
とちたに,栩谷
とちない,栃内
とちない,栩内
とちの,栩野
とちはら,栃原
とちはら,栩原
とちばやし,栃林
とちふじ,杤藤
とちぼり,杤堀
とちむら,杼村
とちもと,栃本
とちもと,栩本
とちもと,檪本
とちや,栃谷
とちやま,栃山
とちやま,杤山
とちやま,栩山
とっこ,東狐
とっとり,鳥取
とつ,戸津
とつか,戸（土へんに冢）
とつか,戸塚
とつか,十束
とつかわ,戸津川
とつかわ,十津川
とつがわ,戸津川
とつがわ,土津川
とつぎ,戸次
とつざき,戸津崎
とつね,戸恒
とづ,戸津
とづ,十津
とづか,戸塚
とづか,富塚
とで,戸出
とで,都出
ととき,十時
ととりべ,鳥取部
とど,百々
とどう,戸堂
とどう,登藤
とどき,十時
とどころ,外処
とどころ,戸所
とどころ,富所
とどめ,留目
とどり,都鳥
とどりき,等々力
とどろき,（轟の車が馬）木
とどろき,轟
とどろき,轟木
とどろき,等々力
とどろばる,轟原
とな,戸奈
とな,戸名
とな,十名
とない,兎内
となえ,都苗
となか,戸中
となき,渡名喜
となみ,外波
となみ,戸波
となみ,戸並
となみ,戸浪
となみ,土浪
となみ,利波
となみ,當波
となみ,礪波
となり,戸成
となり,都成
とにむら,十二村
とぬま,戸沼
とね,戸根
とね,刃根
とね,登根
とね,刀根
とね,刀禰
とね,刀祢
とね,東稔
とね,利根
とねがわ,戸根川
とねがわ,舎川
とねがわ,利根川
とねぎ,戸根木
とねぎ,渡木
とねさく,東根作
とねだち,刀祢館
とねや,戸根谷
とねやま,利根山
とねり,戸練
とねり,舎人
との,戸野
との,登野
とのい,殿井
とのいけ,外ノ池
とのいけ,外池
とのいそ,外礒
とのうえ,渡植
とのうち,外内
とのうち,戸内
とのうち,殿内
とのうち,登内
とのえ,外江
とのお,殿尾
とのおか,外岡
とのおか,殿岡
とのかわ,殿川
とのがい,外海
とのがい,殿貝
とのがい,殿谷
とのがいち,殿垣内
とのがいと,殿垣内
とのがうち,殿垣内
とのがき,殿垣
とのがきうち,殿垣内
とのがわ,殿川
とのき,外木
とのき,殿城
とのき,殿木
とのぎ,殿木
とのくら,戸野倉
とのくら,殿倉
とのこ,渡子
とのごうち,殿河内
とのごうち,殿垣内
とのさき,外崎
とのさき,戸ノ崎
とのさき,殿崎
とのざき,外崎
とのざき,戸ノ崎
とのしま,殿島
とのしろ,登野城
とのだ,殿田
とのつか,戸野塚
とのづか,殿塚
とのづか,土濃塚
とのところ,殿所
とのはた,殿畑
とのはら,殿原
とのみ,主海
とのみず,殿水
とのむら,外村
とのむら,殿村
とのも,殿最
とのもと,戸野本
とのもと,殿元
とのもと,殿本
とのもと,塔本
とのもり,主森
とのもり,殿守
とのや,殿谷
とのやま,殿山
とはし,都橋
とはら,戸原
とはら,登原
とば,戸羽
とば,鳥羽
とば,鳥羽
とばし,都橋
とばせ,鳥羽瀬
とばた,戸端
とばた,戸幡
とばた,戸畑
とばやし,戸林
とばやま,外波山
とばやま,鳥羽山
とばり,戸張
とばり,登張
とばり,富張
とひ,土肥
とひや,戸樋谷
とび,飛
とびいし,飛石
とびうめ,飛梅
とびおか,飛岡
とびか,飛賀
とびかきうち,飛垣内
とびき,戸引
とびさ,飛佐
とびさか,飛坂
とびさこ,飛峪
とびさわ,飛澤
とびしま,鳶島
とびしま,飛島
とびしま,飛嶋
とびす,鳶巣
とびせ,飛世
とびせ,飛瀬
とびた,鳶田
とびた,飛田
とびたに,飛谷
とびち,飛地
とびつか,飛塚
とびと,飛渡
とびない,飛内
とびなが,飛永
とびの,鳶野
とびの,飛野
とびまつ,飛松
とびや,飛家
とびやま,飛山
とびわたり,飛渡
とふたに,豆腐谷
とぶさわ,飛澤
とぶし,戸伏
とへぞ,藤平蔵
とへぞう,藤平蔵
とへだ,藤平田
とべ,戸部
とべ,戸辺
とべ,戸邉
とべ,十倍
とべた,戸部田
とほ,渡保
とほり,砥堀
とぼし,戸星
とぼり,戸堀
とま,戸澗
とま,苫
とま,笘
とまい,戸真伊
とまがえ,戸間替
とまさ,戸政
とましの,苫篠
とましの,笘篠
とまつ,外松
とまつ,外末
とまつ,戸松
とまつ,登松
とまつり,戸祭
とまつり,都祭
とまな,苫名
とまはら,苫原
とまひろ,笘広
とまべち,苫米地
とまり,戸鞠
とまり,渡真利
とまり,泊
とまり,泊里
とまりうち,泊内
とまりかわ,泊川
とまりや,泊谷
とまる,外丸
とまる,戸丸
とまる,登丸
とまる,都丸
とみ,登美
とみ,富
とみ,冨
とみい,富井
とみい,富居
とみい,冨井
とみいえ,富家
とみいえ,冨家
とみいし,富石
とみいた,富板
とみいた,冨板
とみうが,富宇賀
とみうち,富内
とみうら,富浦
とみうら,冨浦
とみえ,富恵
とみえ,富江
とみえ,冨江
とみお,富尾
とみお,冨尾
とみおか,富岡
とみおか,冨岡
とみおか,冨丘
とみおく,富奥
とみかし,富樫
とみかわ,臣川
とみかわ,富川
とみかわ,冨川
とみが,冨賀
とみがし,富樫
とみがはら,富ヶ原
とみがはら,冨ヶ原
とみがみ,富上
とみき,富木
とみき,富来
とみき,冨木
とみき,當木
とみく,富来
とみくせ,冨倉
とみくだ,富久田
とみくぼ,富久保
とみくら,蔵富
とみくら,富倉
とみくら,冨倉
とみぐち,富口
とみぐち,冨口
とみけ,冨家
とみさか,富坂
とみさか,富阪
とみさき,富崎
とみさき,冨崎
とみさと,富里
とみさわ,富沢
とみさわ,富澤
とみさわ,冨沢
とみさわ,冨澤
とみざき,富崎
とみざわ,富沢
とみざわ,富澤
とみざわ,冨沢
とみざわ,冨澤
とみしげ,富重
とみしげ,冨重
とみしま,富島
とみしま,富嶋
とみしま,冨島
とみしま,冨嶋
とみしょ,富所
とみじま,富島
とみず,戸水
とみずか,富塚
とみずか,冨塚
とみずみ,友住
とみせ,富瀬
とみた,頓田
とみた,富田
とみた,冨田
とみたか,富（はしご高）
とみたか,富高
とみたけ,富（はしご高）
とみたに,富谷
とみだ,富田
とみだ,冨田
とみだい,當代
とみつか,富（土へんに冢）
とみつか,富塚
とみつか,冨塚
とみづか,富塚
とみづか,冨（土へんに冢）
とみづか,冨塚
とみづき,富崎
とみづき,富築
とみて,冨手
とみとり,富取
とみどう,冨堂
とみどころ,富所
とみどころ,冨所
とみなか,富中
とみなか,冨中
とみなが,臣永
とみなが,富永
とみなが,冨永
とみなり,富成
とみなり,冨成
とみぬき,富貫
とみぬき,冨貫
とみの,富野
とみの,冨野
とみのこうじ,富小路
とみのもり,富森
とみはし,富橋
とみはた,富畑
とみはま,富浜
とみはま,富濱
とみはら,富原
とみはら,冨原
とみはり,富張
とみばやし,富林
とみばり,富張
とみひさ,富久
とみひら,富平
とみひろ,富広
とみべ,冨部
とみます,冨舛
とみます,冨増
とみます,冨桝
とみまつ,富松
とみまつ,冨松
とみみず,冨水
とみむら,富村
とみむら,冨村
とみむろ,富室
とみむろ,冨室
とみもと,富元
とみもと,富本
とみもと,冨本
とみもり,富森
とみもり,富盛
とみもり,冨森
とみもり,豊見盛
とみや,富家
とみや,富谷
とみや,冨谷
とみや,冨弥
とみやす,富安
とみやす,冨安
とみやす,冨保
とみやま,兎耳山
とみやま,富山
とみやま,冨山
とみやま,豊見山
とみよし,富（吉の士が土）
とみよし,富吉
とみよし,富好
とみよし,冨吉
とみよし,冨好
とみより,冨依
とみわ,富和
とみをか,冨岡
とむら,外村
とむら,戸村
とむら,渡村
とむろ,戸室
とめ,留
とめおか,留岡
とめおく,留奥
とめかわ,留河
とめかわ,留川
とめた,留田
とめだ,留田
とめの,留野
とめば,留場
とめもり,留守
とめもり,留森
とめわけ,留分
とも,塘
とも,鞆
ともい,伴井
ともい,友井
ともい,友居
ともい,艫井
ともい,艫居
ともい,舮戸
ともい,鞆井
ともいかり,友碇
ともいがわ,友井川
ともいけ,友池
ともいし,友石
ともうち,塘内
ともうら,友浦
ともえ,巴
ともえ,友枝
ともえだ,友枝
ともお,友尾
ともおか,友岡
ともかげ,友景
ともかね,友金
ともかね,友兼
ともがね,友金
ともき,友木
ともきよ,友清
ともくに,友国
ともくに,友國
ともこまき,下小牧
ともさか,友坂
ともさき,友崎
ともさだ,友貞
ともさだ,友定
ともさわ,友澤
ともざき,友崎
ともざわ,友沢
ともざわ,友澤
ともしげ,友重
ともしげ,友繁
ともしま,友嶋
ともじ,友地
ともじり,友尻
ともすえ,友末
ともすぎ,友杉
ともずみ,友住
ともぞえ,塘添
ともぞえ,友添
ともぞめ,友染
ともた,友田
ともたき,友滝
ともたけ,朝武
ともたけ,渡守武
ともたけ,友竹
ともたに,伴谷
ともたに,友谷
ともたり,知足
ともだ,供田
ともだ,共田
ともだ,塘田
ともだ,友田
ともだ,鞆田
ともち,友知
ともちか,友近
ともつ,鞆津
ともつぎ,友次
ともつぐ,友次
ともつな,友綱
ともつね,友常
ともづか,友塚
ともと,登本
ともとし,友利
ともなお,友直
ともなか,塘中
ともなが,朝永
ともなが,朝長
ともなが,友永
ともなり,友成
ともの,供野
ともの,伴野
ともの,友野
とものう,友納
とものぶ,友延
とものぶ,友信
とものべ,友延
とものり,友則
ともはら,友原
ともひさ,友久
ともひろ,友広
ともひろ,友弘
ともひろ,友廣
ともふじ,友藤
ともぶち,友渕
ともべ,友部
ともまさ,友政
ともまつ,友松
ともみち,友道
ともみつ,友光
ともむら,友村
とももと,塘本
とももと,友本
とももり,友森
ともや,友谷
ともや,鞆屋
ともやす,友安
ともやす,友保
ともやま,巴山
ともやま,友山
ともゆき,友行
ともよし,友吉
ともよし,友好
ともよし,友善
ともよせ,友寄
ともより,友寄
ともら,友良
ともり,戸森
ともり,十森
ともり,登森
ともり,友利
ともん,外門
とや,外谷
とや,戸屋
とや,戸谷
とや,戸矢
とや,鳥家
とや,鳥谷
とや,登谷
とや,都谷
とやお,鳥（竹かんむりに弓）尾
とやお,鳥屋尾
とやお,鳥谷尾
とやさき,戸矢崎
とやざき,戸矢崎
とやば,外谷場
とやべ,鳥谷部
とやま,外山
とやま,戸山
とやま,登山
とやま,富山
とやま,冨山
とやもり,都谷森
とよいずみ,豊泉
とようら,豊浦
とよお,豊生
とよおか,豊岡
とよかわ,豊川
とよき,豊喜
とよき,豊城
とよき,豊木
とよくに,豊国
とよくに,豊國
とよくら,豊倉
とよくら,豊蔵
とよくら,豊藏
とよくわ,豊桑
とよぐち,豊口
とよさか,豊坂
とよさき,豊（崎の大が立）
とよさき,豊崎
とよさだ,豊貞
とよさと,豊里
とよさわ,豊沢
とよさわ,豊澤
とよざと,豊里
とよざわ,豊沢
とよし,豊（吉の士が土）
とよし,豊吉
とよし,豊志
とよした,豊下
とよしま,豊島
とよしま,豊嶋
とよしま,豊嶌
とよしろ,豊城
とよじ,豊治
とよす,豊洲
とよすみ,豊住
とよずみ,豊住
とよた,豊田
とよたか,豊高
とよたけ,豊岳
とよたけ,豊竹
とよたに,豊谷
とよたま,豊玉
とよだ,樋田
とよだ,豊田
とよつ,豊津
とよとみ,豊富
とよとみ,豊冨
とよとめ,豊留
とよどめ,豊留
とよなが,豊永
とよなり,豊成
とよの,豊野
とよのう,豊納
とよはま,豊浜
とよはま,豊濱
とよはら,豊原
とよば,樋場
とよひさ,豊久
とよひら,豊平
とよひろ,豊廣
とよふく,豊福
とよふじ,豊藤
とよべ,豊邊
とよほ,豊穂
とよほか,豊外
とよま,登米
とよま,豊間
とよまえ,豊前
とよまき,豊巻
とよます,豊増
とよまつ,豊松
とよまね,豊間根
とよまる,豊丸
とよみ,豊美
とよみず,豊水
とよみつ,豊満
とよむら,豊村
とよもと,樋本
とよもと,豊元
とよもと,豊本
とよもり,豊森
とよもり,豊盛
とよやま,豊山
とよら,豊浦
とらい,虎井
とらいし,虎石
とらいわ,虎岩
とらいわ,乕岩
とらお,虎尾
とらお,寅尾
とらお,乕尾
とらおか,虎岡
とらかわ,虎川
とらぐち,虎口
とらざわ,虎沢
とらざわ,虎澤
とらしま,虎島
とらた,虎田
とらたけ,虎竹
とらたに,虎谷
とらたに,虎溪
とらたに,乕谷
とらだ,乕田
とらの,寅野
とらま,虎間
とらまる,虎丸
とらまる,寅丸
とらみ,虎見
とらや,虎谷
とらや,寅谷
とらや,乕屋
とらやま,虎山
とらわか,虎若
とらわか,寅（若のくさかんむりが＋＋）
とり,鳥
とり,登利
とりい,華表
とりい,取違
とりい,鳥井
とりい,鳥居
とりいがはら,鳥井ヶ原
とりいつか,鳥居（土へんに冢）
とりいづか,鳥居塚
とりいはら,鳥井原
とりいはら,鳥居原
とりいもと,鳥井本
とりいもと,鳥居本
とりいれ,鳥入
とりう,鳥生
とりうち,鳥内
とりうみ,鳥海
とりお,鳥尾
とりおか,鳥岡
とりかい,鳥海
とりかい,鳥飼
とりかい,鳥養
とりかえ,取替
とりかた,鳥潟
とりかわ,鳥川
とりかわ,土利川
とりがい,鳥飼
とりがい,鳥養
とりがた,鳥潟
とりき,鳥木
とりきり,鳥切
とりくら,鳥倉
とりげ,鳥毛
とりこえ,鳥越
とりこし,取越
とりこし,鳥越
とりごえ,鳥越
とりさき,鳥崎
とりさわ,鳥沢
とりざわ,鳥沢
とりざわ,鳥澤
とりしま,鳥島
とりしま,鳥嶋
とりす,鳥巣
とりずか,鳥塚
とりた,鳥田
とりた,酉田
とりた,部田
とりたに,鳥谷
とりだ,鳥田
とりだ,部田
とりだまり,鳥集
とりちがい,取違
とりつか,鳥塚
とりづ,鳥津
とりづか,鳥（土へんに冢）
とりづか,鳥塚
とりで,取出
とりなか,鳥中
とりのうみ,鳥海
とりのうみ,鳥之海
とりはし,鳥橋
とりはた,鳥羽田
とりはた,鳥畑
とりはば,鳥羽々
とりはら,鳥原
とりば,鳥羽
とりば,鳥場
とりばたけ,鳥畑
とりばみ,鳥喰
とりまる,鳥丸
とりみ,鳥海
とりみ,鳥見
とりみつ,鳥光
とりみや,鳥宮
とりむら,鳥村
とりもと,鳥本
とりや,鳥屋
とりや,鳥谷
とりや,部谷
とりやお,鳥谷尾
とりやばら,鳥屋原
とりやべ,鳥谷部
とりやま,鳥山
とりゅう,鳥生
とりわき,鳥脇
とろぶ,土路生
とわた,砥綿
とわたり,戸渡
とわたり,都渡
とわたり,唐渡
とんぐう,頓宮
とんしょ,頓所
とんだ,頓田
とんだ,冨田
とんどころ,遁所
とんどころ,頓所
とんな,頓名
とんべ,冨部
どあい,土合
どい,（土、）肥
どい,（土｀）井
どい,戸井
どい,土井
どい,土居
どい,土肥
どい,道井
どいうち,土井内
どいかわ,土井川
どいがき,土井垣
どいがみ,土井上
どいがわ,土井川
どいぐち,土井口
どいけ,土池
どいした,土居下
どいじり,土井尻
どいぞえ,土井添
どいだ,土井田
どいち,土一
どいち,土市
どいの,土井野
どいはら,土井原
どいはら,土居原
どいはら,土肥原
どいら,土井良
どう,堂
どうい,堂井
どうい,洞井
どうい,道井
どううえ,堂上
どううち,堂内
どううら,堂浦
どうえ,堂上
どうお,堂尾
どうおか,堂岡
どうおん,道音
どうかい,道海
どうかく,堂角
どうかん,道勧
どうかん,道官
どうかん,道寛
どうが,堂賀
どうが,道賀
どうがい,洞外
どうがいち,道垣内
どうがうち,堂垣内
どうがうち,道垣内
どうがき,堂柿
どうがきない,堂垣内
どうがさき,堂ヶ崎
どうがね,銅金
どうがみ,堂上
どうがわ,堂川
どうがん,道願
どうき,道鬼
どうき,道木
どうき,銅城
どうきた,堂北
どうきゅう,道久
どうぎ,道木
どうぎょうじり,同形尻
どうぎん,銅銀
どうぐ,道具
どうぐち,筒口
どうぐち,堂口
どうぐち,洞口
どうぐち,道口
どうけ,道家
どうけん,道券
どうげん,銅玄
どうこ,堂故
どうこ,道古
どうこう,道幸
どうこし,堂腰
どうご,堂後
どうご,道後
どうごし,堂越
どうごめ,堂込
どうごん,道言
どうさい,道齊
どうさか,堂坂
どうさか,堂阪
どうさか,道坂
どうさこ,堂迫
どうさん,道三
どうざか,堂坂
どうざき,堂崎
どうざき,堂嵜
どうした,堂下
どうしゅう,道宗
どうしょう,道正
どうじま,堂島
どうじま,堂嶋
どうじま,道島
どうじま,銅島
どうじま,百島
どうじゅん,道順
どうじょう,堂上
どうじょう,道上
どうじょう,道城
どうじょう,道場
どうじょう,銅城
どうじり,堂尻
どうせい,道姓
どうせき,道関
どうせこ,堂迫
どうせん,道仙
どうせん,道先
どうぜん,同前
どうぜん,堂前
どうぜん,道前
どうぜん,道善
どうぞの,堂園
どうぞの,堂薗
どうぞの,道園
どうた,堂田
どうたい,道躰
どうたか,堂（はしご高）
どうたに,堂谷
どうたぬき,洞田貫
どうたん,道丹
どうだ,堂田
どうだん,堂段
どうち,堂地
どうち,道地
どうち,道智
どうちょく,銅直
どうちん,堂珍
どうちん,道鎮
どうつ,道津
どうてら,堂寺
どうでん,道伝
どうでん,道傳
どうとう,堂東
どうとう,堂藤
どうとう,洞筒
どうとう,道東
どうとく,堂徳
どうとく,道徳
どうど,堂土
どうど,百々
どうどう,動道
どうどう,百々
どうなえ,道苗
どうなお,銅直
どうにし,堂西
どうにわ,洞庭
どうねん,道念
どうの,堂野
どうのうえ,堂ノ上
どうのした,堂ノ下
どうのした,堂之下
どうのまえ,堂野前
どうのもと,堂ノ本
どうのわき,堂ノ脇
どうはた,堂端
どうはた,堂畑
どうはな,堂端
どうはら,堂原
どうば,堂場
どうば,道場
どうばやし,堂林
どうばら,道原
どうひら,堂平
どうふく,堂福
どうぶつ,道仏
どうべた,銅直
どうほう,道法
どうぼら,道洞
どうま,堂間
どうま,堂馬
どうまえ,堂前
どうまた,道又
どうまる,堂丸
どうまん,道満
どうみ,堂見
どうみ,道見
どうみち,堂道
どうみつ,堂満
どうみょう,道明
どうみょうじ,道明寺
どうむら,堂村
どうめ,堂目
どうめ,百目
どうめき,百目鬼
どうめき,百目木
どうめん,堂免
どうめん,堂面
どうめん,道免
どうめん,道面
どうもと,堂下
どうもと,堂元
どうもと,堂本
どうもと,道本
どうもり,堂守
どうもり,堂森
どうもん,童門
どうや,洞谷
どうや,銅谷
どうや,銅冶
どうやち,堂谷内
どうやま,堂山
どうゆ,堂湯
どうゆう,道勇
どうよう,堂用
どうよう,道用
どうら,道羅
どうりょう,堂領
どうりん,道厘
どうりん,道林
どうわ,道輪
どうわき,堂脇
どえ,戸江
どえ,土江
どえ,土惠
どえ,土榮
どえだ,土江田
どかい,土開
どがいど,道垣内
どがま,土釜
どがみ,筒上
どき,土器
どき,土岐
どきや,土器屋
どぎし,土岸
どぐち,筒口
どこう,土光
どこう,土公
どご,土後
どしだ,土志田
どしだ,土信田
どしょう,土性
どしょう,土生
どしろ,土代
どじょう,土性
どじり,土尻
どだい,土代
どだて,土館
どち,土地
どっこ,独鈷
どて,土手
どてうち,土手内
どてうち,土堤内
どてがわ,土手川
どてぐち,土手口
どてぞえ,土手添
どとう,土堂
どとう,洞筒
どど,百々
どぬま,土沼
どのうえ,土上
どのうえ,堂上
どのはし,百橋
どのやま,殿山
どばし,土橋
どばた,土畠
どひ,土肥
どひはら,土肥原
どひわ,土樋輪
どぶ,土部
どべ,土部
どぼく,土木
どます,土増
どまつ,土松
どめき,百目鬼
どめき,百目木
どもと,土本
どもん,土門
どや,土谷
どやま,度山
どやま,土山
どろ,泥
どろかわ,泥川
どろのき,土木
どろぶち,土渕
どんかい,呑海
どんじ,殿地
どんじょう,土定