やい,屋井
やい,矢井
やいざわ,八井沢
やいた,八板
やいた,矢板
やいたばし,矢板橋
やいだ,矢井田
やいち,家市
やいり,矢入
やうじ,弥氏
やうた,矢歌
やうち,屋内
やうち,矢内
やうちだ,谷内田
やうら,矢浦
やえ,八戸
やえ,八江
やえ,八重
やえお,八重尾
やえかしわ,八重柏
やえかわ,八重川
やえがき,八重垣
やえがし,八重樫
やえがしわ,八重柏
やえがわ,八重川
やえくら,八重倉
やえざ,八重座
やえざくら,八重桜
やえざくら,八重櫻
やえざわ,八重沢
やえざわ,八重澤
やえした,八重下
やえしま,八重島
やえしま,八重嶋
やえじま,八重嶋
やえだ,八重田
やえだけ,八重嶽
やえづ,八重津
やえの,八丈野
やえはし,八重橋
やえやま,八重山
やお,八尾
やお,八百
やお,矢尾
やおい,八百井
やおい,矢追
やおいた,八百板
やおいた,矢尾板
やおか,矢岡
やおかわ,八百川
やおく,矢奥
やおさ,八筬
やおさか,八尾坂
やおた,矢尾田
やおたに,八尾谷
やおたに,八百谷
やおとめ,八乙女
やおの,八百野
やおむら,八百村
やおり,矢折
やか,屋嘉
やか,家加
やか,八家
やかけ,矢掛
やかしろ,八ヶ代
やかず,矢数
やかた,屋形
やかた,屋片
やかた,屋方
やかた,家形
やかた,矢形
やかた,矢方
やかび,屋嘉比
やかぶ,屋嘉部
やかべ,屋嘉部
やかべ,八加部
やかべ,八壁
やかべ,矢ケ部
やかべ,矢ヶ部
やかべ,矢加部
やかべ,矢可部
やかべ,矢賀部
やかべ,矢壁
やかま,八釜
やかみ,八上
やかみ,八神
やかみ,矢上
やかめ,八亀
やかめ,矢亀
やかもと,矢鹿本
やかわ,八川
やかわ,矢川
やが,屋我
やがい,屋貝
やがい,谷開
やがい,谷貝
やがい,矢ヶ井
やがい,矢貝
やがい,矢飼
やがい,矢谷
やがき,屋垣
やがき,家垣
やがき,矢垣
やがけ,家掛
やがさき,谷ケ崎
やがさき,谷ヶ崎
やがさき,矢ケ崎
やがさき,矢ヶ（崎の大が立）
やがさき,矢ヶ崎
やがしら,家頭
やがしろ,谷ケ城
やがしろ,谷ヶ城
やがしろ,八ヶ代
やがた,屋形
やがた,矢形
やがはら,谷川原
やがみ,屋上
やがみ,谷神
やがみ,八上
やがみ,八神
やがみ,矢上
やがみ,矢神
やがめ,家亀
やがめ,谷亀
やがら,八柄
やがわ,箭川
やがわ,谷河
やがわ,矢川
やき,矢貴
やきがや,八木ヶ谷
やきしま,焼島
やきた,焼田
やきだ,燒田
やきひろ,焼広
やきや,焼家
やきや,脇家
やきやま,焼山
やきれ,八切
やきわら,八木原
やぎ,屋宜
やぎ,屋木
やぎ,箭木
やぎ,谷木
やぎ,八代
やぎ,八木
やぎ,矢城
やぎ,矢木
やぎ,柳吉
やぎい,楊井
やぎう,（木へんに夘）生
やぎう,柳生
やぎうち,柳内
やぎうら,柳浦
やぎがや,八木ヶ谷
やぎさわ,八木沢
やぎさわ,八木澤
やぎさわ,矢木沢
やぎした,（木へんにタ卩）下
やぎした,八木下
やぎした,柳下
やぎた,八木田
やぎた,柳田
やぎたに,八木谷
やぎと,八木戸
やぎぬま,八木沼
やぎぬま,桝沼
やぎぬま,柳沼
やぎの,八木野
やぎはし,八木橋
やぎはし,柳橋
やぎはら,八木原
やぎひら,八木平
やぎまき,八木巻
やぎもと,柳本
やぎゅう,（木へんにタ卩）生
やぎゅう,谷牛
やぎゅう,野牛
やぎゅう,柳生
やぎゅう,柳父
やぎゅうだ,柳生田
やぎら,柳楽
やぎり,矢切
やく,夜久
やくがわ,役川
やくし,薬司
やくし,薬師
やくし,藥師
やくしいん,薬師院
やくしがわ,薬師川
やくしがわ,藥師川
やくしげ,役重
やくしじ,薬師寺
やくしじ,藥師寺
やくしじん,薬師神
やくしまる,薬師丸
やくすえ,弥久末
やくた,役田
やくでん,役田
やくの,役野
やくぼ,八窪
やくぼ,弥久保
やくぼ,矢久保
やくまる,薬丸
やくも,耶雲
やくもと,薬本
やくやま,役山
やくら,八倉
やくら,矢倉
やくわ,八鍬
やぐち,山口
やぐち,谷口
やぐち,矢口
やぐま,矢熊
やぐら,八倉
やぐら,矢倉
やぐらまき,八倉巻
やけいし,矢毛石
やけすぎ,焼杉
やけだ,焼田
やけひろ,焼廣
やけや,焼谷
やけやま,焼山
やげた,屋ヶ田
やげた,八下田
やげんじ,八源寺
やげんじ,薬研地
やこ,谷古
やこ,八子
やこう,谷古宇
やこう,八（はしご高）
やこう,八国生
やこう,八子
やこう,夜光
やこう,矢古宇
やこう,矢光
やこう,矢向
やこじま,矢古島
やご,家後
やご,八子
やご,野吾
やご,矢後
やごう,家合
やごう,矢郷
やごう,矢後
やごう,矢合
やごうら,御祓如
やごおり,弥郡
やごし,矢越
やごしま,野牛島
やごしま,矢古嶋
やごめ,矢込
やごろ,矢頃
やごろうまる,八五郎丸
やさ,弥佐
やさいこ,家才子
やさお,八筬
やさか,八坂
やさか,八阪
やさか,矢坂
やさか,矢阪
やさき,矢（崎の大が立）
やさき,矢崎
やさく,矢作
やさし,夜差
やさだ,矢定
やさと,八里
やざき,矢（崎の大が立）
やざき,矢崎
やざま,矢間
やざま,矢佐間
やざわ,谷沢
やざわ,谷澤
やざわ,八沢
やざわ,矢沢
やざわ,矢澤
やし,家志
やしお,八塩
やしか,八鹿
やしき,屋敷
やしき,屋鋪
やしき,家敷
やしき,谷敷
やしき,矢敷
やしき,矢鋪
やしきだ,屋敷田
やしきの,屋敷野
やしげ,八重
やしげ,弥重
やしげ,彌重
やした,矢下
やしな,八品
やしば,矢柴
やしま,谷嶋
やしま,八島
やしま,八嶋
やしま,八嶌
やしま,矢島
やしろ,屋城
やしろ,屋代
やしろ,家城
やしろ,社
やしろ,社城
やしろ,谷代
やしろ,八城
やしろ,八尋
やしろ,八代
やしろ,野城
やしろ,矢城
やしろ,矢代
やしろだ,八代田
やしろだい,八代醍
やじ,屋宜
やじ,屋地
やじ,家治
やじ,谷治
やじ,八道
やじ,矢治
やじおか,屋地岡
やじま,谷島
やじま,谷嶋
やじま,八島
やじま,矢島
やじま,矢嶋
やじま,矢嶌
やじん,夜陣
やす,安
やす,康
やす,八須
やす,夜須
やす,野洲
やす,矢須
やす,矢数
やすい,安威
やすい,安井
やすい,安居
やすい,康井
やすい,保位
やすい,保井
やすいけ,安池
やすいけ,保池
やすいわ,安岩
やすうみ,安海
やすうら,安浦
やすうら,保浦
やすえ,安恵
やすえ,安江
やすえ,泰江
やすえ,保江
やすえだ,安枝
やすお,安尾
やすお,保尾
やすおか,安岡
やすおか,安陵
やすおか,泰岡
やすおか,保岡
やすかがわ,安カ川
やすかがわ,安ヵ川
やすかがわ,安ヶ川
やすかた,安酸
やすかた,安方
やすかわ,安川
やすかわ,泰川
やすかわ,保川
やすがき,安垣
やすがた,安形
やすがひら,安ケ平
やすき,安喜
やすき,安木
やすき,保木
やすぎ,安木
やすぎ,安來
やすぎ,八杉
やすぎ,矢杉
やすくに,安国
やすくに,安國
やすくも,安雲
やすくら,安蔵
やすくら,保倉
やすぐち,安口
やすげ,矢菅
やすこうち,安河内
やすさか,安坂
やすざ,安座
やすざか,安坂
やすざき,安崎
やすざと,安里
やすざわ,安沢
やすざわ,安澤
やすざわ,保澤
やすし,安士
やすした,安下
やすしま,安嶋
やすじ,保地
やすじま,安島
やすじま,安嶋
やすじま,保嶋
やすずみ,安澄
やすずみ,安栖
やすた,安田
やすたか,安（はしご高）
やすたか,安高
やすたか,安酸
やすたけ,安竹
やすたけ,安武
やすたけ,保竹
やすたに,安谷
やすたにや,安谷屋
やすだ,安田
やすだ,家寿多
やすだ,家壽多
やすだ,康田
やすだ,泰田
やすだ,保多
やすだ,保田
やすちか,安近
やすつね,安恒
やすづか,安塚
やすとみ,安富
やすとみ,安冨
やすとみ,保富
やすとめ,安留
やすとも,安友
やすど,安戸
やすどみ,安冨
やすなか,安中
やすなか,安仲
やすなか,保中
やすなが,安永
やすなが,康永
やすなが,泰永
やすなが,保永
やすなみ,安波
やすなみ,安並
やすなみ,安浪
やすなみ,休波
やすなり,安成
やすなり,保成
やすにし,安西
やすにわ,安庭
やすの,安野
やすの,泰野
やすのぶ,安延
やすのぶ,安信
やすのべ,安延
やすのり,安則
やすのり,康乗
やすはら,安原
やすはら,保原
やすば,安場
やすば,安葉
やすば,安塲
やすば,休場
やすばやし,安林
やすひ,安日
やすひこ,安彦
やすひさ,安久
やすひら,安平
やすひら,易平
やすひろ,安広
やすひろ,安廣
やすふく,安福
やすぶち,安渕
やすほ,安保
やすま,安間
やすま,保間
やすまご,安孫
やすまさ,安政
やすます,安増
やすまつ,安松
やすまる,安丸
やすみ,安見
やすみ,休
やすみ,八角
やすみつ,安光
やすみば,休場
やすむら,安村
やすむら,康村
やすむら,保村
やすむろ,安室
やすもち,保持
やすもと,安元
やすもと,安泉
やすもと,安本
やすもと,康本
やすもと,保元
やすもと,保本
やすもり,安守
やすもり,安森
やすもり,安盛
やすもり,保森
やすもろ,安諸
やすや,安屋
やすやま,安山
やすやま,泰山
やすやま,保山
やすゆき,安行
やすよし,安吉
やすよし,安好
やすら,保良
やすらおか,安楽岡
やすらか,安良賀
やすわか,安若
やすわき,保脇
やすんば,休場
やず,谷津
やず,矢津
やず,矢頭
やずみ,八隅
やずみ,矢住
やせ,八瀬
やぜ,矢是
やそ,八十
やそ,矢三
やそおか,八十岡
やそかわ,八十川
やそがわ,八十川
やそぎ,八十木
やそしま,八十島
やそしま,八十嶋
やそじま,八十島
やそじま,八十嶋
やそずみ,八十住
やそだ,八十田
やそはち,八十八
やそはま,八十濱
やそはら,八十原
やた,谷田
やた,矢田
やたか,家高
やたか,谷高
やたか,八（はしご高）
やたか,矢高
やたがい,谷田貝
やたがい,八谷
やたがい,矢田貝
やたがい,矢田谷
やたがわ,谷田川
やたき,矢瀧
やたけ,矢竹
やたけ,矢武
やたざわ,谷田沢
やたて,矢立
やたに,八谷
やたに,弥谷
やたに,矢谷
やたの,八田野
やたば,八田羽
やたべ,谷田部
やたべ,谷田辺
やたべ,矢田部
やだ,屋田
やだ,箭田
やだ,矢田
やだい,矢代
やだか,家高
やだか,谷高
やだがい,八谷
やだけ,箭竹
やだけ,矢竹
やち,谷地
やち,谷内
やち,矢地
やちうね,谷地畝
やちえ,谷内江
やちく,八竹
やちぐさ,八千草
やちぐち,谷内口
やちご,八児
やちざか,谷内坂
やちした,谷内下
やちた,谷地田
やちた,谷内田
やちだ,谷地田
やちだ,谷内田
やちなか,谷地中
やちなか,萢中
やちむら,谷地村
やちもと,谷地元
やちよ,八千代
やつ,谷津
やつ,八津
やつい,谷井
やつい,八ツ井
やつい,八井
やつう,矢通
やつお,八ツ尾
やつお,八尾
やつおか,八岡
やつか,谷塚
やつか,八束
やつき,屋附
やつき,八槻
やつき,八木
やつぎ,八ツ木
やつぎ,矢次
やつしろ,八代
やつじ,八辻
やつだ,谷ッ田
やつだ,谷津田
やつだ,谷田
やつだ,八ツ田
やつだ,八田
やつづか,八（土へんに冢）
やつづか,八ッ塚
やつづか,八束
やつづか,八塚
やつど,八度
やつなみ,八波
やつなみ,八並
やつなみ,八浪
やつはし,八ッ橋
やつはし,八ツ橋
やつはし,八橋
やつばやし,八林
やつふさ,八房
やつふじ,八藤
やつぼし,八ッ星
やつみみ,八耳
やつもんじ,八文字
やつや,八谷
やつやく,八ッ役
やつやなぎ,八柳
やつり,八釣
やつるぎ,八剣
やつるぎ,八剱
やづ,谷津
やづ,矢津
やてはた,八手幡
やてまた,八手又
やてら,矢寺
やでら,矢寺
やと,谷戸
やと,矢戸
やといち,雇地
やとう,谷藤
やとう,八登
やとう,弥登
やとう,弥頭
やとう,矢藤
やとう,矢頭
やとうげ,八峠
やとうご,八藤後
やとうじ,八頭司
やとうまる,八藤丸
やとみ,弥富
やとみ,弥冨
やとみ,矢富
やとみ,矢冨
やとみ,彌冨
やとめ,矢留
やとも,八朝
やとり,矢取
やどいわ,宿岩
やどころ,谷所
やどひさ,宿久
やどまえ,宿前
やどみ,矢富
やどめ,矢留
やどもと,宿本
やどや,角屋
やどり,宿利
やどり,宿里
やどりはら,宿利原
やな,八名
やな,梁
やな,簗
やない,（木へんにタ卩）井
やない,（木へんにタ卩）内
やない,家内
やない,箭内
やない,谷内
やない,野内
やない,矢内
やない,柳井
やない,柳内
やない,楊井
やない,梁井
やないけ,屋名池
やないだ,柳井田
やないだに,柳井谷
やないはら,矢内原
やなうち,柳内
やなうら,柳浦
やなお,柳尾
やなおか,柳岡
やなか,屋仲
やなか,谷中
やなか,谷仲
やなか,矢中
やなか,矢仲
やなが,弥永
やなが,矢永
やなが,矢長
やながせ,柳ヶ瀬
やながせ,柳河瀬
やながつぼ,柳坪
やながわ,（木へんに夘）川
やながわ,川
やながわ,柳河
やながわ,柳川
やながわ,楊河
やながわ,梁川
やながわせ,柳川瀬
やなき,簗木
やなぎ,（木へんに夘）
やなぎ,柳
やなぎ,柳木
やなぎ,楊
やなぎい,柳井
やなぎうち,（木へんに夘）内
やなぎうち,柳内
やなぎえ,柳衛
やなぎかわ,柳川
やなぎくぼ,柳久保
やなぎぐち,柳口
やなぎさわ,（木へんに夘）沢
やなぎさわ,（木へんに夘）澤
やなぎさわ,柳沢
やなぎさわ,柳澤
やなぎさわ,椥澤
やなぎさわ,澤
やなぎした,柳下
やなぎしま,（木へんに夘）島
やなぎしま,柳島
やなぎしま,柳嶋
やなぎせ,柳瀬
やなぎそ,柳曽
やなぎた,（木へんに夘）田
やなぎた,柳田
やなぎたて,柳舘
やなぎたに,柳谷
やなぎだ,（木へんに夘）田
やなぎだ,柳田
やなぎだいら,柳平
やなぎだいら,栁平
やなぎだて,柳館
やなぎだて,柳舘
やなぎだに,柳谷
やなぎだれ,柳垂
やなぎつ,柳津
やなぎどう,柳堂
やなぎの,柳野
やなぎはし,柳橋
やなぎはし,楊箸
やなぎはら,（木へんに夘）原
やなぎはら,柳原
やなぎば,柳場
やなぎば,柳葉
やなぎばし,柳橋
やなぎばやし,柳林
やなぎほり,柳堀
やなぎほり,栁堀
やなぎぼり,柳堀
やなぎまち,（木へんに夘）町
やなぎまち,柳町
やなぎむら,（木へんに夘）村
やなぎむら,柳村
やなぎむら,栁村
やなぎもと,（木へんに却の去がタ）本
やなぎもと,柳元
やなぎもと,柳本
やなぎもり,柳森
やなぎや,柳屋
やなぎや,柳谷
やなぎやま,柳山
やなぎわら,柳原
やなぐいだ,柳杭田
やなごう,柳郷
やなざき,柳崎
やなした,柳下
やなしま,梁島
やなしま,簗島
やなじ,柳路
やなせ,（木へんに夘）瀬
やなせ,瀬
やなせ,矢那瀬
やなせ,柳瀬
やなせ,柳清
やなせ,梁瀬
やなせ,簗瀬
やなそ,柳曽
やなたけ,柳武
やなだ,家名田
やなだ,柳田
やなだ,梁田
やなだ,簗田
やなち,柳池
やなち,梁池
やなづめ,簗詰
やなとり,梁取
やなとり,簗取
やなどり,梁取
やなねぎ,山根木
やなはし,柳橋
やなば,簗場
やなひら,柳平
やなぶ,柳父
やなべ,矢鍋
やなべ,柳部
やなべ,簗部
やなほり,柳堀
やなみ,八浪
やなみ,矢浪
やなむら,柳村
やなもと,（さんずい＋刃の下に木）本
やなもと,柳本
やなもと,梁本
やなもり,柳森
やなり,屋成
やなり,家成
やなり,矢成
やなる,矢鳴
やぬき,矢貫
やぬま,矢沼
やね,屋根
やね,家根
やね,矢根
やねたに,家根谷
やねだ,屋根田
やの,箭野
やの,谷野
やの,弥野
やの,矢埜
やの,矢納
やの,矢能
やの,矢農
やの,矢野
やの,柳野
やの,箟
やのう,矢納
やのう,矢能
やのうら,矢ノ浦
やのお,矢野尾
やのくち,矢ノ口
やのくち,矢野口
やのくら,矢野倉
やのした,矢ノ下
やのと,矢野東
やのどう,矢野堂
やのね,矢ノ根
やのはら,矢野原
やのぶ,矢延
やのべ,矢延
やのほ,矢方
やのま,矢野間
やのめ,矢ノ目
やのめ,矢野目
やのもと,矢ノ本
やはぎ,谷萩
やはぎ,矢作
やはぎ,矢矧
やはぎ,矢萩
やはし,八橋
やはし,矢橋
やはた,八幡
やはた,八畑
やはた,八籏
やはた,矢羽田
やはた,矢幡
やはなし,矢放
やはの,矢羽野
やはば,矢羽々
やはば,矢幅
やはら,箭原
やはら,八原
やはら,矢原
やはり,矢張
やば,八馬
やば,矢羽
やば,矢場
やばし,矢橋
やばせ,矢橋
やばた,矢端
やばな,矢花
やばら,矢原
やひこざわ,八彦沢
やひこざわ,矢彦沢
やひさ,屋久
やひろ,宗正
やひろ,八尋
やびき,矢引
やびく,屋比久
やふそ,屋富祖
やふね,八舟
やぶ,屋部
やぶ,薮
やぶ,養父
やぶ,籔
やぶ,藪
やぶい,藪井
やぶうち,薮内
やぶうち,籔内
やぶうち,藪内
やぶうら,籔裏
やぶえ,薮江
やぶかみ,薮上
やぶき,屋葺
やぶき,箭吹
やぶき,八吹
やぶき,矢吹
やぶき,矢葺
やぶき,薮木
やぶき,藪亀
やぶき,藪木
やぶくち,薮口
やぶぐち,薮口
やぶさき,八武崎
やぶさき,薮崎
やぶさき,藪崎
やぶざき,藪嵜
やぶした,薮下
やぶした,籔下
やぶした,藪下
やぶた,薮田
やぶた,籔田
やぶた,藪田
やぶたに,薮谷
やぶたに,藪谷
やぶち,矢淵
やぶつじ,藪辻
やぶなか,薮中
やぶなか,藪中
やぶなが,藪長
やぶにし,藪西
やぶね,薮根
やぶね,籔根
やぶね,藪根
やぶの,薮野
やぶの,籔野
やぶの,藪野
やぶのうち,薮ノ内
やぶのうち,薮内
やぶのうち,薮之内
やぶのうち,籔ノ内
やぶのうち,藪ノ内
やぶはら,薮原
やぶみ,薮見
やぶもと,薮本
やぶもと,籔本
やぶもと,藪本
やぶや,藪谷
やぶわき,薮脇
やぶわき,籔脇
やべ,屋部
やべ,谷（部のおおざとへんが邑）
やべ,谷部
やべ,八戸
やべ,八部
やべ,矢部
やべ,矢辺
やべ,矢邊
やほこ,矢鉾
やま,山
やまあい,山合
やまあさ,山浅
やまあし,山足
やまい,山井
やまい,山居
やまいえ,山家
やまいし,山石
やまいずみ,山泉
やまいち,山一
やまいち,山市
やまいで,山出
やまいま,山今
やまうえ,山上
やまうち,山内
やまうつり,山移
やまうら,山浦
やまえ,山榮
やまお,山尾
やまお,山雄
やまおか,山岡
やまおき,山沖
やまおつ,山乙
やまおと,山音
やまおり,山折
やまか,山加
やまか,山香
やまかく,山角
やまかげ,山蔭
やまかげ,山陰
やまかげ,山影
やまかじ,山梶
やまかた,山形
やまかた,山肩
やまかた,山方
やまかつ,山勝
やまかど,山角
やまかど,山門
やまかべ,山壁
やまかみ,山上
やまかみ,山神
やまかわ,山河
やまかわ,山川
やまが,山家
やまが,山我
やまが,山賀
やまが,山鹿
やまがい,山貝
やまがき,山垣
やまがた,山形
やまがた,山県
やまがた,山肩
やまがた,山片
やまがた,山方
やまがた,山縣
やまがみ,山上
やまがみ,山神
やまがわ,山側
やまき,山岐
やまき,山木
やまき,山橲
やまき,八巻
やまき,八牧
やまき,八槙
やまき,八卷
やまき,八槇
やまき,矢牧
やまきた,山喜多
やまきた,山北
やまきた,山木田
やまきど,山木戸
やまきり,山切
やまぎし,山岸
やまぎわ,山極
やまぎわ,山際
やまく,山来
やまくち,山口
やまくに,山国
やまくに,山國
やまくび,山首
やまくら,山倉
やまくろ,山畔
やまぐち,山口
やまぐま,山隈
やまぐろ,山黒
やまこし,山越
やまこし,山腰
やまご,山子
やまごう,山郷
やまごえ,山越
やまごし,山越
やまさ,山佐
やまさか,山坂
やまさき,山（崎の大が立）
やまさき,山咲
やまさき,山崎
やまさき,山先
やまさき,山前
やまさき,山岬
やまさく,山作
やまさと,山里
やまさわ,山沢
やまさわ,山澤
やまざ,山座
やまざき,山（崎の大が立）
やまざき,山崎
やまざき,山碕
やまざき,山嵜
やまざと,山里
やまざわ,山沢
やまざわ,山澤
やましか,山鹿
やましき,山敷
やましき,山舗
やましげ,山重
やましげ,山菅
やました,山下
やましだ,山志田
やましだ,山信田
やましな,山科
やましな,山階
やましな,山品
やましの,山篠
やましま,山島
やましま,山嶋
やましろ,山城
やましろ,山代
やましろ,山白
やましろや,山城屋
やましろや,山代屋
やまじ,山司
やまじ,山次
やまじ,山地
やまじ,山道
やまじ,山路
やまじょう,山上
やまじょう,山丈
やまじょう,山條
やます,弥益
やますえ,山末
やますが,山菅
やますげ,山菅
やますじ,山筋
やますそ,山裾
やますだ,山須田
やますみ,山澄
やまずみ,山角
やまずみ,山住
やまずみ,山澄
やませ,山瀬
やませ,山勢
やませ,山生
やませき,山関
やまそ,山岨
やまそと,山外
やまそば,山岨
やまぞえ,山添
やまぞえ,山副
やまた,山多
やまたか,山（はしご高）
やまたか,山高
やまたき,山滝
やまたき,山瀧
やまたけ,山竹
やまたて,山楯
やまたに,山谷
やまたま,山玉
やまだ,山田
やまだ,矢満田
やまだい,山台
やまだいら,山平
やまだき,山抱
やまだしま,山田島
やまだて,山舘
やまだや,山田屋
やまち,山知
やまち,山地
やまち,八町
やまちか,山近
やまちょうし,山瓶子
やまちよ,山千代
やまぢ,山地
やまつ,山津
やまつ,八松
やまつか,山塚
やまつじ,山辻
やまつた,山蔦
やまて,山手
やまで,山出
やまでや,山出谷
やまでら,山寺
やまと,山戸
やまと,山登
やまと,大和
やまと,倭
やまとう,山藤
やまとぎ,山砥
やまとぎ,山磨
やまとく,山徳
やまとこ,山床
やまとだに,大和谷
やまとみ,山冨
やまとや,大和屋
やまとや,大和谷
やまど,山門
やまどり,山取
やまどり,山鳥
やまな,山名
やまなか,山中
やまなか,山仲
やまなかじま,山中島
やまなが,山永
やまなし,月見里
やまなし,山梨
やまなだ,山名田
やまなみ,山南
やまなみ,山並
やまなり,山成
やまにし,山西
やまぬし,山主
やまね,山音
やまね,山根
やまね,山子
やまねき,山根木
やまねざわ,山根澤
やまの,山埜
やまの,山野
やまのい,山ノ井
やまのい,山井
やまのい,山埜井
やまのい,山野井
やまのう,山納
やまのうえ,山之上
やまのうえ,山野上
やまのうち,山ノ内
やまのうち,山内
やまのうち,山之内
やまのうち,山野内
やまのかわ,山ノ川
やまのくち,山ノ口
やまのくち,山之口
やまのぐち,山ノ口
やまのぐち,山之口
やまのこし,山之腰
やまのした,山ノ下
やまのは,山ノ端
やまのは,山入端
やまのは,山之端
やまのべ,山延
やまのべ,山廼辺
やまのべ,山廼邉
やまのべ,山辺
やまのべ,山野辺
やまのべ,山野邊
やまのべ,山野邉
やまのべ,山邉
やまのめ,山野目
やまのもと,山之元
やまのもと,山野本
やまは,山羽
やまは,山葉
やまはし,山橋
やまはし,山端
やまはた,山端
やまはた,山幡
やまはた,山畑
やまはた,山畠
やまはつ,山初
やまはな,山花
やまはな,山端
やまはま,山濱
やまはら,山原
やまば,山羽
やまば,山場
やまばた,山端
やまばな,山端
やまばやし,山林
やまひゃく,山百
やまひら,山平
やまひろ,山広
やまひろ,山廣
やまび,山火
やまび,山日
やまふじ,山藤
やまぶき,山吹
やまぶし,山伏
やまぶち,山縁
やまぶち,山淵
やまぶろ,山風呂
やまべ,山部
やまべ,山辺
やまべ,山邊
やまべ,山邉
やまべり,山端
やまほ,山保
やまま,山間
やまます,山枡
やままつ,山松
やまみ,山見
やまみ,山美
やまみず,山水
やまみち,山道
やまみつ,山光
やまみや,山宮
やまむら,山村
やまむら,山邑
やまむろ,山室
やまもと,山元
やまもと,山本
やまもとや,山本屋
やまもり,山守
やまもり,山森
やまもり,山盛
やまや,山屋
やまや,山家
やまや,山谷
やまよし,山吉
やまり,山理
やまりく,山陸
やまりょう,山領
やまわき,山（脇の力が刀）
やまわき,山脇
やまわけ,山分
やまんた,矢満田
やみくも,闇雲
やむら,谷村
やむら,八村
やむら,矢村
やもおか,谷茂岡
やもち,矢持
やもと,屋本
やもと,谷許
やもと,八本
やもと,矢本
やもり,家守
やもり,家森
やもり,矢守
やもり,矢森
やもり,矢盛
やや,谷々
やや,谷谷
ややま,屋山
ややま,矢山
ややま,彌山
やよい,弥生
やよう,矢用
やよし,弥吉
やよた,八代田
やら,屋良
やらい,矢来
やりい,鎗井
やりき,槍木
やりた,遣田
やりた,鎗田
やりた,鑓田
やりみず,鎗水
やりみず,鑓水
やりめ,鎗目
やわか,八若
やわた,八幡
やわた,八和田
やわた,矢幡
やわた,矢和多
やわた,矢和田
やわだ,屋和田
やん,楊
やんない,箭内
やんべ,山家
ゆあさ,岩佐
ゆあさ,湯浅
ゆあさ,湯朝
ゆあさ,湯淺
ゆあさ,油浅
ゆあさ,由浅
ゆい,湯井
ゆい,油井
ゆい,由井
ゆい,由比
ゆいがはま,由比ヶ浜
ゆいずみ,湯泉
ゆいぜ,唯是
ゆいぞの,由井薗
ゆいた,結田
ゆいなわ,結縄
ゆいの,結野
ゆいやま,唯山
ゆう,湯
ゆう,夕
ゆう,兪
ゆうい,勇伊
ゆうえん,結縁
ゆうおか,祐岡
ゆうかね,勇金
ゆうかわ,夕川
ゆうがみ,勇上
ゆうき,結城
ゆうき,行木
ゆうき,湯城
ゆうき,油木
ゆうき,柚木
ゆうき,由木
ゆうき,祐木
ゆうき,遊喜
ゆうき,遊亀
ゆうくら,有倉
ゆうげん,祐源
ゆうさく,遊作
ゆうざ,遊坐
ゆうざ,遊座
ゆうざき,勇（崎の大が立）
ゆうざき,勇崎
ゆうじま,夕島
ゆうじょうぼう,祐乗坊
ゆうせき,油石
ゆうた,夕田
ゆうだ,祐田
ゆうだ,遊田
ゆうちょう,遊長
ゆうどう,有働
ゆうどう,遊道
ゆうないやま,勇内山
ゆうのき,柚ノ木
ゆうのき,柚木
ゆうはく,祐伯
ゆうはし,遊橋
ゆうば,弓場
ゆうひら,柚平
ゆうぼく,柚木
ゆうま,遊間
ゆうま,遊磨
ゆうみ,勇海
ゆうむかい,夕向
ゆうむら,祐村
ゆうめい,猶明
ゆうめん,宥免
ゆうめん,遊免
ゆうら,湯浦
ゆうら,油浦
ゆお,湯尾
ゆお,祐尾
ゆかみ,由上
ゆかみ,遊上
ゆかり,弓狩
ゆかわ,湯川
ゆかわ,遊川
ゆが,柚賀
ゆがみ,湯上
ゆがみ,油上
ゆがみだに,湯上谷
ゆがり,弓狩
ゆがわ,温川
ゆがわ,湯川
ゆき,幸
ゆき,雪
ゆき,湯木
ゆき,油木
ゆき,柚木
ゆき,由岐
ゆき,由木
ゆきい,雪井
ゆきいり,雪入
ゆきうら,雪浦
ゆきえ,雪江
ゆきおか,幸岡
ゆきおか,行岡
ゆきおか,雪岡
ゆきかた,行方
ゆきかど,由喜門
ゆきがい,行貝
ゆきさだ,行貞
ゆきさだ,行定
ゆきさわ,行澤
ゆきざき,柚木崎
ゆきざね,行実
ゆきざね,行實
ゆきざわ,幸澤
ゆきざわ,行沢
ゆきざわ,行澤
ゆきざわ,雪沢
ゆきしげ,幸重
ゆきした,幸下
ゆきした,雪下
ゆきしま,雪島
ゆきしま,雪嶋
ゆきぞの,柚木園
ゆきた,幸田
ゆきた,行田
ゆきた,雪田
ゆきた,油木田
ゆきたけ,行武
ゆきたけ,雪竹
ゆきたに,雪谷
ゆきだ,行田
ゆきづか,雪塚
ゆきとき,行時
ゆきとし,行俊
ゆきとし,行年
ゆきとみ,雪冨
ゆきとも,行友
ゆきなが,幸長
ゆきなが,雪永
ゆきなり,行成
ゆきなわ,行縄
ゆきの,幸野
ゆきの,行野
ゆきの,雪野
ゆきのり,行則
ゆきひら,行平
ゆきひら,雪平
ゆきひろ,行廣
ゆきふじ,行藤
ゆきふね,行船
ゆきまさ,行政
ゆきまさ,行正
ゆきまち,行待
ゆきまつ,幸松
ゆきまつ,行松
ゆきまつ,行枩
ゆきまつ,雪松
ゆきまる,雪丸
ゆきみち,幸道
ゆきみつ,行光
ゆきむね,行旨
ゆきむね,行宗
ゆきむら,幸村
ゆきむら,行村
ゆきむら,雪村
ゆきむろ,雪室
ゆきもと,幸本
ゆきもと,行元
ゆきもと,行本
ゆきもと,雪本
ゆきもり,行森
ゆきや,行谷
ゆきやす,行安
ゆきやま,行山
ゆきやま,雪山
ゆきやま,柚木山
ゆきよし,行吉
ゆきよし,雪吉
ゆきわき,柚木脇
ゆぎ,湯木
ゆぎ,由木
ゆくしげ,行重
ゆくたけ,行竹
ゆくたけ,行武
ゆくとも,行友
ゆくひろ,行弘
ゆくぼ,湯窪
ゆくみ,湯汲
ゆくもと,行本
ゆくよし,行吉
ゆぐち,湯口
ゆぐち,湧口
ゆげ,弓削
ゆげ,由家
ゆげ,由解
ゆげた,弓削田
ゆげるい,弓削類
ゆさ,湯佐
ゆさ,由佐
ゆさ,遊佐
ゆさか,湯坂
ゆさか,湯阪
ゆさわ,湯沢
ゆざ,湯坐
ゆざ,湯座
ゆざ,油座
ゆざ,遊座
ゆざき,湯崎
ゆざき,柚
ゆざき,柚（崎の大が立）
ゆざき,柚崎
ゆざと,湯里
ゆざわ,湯沢
ゆざわ,湯澤
ゆざわ,遊沢
ゆざわ,遊澤
ゆした,湯下
ゆしな,油科
ゆじ,湯治
ゆじ,湯地
ゆじり,湯尻
ゆす,柚須
ゆすき,檮木
ゆすはら,梼原
ゆすやま,梼山
ゆすやま,檮山
ゆず,油津
ゆずき,柚木
ゆずはな,柚花
ゆずはら,柚原
ゆずり,譲
ゆずり,禅
ゆずり,楪
ゆずりは,杠
ゆずりは,楪
ゆずりは,楪葉
ゆずりはら,譲原
ゆせ,湯瀬
ゆぜ,湯瀬
ゆた,湯田
ゆた,油田
ゆたか,豊
ゆたか,豐
ゆたに,湯谷
ゆたに,油谷
ゆたに,由谷
ゆだ,湯田
ゆだ,油田
ゆだかさ,湯田坂
ゆださか,湯田坂
ゆだて,弓館
ゆだて,弓達
ゆだて,弓立
ゆだに,湯谷
ゆだひら,湯田平
ゆち,湯地
ゆち,由地
ゆぢ,湯地
ゆぢ,由地
ゆつどう,湯通堂
ゆづ,油津
ゆとう,湯藤
ゆとう,由藤
ゆとく,湯徳
ゆど,湯戸
ゆなか,湯中
ゆなもち,弓納持
ゆの,湯野
ゆの,油野
ゆのう,油納
ゆのうえ,湯上
ゆのうえ,湯之上
ゆのえ,湯上
ゆのかわ,温泉川
ゆのかわ,湯野川
ゆのがみ,湯之上
ゆのき,柚木
ゆのきぞの,柚木園
ゆのくち,湯ノ口
ゆのぐち,湯ノ口
ゆのさこ,湯ノ迫
ゆのざわ,湯野澤
ゆのした,湯下
ゆのたに,湯ノ谷
ゆのはら,湯之原
ゆのはら,柚之原
ゆのむら,柚村
ゆのめ,湯目
ゆはし,湯橋
ゆはし,油橋
ゆはず,弓巾
ゆはら,湯原
ゆはら,油原
ゆはら,柚原
ゆば,弓場
ゆば,弓庭
ゆば,湯場
ゆばい,弓場井
ゆばし,油橋
ゆばら,湯原
ゆひ,由比
ゆひはま,由比浜
ゆびすい,指吸
ゆふ,油布
ゆふ,由布
ゆふね,湯舟
ゆぶた,湯葢
ゆぶね,湯舟
ゆまえ,湯前
ゆみ,弓
ゆみおか,弓岡
ゆみかけ,弓掛
ゆみきだ,弓木田
ゆみくら,弓倉
ゆみげた,弓桁
ゆみさき,弓崎
ゆみさし,弓指
ゆみざ,弓座
ゆみざき,弓崎
ゆみた,弓田
ゆみたて,弓立
ゆみたに,弓谷
ゆみだて,弓達
ゆみと,弓戸
ゆみとり,弓取
ゆみなか,弓仲
ゆみなが,弓長
ゆみなみ,弓波
ゆみなもち,弓納持
ゆみの,弓野
ゆみはら,弓原
ゆみば,弓場
ゆみべ,弓部
ゆみもと,弓本
ゆみや,弓谷
ゆみや,弓矢
ゆみやま,弓山
ゆむら,湯村
ゆめでら,夢寺
ゆもと,湯元
ゆもと,湯本
ゆもと,油本
ゆもと,柚本
ゆもと,由本
ゆや,湯屋
ゆや,油谷
ゆやま,湯山
ゆやま,柚山
ゆら,由良
ゆらの,由良野
ゆり,百合
ゆり,油利
ゆり,由利
ゆり,由里
ゆりえ,淘江
ゆりおか,百合岡
ゆりかわ,百合川
ゆりくさ,百合草
ゆりた,百合田
ゆりの,百合野
ゆりもと,百合本
ゆりもと,由里本
ゆりもと,圦本
ゆるえ,淘江
ゆるえ,陶江
ゆるか,緩鹿
ゆるき,汰木
ゆるき,柚留木
ゆるぎ,万木
ゆるぎ,由留木
ゆるぎ,萬木
ゆるし,免
ゆるづめ,緩詰
ゆわき,湯脇
ゆんべ,弓部
よあけ,夜明
よい,宵
よいち,世一
よいち,代市
よいなら,四十八願
よいなら,四十八頭
よう,楊
よう,葉
よう,陽
よういね,用稲
ようかい,用皆
ようかい,要堺
ようかいちや,八日市屋
ようかいちや,八日市谷
ようかわ,陽川
ようがい,容貝
ようがい,用貝
ようがい,用害
ようがい,要害
ようがきうち,要垣内
ようぎ,要木
ようこう,影向
ようご,余戸
ようじ,楊枝
ようじま,要島
ようすい,用水
ようそ,養祖
ようだ,用田
ようだ,要田
ようだ,陽田
ようだ,養田
ようち,遥地
ようつ,要津
ようとう,要藤
ようど,要土
ようどう,要藤
ようどう,養道
ようはた,養畑
ようふ,養父
ようふくじ,要福地
ようぼ,養母
ようむら,用村
ようめい,要明
ようやま,陽山
ようろう,養老
よえだ,四重田
よおだ,養王田
よかた,四方
よかど,世門
よかわ,宜川
よかわ,余川
よかわ,与河
よかわ,與川
よがた,與賀田
よきしお,能塩
よきたに,斧谷
よぎ,与儀
よぎ,與儀
よぎあし,過足
よぎた,余喜多
よくだ,輿久田
よくに,与国
よくぼ,餘久保
よくもと,浴本
よくら,与倉
よくら,與倉
よぐち,与口
よぐち,與口
よけの,除野
よけむら,除村
よこ,横
よこあじろ,横網代
よこい,横井
よこいえ,横家
よこいがわ,横井川
よこいし,横石
よこいち,横市
よこいない,横井内
よこいやま,横井山
よこいわ,横岩
よこうだ,代高田
よこうち,横打
よこうち,横内
よこえ,横江
よこお,横尾
よこおおじ,横大路
よこかわ,横川
よこがき,横垣
よこがけ,横欠
よこがみ,横上
よこがわ,横河
よこがわ,横川
よこき,横木
よこぎ,横木
よこぎしざわ,横岸澤
よこくぼ,横久保
よこくめ,横粂
よこくら,横倉
よこぐし,横串
よここうじ,横小路
よこごし,横越
よこさか,横坂
よこさき,横崎
よこさわ,横沢
よこさわ,横澤
よこざき,横崎
よこざわ,横沢
よこざわ,横澤
よこし,余越
よこしき,横式
よこしげ,横繁
よこしま,横島
よこじま,横島
よこじま,横嶋
よこす,横州
よこす,横洲
よこすか,横須賀
よこすが,横須賀
よこせ,横瀬
よこせき,横関
よこぜき,横関
よこた,横田
よこた,与古田
よこた,與古田
よこた,與小田
よこたがわ,横田川
よこたに,横谷
よこだ,与世田
よこだ,與古田
よこだて,横舘
よこち,横地
よこちょう,横丁
よこぢ,横地
よこつか,横（土へんに冢）
よこつか,横塚
よこつじ,横辻
よこづか,横塚
よこて,横手
よこで,横出
よこと,横戸
よことび,横飛
よこにし,横西
よこぬま,横沼
よこの,横野
よこは,横羽
よこは,横葉
よこはぎ,横萩
よこはし,横橋
よこはた,横畑
よこはた,横畠
よこはま,横浜
よこはま,横濱
よこはら,横原
よこはり,横張
よこば,横場
よこばたけ,横畠
よこばやし,横林
よこひら,横平
よこふじた,横藤田
よこべ,横部
よこほり,横堀
よこぼり,横堀
よこまえ,横前
よこまく,横幕
よこまくら,横枕
よこまち,横町
よこまつ,横松
よこみ,横見
よこみせ,横見瀬
よこみぞ,横溝
よこみち,横道
よこみち,横路
よこみつ,横光
よこみつ,横満
よこみつ,與古光
よこみね,横峯
よこむら,横村
よこむろ,横室
よこもと,横本
よこもり,横森
よこや,横屋
よこや,横家
よこや,横谷
よこや,横矢
よこやしき,横屋敷
よこやま,横山
よこゆ,横湯
よころ,横路
よころ,余頃
よこわたり,横渡
よこを,横尾
よご,余湖
よご,余吾
よご,余語
よご,与後
よご,与語
よご,與語
よご,餘吾
よごう,余郷
よごさわ,与五沢
よごろ,余頃
よさの,与謝野
よさの,與三野
よさの,與謝野
よざ,余座
よざ,与座
よざ,與座
よざわ,与沢
よし,佳
よし,義
よし,吉
よし,由
よし,良
よしあき,吉秋
よしあさ,吉朝
よしあら,吉荒
よしあら,吉新
よしい,（吉の士が土）井
よしい,（吉の士が土）居
よしい,義井
よしい,吉ヰ
よしい,吉伊
よしい,吉位
よしい,吉井
よしい,吉居
よしい,好井
よしい,香井
よしい,芳井
よしい,由井
よしい,良井
よしいえ,（吉の士が土）家
よしいえ,義家
よしいえ,吉家
よしいけ,（吉の士が土）池
よしいけ,吉池
よしいけ,芳池
よしいけ,由池
よしいずみ,吉泉
よしいり,義煎
よしいわ,吉岩
よしうち,吉内
よしうち,芳内
よしうら,（吉の士が土）浦
よしうら,義浦
よしうら,吉浦
よしえ,（吉の士が土）江
よしえ,義江
よしえ,吉江
よしえ,吉枝
よしえ,葭江
よしお,（吉の士が土）雄
よしお,吉尾
よしお,吉雄
よしお,芳尾
よしお,由雄
よしおか,（吉の士が土）岡
よしおか,（日へんに童）岡
よしおか,芦岡
よしおか,喜岡
よしおか,義岡
よしおか,吉岡
よしおか,好岡
よしおか,善岡
よしおか,能岡
よしおか,芳岡
よしおか,葭岡
よしおき,吉沖
よしか,吉賀
よしか,吉鹿
よしかい,（吉の士が土）海
よしかい,吉戒
よしかい,吉海
よしかい,吉開
よしかい,吉貝
よしかえ,（吉の士が土）加江
よしかた,吉形
よしかた,吉方
よしかど,（吉の士が土）門
よしかど,吉門
よしかね,吉金
よしかね,吉兼
よしかね,芳鐘
よしかわ,（吉の士が土）川
よしかわ,嘉川
よしかわ,義川
よしかわ,吉河
よしかわ,吉川
よしかわ,好川
よしかわ,芳川
よしかわ,由川
よしかわ,良川
よしが,（吉の士が土）賀
よしが,吉賀
よしがい,（吉の士が土）開
よしがい,吉海
よしがい,吉開
よしがい,吉谷
よしがいと,吉垣内
よしがえ,吉ヶ江
よしがき,吉垣
よしがき,芳垣
よしがさこ,芳ヶ迫
よしがはら,芦ケ原
よしがみ,吉上
よしがみ,由上
よしき,（吉の士が土）岐
よしき,（吉の士が土）識
よしき,吉岐
よしき,吉貴
よしき,吉識
よしき,吉城
よしき,吉敷
よしき,吉舗
よしき,吉木
よしき,好城
よしぎ,吉儀
よしぎわ,吉際
よしくに,（吉の士が土）国
よしくに,義國
よしくに,吉国
よしくに,吉國
よしくに,善國
よしくぼ,吉久保
よしくら,吉倉
よしくら,芳倉
よしぐち,吉口
よしこ,吉子
よしこし,（吉の士が土）越
よしこし,吉越
よしごう,吉郷
よしごえ,（吉の士が土）越
よしごえ,吉越
よしさか,吉坂
よしさき,吉崎
よしさこ,吉迫
よしさわ,吉澤
よしざか,吉阪
よしざき,吉
よしざき,吉（崎の大が立）
よしざき,吉崎
よしざき,由崎
よしざこ,吉廻
よしざこ,吉迫
よしざと,吉里
よしざね,（吉の士が土）実
よしざね,吉実
よしざね,吉真
よしざね,吉眞
よしざわ,（吉の士が土）沢
よしざわ,（吉の士が土）澤
よしざわ,義澤
よしざわ,吉（白の下に大）
よしざわ,吉沢
よしざわ,吉澤
よしざわ,芳沢
よしざわ,芳澤
よしざわ,由沢
よしざわ,由澤
よししげ,吉重
よしじ,吉治
よしじま,吉島
よしじま,吉嶋
よしすえ,吉末
よしず,吉津
よしず,芳須
よしずえ,吉末
よしずみ,（吉の士が土）住
よしずみ,義積
よしずみ,吉住
よしずみ,吉澄
よしずみ,吉栖
よしずみ,吉積
よしずみ,善住
よしずみ,善積
よしずみ,芳住
よしせ,吉瀬
よしぞえ,吉添
よしぞえ,美添
よしぞの,吉薗
よした,吉多
よした,吉田
よしたか,吉高
よしたか,吉鷹
よしたき,吉滝
よしたき,吉瀧
よしたき,芳滝
よしたけ,（吉の士が土）竹
よしたけ,（吉の士が土）武
よしたけ,吉竹
よしたけ,吉武
よしたけ,芳武
よしたに,吉谷
よしたに,芳谷
よしたに,由谷
よしたに,葭谷
よしたね,吉種
よしたま,吉玉
よしだ,（吉の士が土）田
よしだ,（日へんに童）田
よしだ,義田
よしだ,吉田
よしだ,好多
よしだ,好田
よしだ,芳田
よしだ,由多
よしだ,由田
よしだ,与四田
よしだ,葭田
よしだか,吉高
よしつ,吉津
よしつぐ,吉次
よしつね,義常
よしつる,吉鶴
よしづ,吉津
よしづか,（吉の士が土）（土へんに冢）
よしづか,吉（土へんに冢）
よしづか,吉塚
よしづか,良塚
よしづみ,義積
よしづみ,吉積
よしづみ,善積
よしと,吉戸
よしとう,（吉の士が土）藤
よしとう,吉藤
よしとし,吉利
よしとみ,（吉の士が土）富
よしとみ,吉富
よしとみ,吉冨
よしとめ,（吉の士が土）留
よしとめ,吉留
よしとも,吉友
よしともこう,吉友高
よしど,吉度
よしどみ,吉富
よしどみ,吉冨
よしどめ,吉冨
よしどめ,吉留
よしな,吉名
よしな,與品
よしなか,吉中
よしなか,吉仲
よしなか,芳中
よしなか,芳仲
よしなか,葭中
よしなか,葭仲
よしなが,（吉の士が土）長
よしなが,義永
よしなが,吉永
よしなが,吉長
よしなが,好永
よしなが,好長
よしなが,良永
よしなみ,吉浪
よしなみ,善浪
よしなみ,由浪
よしなり,（吉の士が土）成
よしなり,吉成
よしなれ,吉馴
よしぬま,吉沼
よしね,吉根
よしの,（吉の士が土）野
よしの,嘉野
よしの,義野
よしの,吉能
よしの,吉野
よしの,好野
よしの,芳野
よしのうち,吉野内
よしのうち,芳ノ内
よしのうち,芳之内
よしのその,吉ノ薗
よしのたに,吉野谷
よしのぶ,吉延
よしのぶ,吉信
よしのぶ,芳信
よしのや,吉野谷
よしのり,義則
よしはし,（吉の士が土）橋
よしはし,吉橋
よしはた,吉畑
よしはま,吉浜
よしはま,吉濱
よしはら,（吉の士が土）原
よしはら,嘉原
よしはら,義原
よしはら,吉原
よしはら,芳原
よしはら,良原
よしはら,葭原
よしば,（吉の士が土）羽
よしば,吉羽
よしば,吉柴
よしば,吉波
よしば,吉葉
よしば,与芝
よしば,與芝
よしば,葭葉
よしばやし,吉林
よしひ,吉日
よしひさ,（吉の士が土）久
よしひさ,義久
よしひさ,吉久
よしひさ,好川
よしひら,義平
よしひら,吉平
よしひろ,吉広
よしひろ,吉弘
よしひろ,吉廣
よしひろ,好廣
よしふ,吉府
よしふく,吉福
よしふさ,（吉の士が土）房
よしふさ,吉房
よしふじ,吉藤
よしべ,珍部
よしま,余島
よしまさ,義政
よしまさ,吉政
よします,（吉の士が土）益
よします,（吉の士が土）増
よします,吉益
よします,吉増
よしまた,吉俣
よしまち,吉町
よしまつ,（吉の士が土）松
よしまつ,吉松
よしまる,吉丸
よしみ,（吉の士が土）見
よしみ,義見
よしみ,吉見
よしみ,吉美
よしみ,好美
よしみ,由見
よしみず,吉水
よしみず,由水
よしみち,（吉の士が土）道
よしみち,吉道
よしみつ,吉光
よしみつ,吉満
よしみつ,好光
よしみね,吉峰
よしみね,吉峯
よしみね,吉嶺
よしみね,良峰
よしみね,良峯
よしみや,吉宮
よしむた,吉牟田
よしむね,吉宗
よしむら,（吉の士が土）村
よしむら,嘉村
よしむら,義村
よしむら,吉村
よしむら,吉邨
よしむら,好村
よしむら,善村
よしむら,芳村
よしむら,由村
よしむら,余志村
よしむら,良村
よしむら,葭村
よしむろ,吉室
よしめ,嘉目
よしめん,吉免
よしも,善最
よしもち,吉用
よしもと,（吉の士が土）道
よしもと,（吉の士が土）本
よしもと,義基
よしもと,義本
よしもと,吉元
よしもと,吉本
よしもと,好本
よしもと,善元
よしもと,善本
よしもと,芳本
よしもと,由元
よしもと,由本
よしもと,良元
よしもと,霊元
よしもと,葭本
よしもとこう,吉友高
よしもり,（吉の士が土）森
よしもり,義盛
よしもり,吉森
よしもり,吉盛
よしもり,芳森
よしもり,葭森
よしや,吉屋
よしや,吉谷
よしや,吉矢
よしや,葭矢
よしやがわ,吉谷川
よしやす,吉安
よしやす,葭安
よしやち,吉谷地
よしやま,（吉の士が土）山
よしやま,佳山
よしやま,義山
よしやま,吉山
よしやま,慶山
よしやま,芳山
よしやま,由山
よしやま,霊山
よしやま,愿山
よしやま,葭山
よしゆき,吉行
よしらく,（吉の士が土）楽
よしわ,吉輪
よしわ,吉和
よしわか,義若
よしわだ,吉和田
よしわら,吉原
よじま,与島
よじま,與島
よじょう,四條
よすえ,代居
よずえ,代末
よせかわ,寄川
よせだ,与世田
よせだ,與世田
よせもり,寄森
よせやま,与世山
よそい,興曽井
よそい,與曽井
よそづか,四十塚
よそみや,四十宮
よたがいと,與多垣内
よたに,余谷
よたに,与谷
よたに,與谷
よたぶん,余多分
よたぶん,餘多分
よだ,依田
よだ,世田
よだ,代田
よだ,余田
よだ,与田
よだ,與田
よだわら,世俵
よち,余地
よっか,四日
よっかいち,四日市
よつ,四津
よつい,四ッ井
よつい,四ツ井
よつい,四維
よつい,四井
よつい,四津井
よつかわ,四津川
よつぎ,四木
よつぎ,代継
よつくら,四ツ倉
よつくら,四倉
よつしま,四ッ島
よつしま,四ツ嶋
よつじ,四辻
よつたに,四ッ谷
よつたに,四ツ谷
よつたに,四津谷
よつだ,四ツ田
よつだ,四田
よつつじ,四辻
よつづか,四塚
よつのや,乗
よつはし,四ツ橋
よつはし,四橋
よつめ,四ツ目
よつもと,四元
よつもと,四本
よつや,四ッ谷
よつや,四ツ谷
よつや,四家
よつや,四谷
よつや,四津谷
よつやく,四役
よつやなぎ,四ッ柳
よつやなぎ,四ツ柳
よつやなぎ,四柳
よづ,四津
よでん,余田
よでん,余傳
よでん,与田
よでん,與田
よと,世登
よとりやま,世取山
よど,淀
よどい,淀井
よどえ,淀江
よどかわ,淀川
よどがわ,淀川
よどぎし,四戸岸
よどし,吉年
よどたに,淀谷
よどなわ,淀縄
よどの,淀野
よどや,淀谷
よな,与那
よない,米内
よないやま,米内山
よなが,世永
よなが,代永
よなが,代長
よなご,米子
よなしろ,世名城
よなしろ,与那城
よなしろ,與那城
よなは,与那覇
よなは,與那覇
よなはら,與那原
よなみ,世波
よなみね,与那嶺
よなみね,與那嶺
よなもと,米本
よなもと,要名本
よなもと,與名本
よなやま,米内山
よなわ,與縄
よにし,余西
よね,米
よねい,米井
よねいち,米一
よねいま,米今
よねおか,米岡
よねおか,米丘
よねか,米花
よねかね,米金
よねかわ,米川
よねき,米城
よねき,米木
よねきた,米北
よねくぼ,米久保
よねくぼ,米窪
よねくら,米倉
よねくら,米蔵
よねぐち,米口
よねさか,米坂
よねさき,米崎
よねさと,米里
よねざき,米崎
よねざと,米里
よねざわ,米沢
よねざわ,米澤
よねしげ,米重
よねしま,米島
よねしま,米嶌
よねじ,米司
よねじま,米島
よねじま,米嶋
よねす,米須
よねず,米津
よねせ,米勢
よねた,米田
よねたけ,米嵩
よねたけ,米竹
よねたに,米谷
よねたまり,米玉利
よねだ,米多
よねだ,米陀
よねだ,米田
よねだ,米夛
よねち,米地
よねつ,米津
よねづ,米津
よねづか,米塚
よねとく,米徳
よねなか,米中
よねなが,米永
よねなが,米長
よねなみ,米波
よねの,米野
よねのい,米ノ井
よねのぶ,米延
よねはた,米畑
よねはな,米花
よねはま,米浜
よねはま,米濱
よねはら,米原
よねばく,米麦
よねばやし,米林
よねばら,米原
よねまさ,米正
よねます,米益
よねます,米増
よねます,米桝
よねまる,米丸
よねみち,米道
よねみつ,米光
よねみつ,米満
よねむら,米村
よねめ,米女
よねもち,米持
よねもと,米元
よねもと,米本
よねもり,米森
よねもり,米盛
よねや,米屋
よねや,米家
よねや,米谷
よねやま,米山
よねよし,米由
よの,夜野
よの,余野
よの,与野
よのいち,世ノ一
よのう,米納
よのき,余野木
よのした,世ノ下
よのべ,余野部
よのもと,与能本
よのもと,與能本
よは,与羽
よばた,與畑
よびこ,呼子
よびた,喚田
よびやま,喚山
よぶこ,呼子
よへな,饒平名
よへん,饒辺
よませ,世間瀬
よみや,余宮
よみやま,読谷山
よむら,余村
よめがね,嫁兼
よも,四方
よもぎ,蓬
よもぎさわ,蓬澤
よもぎざわ,蓬沢
よもぎた,蓬田
よもぎだ,蓬田
よもぎだ,蓮田
よもぎはた,蓬畑
よもさ,右衛門佐
よもた,四方田
よもだ,四方田
よもの,四茂野
よもや,四方谷
よもり,世森
よやす,世安
よやす,與安
よら,与良
よら,與良
より,頼
よりい,寄井
よりえ,寄江
よりお,寄尾
よりおか,依岡
よりおか,頼岡
よりかわ,寄川
よりがみ,寄神
よりき,寄木
よりくに,寄国
よりぐち,寄口
よりざね,頼実
よりしげ,頼重
よりすえ,頼末
よりずみ,頼住
よりた,依田
よりた,寄田
よりた,頼田
よりたか,寄高
よりたか,頼高
よりたか,頼尊
よりちか,頼近
よりつね,頼経
よりとみ,頼富
よりとも,頼朝
よりなか,頼仲
よりなが,頼永
よりの,従野
よりの,頼野
よりの,餘利野
よりのり,頼則
よりひさ,頼久
よりひろ,頼広
よりひろ,頼廣
よりふじ,依藤
よりふじ,寄藤
よりふじ,頼藤
よりまさ,頼正
よりまつ,頼松
よりみつ,依光
よりもち,寄持
よりもと,寄元
よりもと,寄本
よりもと,頼本
よりや,頼谷
よりやす,寄保
よろい,鎧
よろい,萬井
よろいづか,鎧塚
よろず,万
よろず,萬
よろずい,万井
よろずや,萬屋
よろずや,萬家
よろずや,萬谷
よろずや,萬矢
よろづ,萬